"featureFlag","name","alias","priority","radioDisplayName","team","radioIntercept","vduVideo","dialogue","bucket","note"
"xx","Host_IntroChampion_01_01","diag_ap_ainotify_introchampion_01_01",0,"#HOST_AI","TEAM_MILITIA",false,"","This is your champion","INTRO_CHAMPION_CARD",""
"xx","Host_IntroChampion_01_02","diag_ap_ainotify_introchampion_01_02",0,"#HOST_AI","TEAM_MILITIA",false,"","This is your champion","INTRO_CHAMPION_CARD",""
"xx","Host_IntroChampion_02_01","diag_ap_ainotify_introchampion_02_01",0,"#HOST_AI","TEAM_MILITIA",false,"","Introducing your champion","INTRO_CHAMPION_CARD",""
"xx","Host_IntroChampion_02_02","diag_ap_ainotify_introchampion_02_02",0,"#HOST_AI","TEAM_MILITIA",false,"","Introducing your champion","INTRO_CHAMPION_CARD",""
"xx","","",0,"","",false,"","","",""
"xx","Host_AI_CircleMoving_01","diag_ap_aiNotify_circleMoving_01",0,"#HOST_AI","TEAM_MILITIA",false,"","Warning: Circle movement in progress.","CIRCLE_MOVING","Circle Moving"
"xx","Host_AI_CircleMoving_02","diag_ap_aiNotify_circleMoving_02",0,"#HOST_AI","TEAM_MILITIA",false,"","Warning: Circle closing.","CIRCLE_MOVING","Circle Moving"
"xx","Host_AI_FinalCircleMoving_01","diag_ap_aiNotify_circleMovingFinal_01",0,"#HOST_AI","TEAM_MILITIA",false,"","Warning: Final circle movement in progress.","FINAL_CIRCLE_MOVING","Final Circle Moving"
"xx","Host_AI_FinalCircleMoving_02","diag_ap_aiNotify_circleMovingFinal_02",0,"#HOST_AI","TEAM_MILITIA",false,"","Warning: Final circle closing.","FINAL_CIRCLE_MOVING","Final Circle Moving"
"xx","Host_AI_CircleClosingToNothing_01","diag_ap_aiNotify_circleClosingFinal_01",0,"#HOST_AI","TEAM_MILITIA",false,"","Warning: Circle closing completely.","CIRCLE_CLOSING_TO_NOTHING","Circle Closing To Nothing"
"xx","Host_AI_CircleClosingToNothing_02","diag_ap_aiNotify_circleClosingFinal_02",0,"#HOST_AI","TEAM_MILITIA",false,"","Warning: Circle nearing completion.","CIRCLE_CLOSING_TO_NOTHING","Circle Closing To Nothing"
"xx","Host_AI_CarePackage_01","diag_ap_aiNotify_droppingCarePack_01",0,"#HOST_AI","TEAM_MILITIA",false,"","Care package being delivered.","CARE_PACKAGE_DROPPING","Care Package Dropping"
"xx","Host_AI_CarePackage_02","diag_ap_aiNotify_droppingCarePack_02",0,"#HOST_AI","TEAM_MILITIA",false,"","Attention: Delivering care package.","CARE_PACKAGE_DROPPING","Care Package Dropping"
"xx","Host_AI_HoverTank","diag_ap_aiNotify_supplyShip",0,"#HOST_AI","TEAM_MILITIA",false,"","Attention: Supply ship inbound","HOVER_TANK_INBOUND","Hover tanks flying in"
"xx","Host_AI_Winner_01","diag_ap_aiNotify_winnerFound_01",0,"#HOST_AI","TEAM_MILITIA",false,"","Attention: Winner decided.","WINNER","Winner"
"xx","Host_AI_Winner_02","diag_ap_aiNotify_winnerFound_02",0,"#HOST_AI","TEAM_MILITIA",false,"","A winner has been appointed.","WINNER","Winner"
"xx","Host_AI_Winner_03","diag_ap_aiNotify_winnerFound_03",0,"#HOST_AI","TEAM_MILITIA",false,"","Winner!.","WINNER","Winner"
"xx","Host_AI_ChampionEliminated_01","diag_ap_aiNotify_championEliminated_01",0,"#HOST_AI","TEAM_MILITIA",false,"","Champion eliminated.","CHAMPION_ELIMINATED","Champion Eliminated"
"xx","Host_AI_ChampionEliminated_02","diag_ap_aiNotify_championEliminated_02",0,"#HOST_AI","TEAM_MILITIA",false,"","Attention: The Champion has been eliminated.","CHAMPION_ELIMINATED","Champion Eliminated"
"xx","Host_AI_NewKillLeader_01","diag_ap_aiNotify_killLeaderNew_01",0,"#HOST_AI","TEAM_MILITIA",false,"","New Kill Leader appointed.","NEW_KILL_LEADER","New Kill Leader"
"xx","Host_AI_NewKillLeader_02","diag_ap_aiNotify_killLeaderNew_02",0,"#HOST_AI","TEAM_MILITIA",false,"","Attention: There is a new Kill Leader.","NEW_KILL_LEADER","New Kill Leader"
"xx","Host_AI_KillLeaderEliminated_01","diag_ap_aiNotify_killLeaderEliminated_01",0,"#HOST_AI","TEAM_MILITIA",false,"","Kill Leader eliminated.","KILL_LEADER_ELIMINATED","Kill Leader Eliminated"
"xx","Host_AI_KillLeaderEliminated_02","diag_ap_aiNotify_killLeaderEliminated_02",0,"#HOST_AI","TEAM_MILITIA",false,"","Attention: The Kill Leader has been eliminated.","KILL_LEADER_ELIMINATED","Kill Leader Eliminated"
"xx","","",0,"","",false,"","","",""
"xx","Host_AI_Begin_Round1","diag_ap_aiNotify_circleTimerStartRound1_01",0,"#HOST_AI","TEAM_MILITIA",false,"","Round 1 - Beginning Ring countdown.","BEGIN_ROUND1",""
"xx","Host_AI_Begin_Round2","diag_ap_aiNotify_circleTimerStartRound2_01",0,"#HOST_AI","TEAM_MILITIA",false,"","Round 2 - Beginning Ring countdown.","BEGIN_ROUND2",""
"xx","Host_AI_Begin_Round3","diag_ap_aiNotify_circleTimerStartRound3_01",0,"#HOST_AI","TEAM_MILITIA",false,"","Round 3 - Beginning Ring countdown.","BEGIN_ROUND3",""
"xx","Host_AI_Begin_Round4","diag_ap_aiNotify_circleTimerStartRound4_01",0,"#HOST_AI","TEAM_MILITIA",false,"","Round 4 - Beginning Ring countdown.","BEGIN_ROUND4",""
"xx","Host_AI_Begin_Round5","diag_ap_aiNotify_circleTimerStartRound5_01",0,"#HOST_AI","TEAM_MILITIA",false,"","Round 5 - Beginning Ring countdown.","BEGIN_ROUND5",""
"xx","Host_AI_Begin_Round6","diag_ap_aiNotify_circleTimerStartRound6_01",0,"#HOST_AI","TEAM_MILITIA",false,"","Round 6 - Beginning Ring countdown.","BEGIN_ROUND6",""
"xx","Host_AI_Begin_Round7","diag_ap_aiNotify_circleTimerStartRound7_01",0,"#HOST_AI","TEAM_MILITIA",false,"","Round 7 - Beginning Ring countdown.","BEGIN_ROUND7",""
"xx","Host_AI_Begin_Round8","diag_ap_aiNotify_circleTimerStartRound8_01",0,"#HOST_AI","TEAM_MILITIA",false,"","Round 8 - Beginning Ring countdown.","BEGIN_ROUND8",""
"xx","Host_AI_Begin_Round9","diag_ap_aiNotify_circleTimerStartRound9_01",0,"#HOST_AI","TEAM_MILITIA",false,"","Round 9 - Beginning Ring countdown.","BEGIN_ROUND9",""
"xx","Host_AI_Begin_RoundFinal","diag_ap_aiNotify_circleTimerStartRoundFinal_01",0,"#HOST_AI","TEAM_MILITIA",false,"","Final Round - Beginning Ring countdown.","BEGIN_ROUND_FINAL",""
"xx","","",0,"","",false,"","","",""
"xx","Host_AI_Begin_Round2_Glitch1","diag_ap_aiNotify_circleTimerStartRound2_w1",0,"#HOST_AI","TEAM_MILITIA",false,"","Round 2 - Beginning Ring countdown.","",""
"xx","Host_AI_Begin_Round2_Glitch2","diag_ap_aiNotify_circleTimerStartRound2_w2",0,"#HOST_AI","TEAM_MILITIA",false,"","Round 2 - Beginning Ring countdown.","",""
"xx","Host_AI_Begin_Round2_Glitch3","diag_ap_aiNotify_circleTimerStartRound2_w3",0,"#HOST_AI","TEAM_MILITIA",false,"","Round 2 - Beginning Ring countdown.","",""
"xx","Host_AI_Begin_Round2_Glitch1a","diag_ap_aiNotify_circleTimerStartRound2_w1a",0,"#HOST_AI","TEAM_MILITIA",false,"","","",""
"xx","Host_AI_Begin_Round2_Glitch1b","diag_ap_aiNotify_circleTimerStartRound2_w1b",0,"#HOST_AI","TEAM_MILITIA",false,"","","",""
"xx","Host_AI_Begin_Round2_Glitch1c","diag_ap_aiNotify_circleTimerStartRound2_w1c",0,"#HOST_AI","TEAM_MILITIA",false,"","","",""
"xx","","",0,"","TEAM_MILITIA",false,"","","",""
"xx","Host_AI_FirstBlood","diag_ap_aiNotify_diedFirst_01",0,"#HOST_AI","TEAM_MILITIA",false,"","Attention: First Blood","FIRST_BLOOD",""
"xx","","",0,"","",false,"","","",""
"xx","","",0,"","",false,"","","",""
"xx","","",0,"","",false,"","","",""
"xx","","",0,"","",false,"","","",""
"xx","Host_Noc_introChampion_01_01","diag_ap_nocNotify_introChampion_01_01_3p",0,"#HOST_NOC","TEAM_MILITIA",false,"","This is your Champion. Kill them.","INTRO_CHAMPION_CARD","JNEL: New Bucket for Noc; this is for the Champion Intro, which for AI is being called in script explicitly"
"xx","Host_Noc_introChampion_01_02","diag_ap_nocNotify_introChampion_01_02_3p",0,"#HOST_NOC","TEAM_MILITIA",false,"","This is your Champion. Kill them.","INTRO_CHAMPION_CARD","JNEL: New Bucket for Noc; this is for the Champion Intro, which for AI is being called in script explicitly"
"xx","Host_Noc_introChampion_02_01","diag_ap_nocNotify_introChampion_02_01_3p",0,"#HOST_NOC","TEAM_MILITIA",false,"","This is your Champion. Kill them.","INTRO_CHAMPION_CARD","JNEL: New Bucket for Noc; this is for the Champion Intro, which for AI is being called in script explicitly"
"xx","Host_Noc_introChampion_02_02","diag_ap_nocNotify_introChampion_02_02_3p",0,"#HOST_NOC","TEAM_MILITIA",false,"","This is your Champion. Kill them.","INTRO_CHAMPION_CARD","JNEL: New Bucket for Noc; this is for the Champion Intro, which for AI is being called in script explicitly"
"xx","Host_Noc_introChampion_03_01","diag_ap_nocNotify_introChampion_03_01_3p",0,"#HOST_NOC","TEAM_MILITIA",false,"","This is your Champion. Kill them.","INTRO_CHAMPION_CARD","JNEL: New Bucket for Noc; this is for the Champion Intro, which for AI is being called in script explicitly"
"xx","Host_Noc_introChampion_03_02","diag_ap_nocNotify_introChampion_03_02_3p",0,"#HOST_NOC","TEAM_MILITIA",false,"","This is your Champion. Kill them.","INTRO_CHAMPION_CARD","JNEL: New Bucket for Noc; this is for the Champion Intro, which for AI is being called in script explicitly"
"xx","Host_Noc_introChampion_04_01","diag_ap_nocNotify_introChampion_04_01_3p",0,"#HOST_NOC","TEAM_MILITIA",false,"","This is your Champion. Kill them.","INTRO_CHAMPION_CARD","JNEL: New Bucket for Noc; this is for the Champion Intro, which for AI is being called in script explicitly"
"xx","Host_Noc_introChampion_04_02","diag_ap_nocNotify_introChampion_04_02_3p",0,"#HOST_NOC","TEAM_MILITIA",false,"","This is your Champion. Kill them.","INTRO_CHAMPION_CARD","JNEL: New Bucket for Noc; this is for the Champion Intro, which for AI is being called in script explicitly"
"xx","Host_Noc_introChampion_04_03","diag_ap_nocNotify_introChampion_04_03_3p",0,"#HOST_NOC","TEAM_MILITIA",false,"","This is your Champion. Kill them.","INTRO_CHAMPION_CARD","JNEL: New Bucket for Noc; this is for the Champion Intro, which for AI is being called in script explicitly"
"xx","Host_Noc_introChampion_05_01","diag_ap_nocNotify_introChampion_05_01_3p",0,"#HOST_NOC","TEAM_MILITIA",false,"","This is your Champion. Kill them.","INTRO_CHAMPION_CARD","JNEL: New Bucket for Noc; this is for the Champion Intro, which for AI is being called in script explicitly"
"xx","Host_Noc_introChampion_05_02","diag_ap_nocNotify_introChampion_05_02_3p",0,"#HOST_NOC","TEAM_MILITIA",false,"","This is your Champion. Kill them.","INTRO_CHAMPION_CARD","JNEL: New Bucket for Noc; this is for the Champion Intro, which for AI is being called in script explicitly"
"xx","","",0,"","",false,"","","",""
"xx","Host_Noc_CircleMoving_01_01","diag_ap_nocNotify_circleMoving_01_01_3p",20,"#HOST_NOC","TEAM_MILITIA",false,"","Warning: Circle closing.","CIRCLE_MOVING","Circle Moving"
"xx","Host_Noc_CircleMoving_01_02","diag_ap_nocNotify_circleMoving_01_02_3p",20,"#HOST_NOC","TEAM_MILITIA",false,"","Warning: Circle closing.","CIRCLE_MOVING","Circle Moving"
"xx","Host_Noc_CircleMoving_01_03","diag_ap_nocNotify_circleMoving_01_03_3p",20,"#HOST_NOC","TEAM_MILITIA",false,"","Warning: Circle closing.","CIRCLE_MOVING","Circle Moving"
"xx","Host_Noc_CircleMoving_01_04","diag_ap_nocNotify_circleMoving_01_04_3p",20,"#HOST_NOC","TEAM_MILITIA",false,"","Warning: Circle closing.","CIRCLE_MOVING","Circle Moving"
"xx","Host_Noc_CircleMoving_02_01","diag_ap_nocNotify_circleMoving_02_01_3p",20,"#HOST_NOC","TEAM_MILITIA",false,"","Warning: Circle closing.","CIRCLE_MOVING","Circle Moving"
"xx","Host_Noc_CircleMoving_02_02","diag_ap_nocNotify_circleMoving_02_02_3p",20,"#HOST_NOC","TEAM_MILITIA",false,"","Warning: Circle closing.","CIRCLE_MOVING","Circle Moving"
"xx","Host_Noc_CircleMoving_02_03","diag_ap_nocNotify_circleMoving_02_03_3p",20,"#HOST_NOC","TEAM_MILITIA",false,"","Warning: Circle closing.","CIRCLE_MOVING","Circle Moving"
"xx","Host_Noc_CircleMoving_03_01","diag_ap_nocNotify_circleMoving_03_01_3p",20,"#HOST_NOC","TEAM_MILITIA",false,"","Warning: Circle closing.","CIRCLE_MOVING","Circle Moving"
"xx","Host_Noc_CircleMoving_03_02","diag_ap_nocNotify_circleMoving_03_02_3p",20,"#HOST_NOC","TEAM_MILITIA",false,"","Warning: Circle closing.","CIRCLE_MOVING","Circle Moving"
"xx","Host_Noc_CircleMoving_04_01","diag_ap_nocNotify_circleMoving_04_01_3p",20,"#HOST_NOC","TEAM_MILITIA",false,"","Warning: Circle closing.","CIRCLE_MOVING","Circle Moving"
"xx","Host_Noc_CircleMoving_04_02","diag_ap_nocNotify_circleMoving_04_02_3p",20,"#HOST_NOC","TEAM_MILITIA",false,"","Warning: Circle closing.","CIRCLE_MOVING","Circle Moving"
"xx","Host_Noc_CircleMoving_04_03","diag_ap_nocNotify_circleMoving_04_03_3p",20,"#HOST_NOC","TEAM_MILITIA",false,"","Warning: Circle closing.","CIRCLE_MOVING","Circle Moving"
"xx","Host_Noc_CircleMoving_05_01","diag_ap_nocNotify_circleMoving_05_01_3p",20,"#HOST_NOC","TEAM_MILITIA",false,"","Warning: Circle closing.","CIRCLE_MOVING","Circle Moving"
"xx","Host_Noc_CircleMoving_05_02","diag_ap_nocNotify_circleMoving_05_02_3p",20,"#HOST_NOC","TEAM_MILITIA",false,"","Warning: Circle closing.","CIRCLE_MOVING","Circle Moving"
"xx","Host_Noc_FinalCircleMoving_01_01","diag_ap_nocNotify_circleMovingFinal_01_01_3p",20,"#HOST_NOC","TEAM_MILITIA",false,"","Warning: Final circle closing.","FINAL_CIRCLE_MOVING","Final Circle Moving"
"xx","Host_Noc_FinalCircleMoving_01_02","diag_ap_nocNotify_circleMovingFinal_01_02_3p",20,"#HOST_NOC","TEAM_MILITIA",false,"","Warning: Final circle closing.","FINAL_CIRCLE_MOVING","Final Circle Moving"
"xx","Host_Noc_FinalCircleMoving_02_01","diag_ap_nocNotify_circleMovingFinal_02_01_3p",20,"#HOST_NOC","TEAM_MILITIA",false,"","Warning: Final circle closing.","FINAL_CIRCLE_MOVING","Final Circle Moving"
"xx","Host_Noc_FinalCircleMoving_02_02","diag_ap_nocNotify_circleMovingFinal_02_02_3p",20,"#HOST_NOC","TEAM_MILITIA",false,"","Warning: Final circle closing.","FINAL_CIRCLE_MOVING","Final Circle Moving"
"xx","Host_Noc_FinalCircleMoving_02_03","diag_ap_nocNotify_circleMovingFinal_02_03_3p",20,"#HOST_NOC","TEAM_MILITIA",false,"","Warning: Final circle closing.","FINAL_CIRCLE_MOVING","Final Circle Moving"
"xx","Host_Noc_FinalCircleMoving_03_01","diag_ap_nocNotify_circleMovingFinal_03_01_3p",20,"#HOST_NOC","TEAM_MILITIA",false,"","Warning: Final circle closing.","FINAL_CIRCLE_MOVING","Final Circle Moving"
"xx","Host_Noc_FinalCircleMoving_03_02","diag_ap_nocNotify_circleMovingFinal_03_02_3p",20,"#HOST_NOC","TEAM_MILITIA",false,"","Warning: Final circle closing.","FINAL_CIRCLE_MOVING","Final Circle Moving"
"xx","Host_Noc_FinalCircleMoving_03_03","diag_ap_nocNotify_circleMovingFinal_03_03_3p",20,"#HOST_NOC","TEAM_MILITIA",false,"","Warning: Final circle closing.","FINAL_CIRCLE_MOVING","Final Circle Moving"
"xx","Host_Noc_FinalCircleMoving_03_04","diag_ap_nocNotify_circleMovingFinal_03_04_3p",20,"#HOST_NOC","TEAM_MILITIA",false,"","Warning: Final circle closing.","FINAL_CIRCLE_MOVING","Final Circle Moving"
"xx","Host_Noc_FinalCircleMoving_04_01","diag_ap_nocNotify_circleMovingFinal_04_01_3p",20,"#HOST_NOC","TEAM_MILITIA",false,"","Warning: Final circle closing.","FINAL_CIRCLE_MOVING","Final Circle Moving"
"xx","Host_Noc_FinalCircleMoving_04_02","diag_ap_nocNotify_circleMovingFinal_04_02_3p",20,"#HOST_NOC","TEAM_MILITIA",false,"","Warning: Final circle closing.","FINAL_CIRCLE_MOVING","Final Circle Moving"
"xx","Host_Noc_FinalCircleMoving_04_03","diag_ap_nocNotify_circleMovingFinal_04_03_3p",20,"#HOST_NOC","TEAM_MILITIA",false,"","Warning: Final circle closing.","FINAL_CIRCLE_MOVING","Final Circle Moving"
"xx","Host_Noc_CircleClosingToNothing_01_01","diag_ap_nocNotify_circleClosingFinal_01_01_3p",20,"#HOST_NOC","TEAM_MILITIA",false,"","Warning: Circle nearing completion.","CIRCLE_CLOSING_TO_NOTHING","Circle Closing To Nothing"
"xx","Host_Noc_CircleClosingToNothing_01_02","diag_ap_nocNotify_circleClosingFinal_01_02_3p",20,"#HOST_NOC","TEAM_MILITIA",false,"","Warning: Circle nearing completion.","CIRCLE_CLOSING_TO_NOTHING","Circle Closing To Nothing"
"xx","Host_Noc_CircleClosingToNothing_01_03","diag_ap_nocNotify_circleClosingFinal_01_03_3p",20,"#HOST_NOC","TEAM_MILITIA",false,"","Warning: Circle nearing completion.","CIRCLE_CLOSING_TO_NOTHING","Circle Closing To Nothing"
"xx","Host_Noc_CircleClosingToNothing_01_04","diag_ap_nocNotify_circleClosingFinal_01_04_3p",20,"#HOST_NOC","TEAM_MILITIA",false,"","Warning: Circle nearing completion.","CIRCLE_CLOSING_TO_NOTHING","Circle Closing To Nothing"
"xx","Host_Noc_CircleClosingToNothing_02_01","diag_ap_nocNotify_circleClosingFinal_02_01_3p",20,"#HOST_NOC","TEAM_MILITIA",false,"","Warning: Circle nearing completion.","CIRCLE_CLOSING_TO_NOTHING","Circle Closing To Nothing"
"xx","Host_Noc_CircleClosingToNothing_02_02","diag_ap_nocNotify_circleClosingFinal_02_02_3p",20,"#HOST_NOC","TEAM_MILITIA",false,"","Warning: Circle nearing completion.","CIRCLE_CLOSING_TO_NOTHING","Circle Closing To Nothing"
"xx","Host_Noc_CircleClosingToNothing_02_03","diag_ap_nocNotify_circleClosingFinal_02_03_3p",20,"#HOST_NOC","TEAM_MILITIA",false,"","Warning: Circle nearing completion.","CIRCLE_CLOSING_TO_NOTHING","Circle Closing To Nothing"
"xx","Host_Noc_CarePackage_01_01","diag_ap_nocNotify_droppingCarePack_01_01_3p",10,"#HOST_NOC","TEAM_MILITIA",false,"","Care package being delivered.","CARE_PACKAGE_DROPPING","Care Package Dropping"
"xx","Host_Noc_CarePackage_01_02","diag_ap_nocNotify_droppingCarePack_01_02_3p",10,"#HOST_NOC","TEAM_MILITIA",false,"","Care package being delivered.","CARE_PACKAGE_DROPPING","Care Package Dropping"
"xx","Host_Noc_CarePackage_01_03","diag_ap_nocNotify_droppingCarePack_01_03_3p",10,"#HOST_NOC","TEAM_MILITIA",false,"","Care package being delivered.","CARE_PACKAGE_DROPPING","Care Package Dropping"
"xx","Host_Noc_CarePackage_01_04","diag_ap_nocNotify_droppingCarePack_01_04_3p",10,"#HOST_NOC","TEAM_MILITIA",false,"","Care package being delivered.","CARE_PACKAGE_DROPPING","Care Package Dropping"
"xx","Host_Noc_CarePackage_02_01","diag_ap_nocNotify_droppingCarePack_02_01_3p",10,"#HOST_NOC","TEAM_MILITIA",false,"","Care package being delivered.","CARE_PACKAGE_DROPPING","Care Package Dropping"
"xx","Host_Noc_CarePackage_02_02","diag_ap_nocNotify_droppingCarePack_02_02_3p",10,"#HOST_NOC","TEAM_MILITIA",false,"","Care package being delivered.","CARE_PACKAGE_DROPPING","Care Package Dropping"
"xx","Host_Noc_CarePackage_02_03","diag_ap_nocNotify_droppingCarePack_02_03_3p",10,"#HOST_NOC","TEAM_MILITIA",false,"","Care package being delivered.","CARE_PACKAGE_DROPPING","Care Package Dropping"
"xx","Host_Noc_CarePackage_03_01","diag_ap_nocNotify_droppingCarePack_03_01_3p",10,"#HOST_NOC","TEAM_MILITIA",false,"","Care package being delivered.","CARE_PACKAGE_DROPPING","Care Package Dropping"
"xx","Host_Noc_CarePackage_03_02","diag_ap_nocNotify_droppingCarePack_03_02_3p",10,"#HOST_NOC","TEAM_MILITIA",false,"","Care package being delivered.","CARE_PACKAGE_DROPPING","Care Package Dropping"
"xx","Host_Noc_CarePackage_03_03","diag_ap_nocNotify_droppingCarePack_03_03_3p",10,"#HOST_NOC","TEAM_MILITIA",false,"","Care package being delivered.","CARE_PACKAGE_DROPPING","Care Package Dropping"
"xx","Host_Noc_CarePackage_04_01","diag_ap_nocNotify_droppingCarePack_04_01_3p",10,"#HOST_NOC","TEAM_MILITIA",false,"","Care package being delivered.","CARE_PACKAGE_DROPPING","Care Package Dropping"
"xx","Host_Noc_CarePackage_04_02","diag_ap_nocNotify_droppingCarePack_04_02_3p",10,"#HOST_NOC","TEAM_MILITIA",false,"","Care package being delivered.","CARE_PACKAGE_DROPPING","Care Package Dropping"
"xx","Host_Noc_CarePackage_04_03","diag_ap_nocNotify_droppingCarePack_04_03_3p",10,"#HOST_NOC","TEAM_MILITIA",false,"","Care package being delivered.","CARE_PACKAGE_DROPPING","Care Package Dropping"
"xx","Host_Noc_CarePackage_05_01","diag_ap_nocNotify_droppingCarePack_05_01_3p",10,"#HOST_NOC","TEAM_MILITIA",false,"","Care package being delivered.","CARE_PACKAGE_DROPPING","Care Package Dropping"
"xx","Host_Noc_CarePackage_05_02","diag_ap_nocNotify_droppingCarePack_05_02_3p",10,"#HOST_NOC","TEAM_MILITIA",false,"","Care package being delivered.","CARE_PACKAGE_DROPPING","Care Package Dropping"
"xx","Host_Noc_CarePackage_05_03","diag_ap_nocNotify_droppingCarePack_05_03_3p",10,"#HOST_NOC","TEAM_MILITIA",false,"","Care package being delivered.","CARE_PACKAGE_DROPPING","Care Package Dropping"
"xx","Host_Noc_CarePackage_05_04","diag_ap_nocNotify_droppingCarePack_05_04_3p",10,"#HOST_NOC","TEAM_MILITIA",false,"","Care package being delivered.","CARE_PACKAGE_DROPPING","Care Package Dropping"
"xx","Host_Noc_CarePackage_06_01","diag_ap_nocNotify_droppingCarePack_06_01_3p",10,"#HOST_NOC","TEAM_MILITIA",false,"","Care package being delivered.","CARE_PACKAGE_DROPPING","Care Package Dropping"
"xx","Host_Noc_CarePackage_06_02","diag_ap_nocNotify_droppingCarePack_06_02_3p",10,"#HOST_NOC","TEAM_MILITIA",false,"","Care package being delivered.","CARE_PACKAGE_DROPPING","Care Package Dropping"
"xx","Host_Noc_CarePackage_06_03","diag_ap_nocNotify_droppingCarePack_06_03_3p",10,"#HOST_NOC","TEAM_MILITIA",false,"","Care package being delivered.","CARE_PACKAGE_DROPPING","Care Package Dropping"
"xx","Host_Noc_HoverTank_01_01","diag_ap_nocNotify_supplyShip_01_01_3p",20,"#HOST_NOC","TEAM_MILITIA",false,"","Sending a Supply Ship.","HOVER_TANK_INBOUND","Hover tanks flying in"
"xx","Host_Noc_HoverTank_01_02","diag_ap_nocNotify_supplyShip_01_02_3p",20,"#HOST_NOC","TEAM_MILITIA",false,"","Sending a Supply Ship.","HOVER_TANK_INBOUND","Hover tanks flying in"
"xx","Host_Noc_HoverTank_02_01","diag_ap_nocNotify_supplyShip_02_01_3p",20,"#HOST_NOC","TEAM_MILITIA",false,"","Sending a Supply Ship.","HOVER_TANK_INBOUND","Hover tanks flying in"
"xx","Host_Noc_HoverTank_02_02","diag_ap_nocNotify_supplyShip_02_02_3p",20,"#HOST_NOC","TEAM_MILITIA",false,"","Sending a Supply Ship.","HOVER_TANK_INBOUND","Hover tanks flying in"
"xx","Host_Noc_HoverTank_03_01","diag_ap_nocNotify_supplyShip_03_01_3p",20,"#HOST_NOC","TEAM_MILITIA",false,"","Sending a Supply Ship.","HOVER_TANK_INBOUND","Hover tanks flying in"
"xx","Host_Noc_HoverTank_03_02","diag_ap_nocNotify_supplyShip_03_02_3p",20,"#HOST_NOC","TEAM_MILITIA",false,"","Sending a Supply Ship.","HOVER_TANK_INBOUND","Hover tanks flying in"
"xx","Host_Noc_HoverTank_04_01","diag_ap_nocNotify_supplyShip_04_01_3p",20,"#HOST_NOC","TEAM_MILITIA",false,"","Sending a Supply Ship.","HOVER_TANK_INBOUND","Hover tanks flying in"
"xx","Host_Noc_HoverTank_04_02","diag_ap_nocNotify_supplyShip_04_02_3p",20,"#HOST_NOC","TEAM_MILITIA",false,"","Sending a Supply Ship.","HOVER_TANK_INBOUND","Hover tanks flying in"
"xx","Host_Noc_HoverTank_04_03","diag_ap_nocNotify_supplyShip_04_03_3p",20,"#HOST_NOC","TEAM_MILITIA",false,"","Sending a Supply Ship.","HOVER_TANK_INBOUND","Hover tanks flying in"
"xx","","",0,"","",false,"","","",""
"xx","Host_Noc_WinnerShadows_01_01","diag_ap_nocNotify_winnerDecided_01_01_3p",20,"#HOST_NOC","TEAM_MILITIA",false,"","We’ve found a winner. Good","PRE_VICTORY_SHADOWS","Winner"
"xx","Host_Noc_WinnerShadows_01_02","diag_ap_nocNotify_winnerDecided_01_02_3p",20,"#HOST_NOC","TEAM_MILITIA",false,"","We’ve found a winner. Good","PRE_VICTORY_SHADOWS","Winner"
"xx","Host_Noc_WinnerShadows_01_03","diag_ap_nocNotify_winnerDecided_01_03_3p",20,"#HOST_NOC","TEAM_MILITIA",false,"","We’ve found a winner. Good","PRE_VICTORY_SHADOWS","Winner"
"xx","Host_Noc_WinnerShadows_07_01","diag_ap_nocNotify_winnerDecided_07_01_3p",20,"#HOST_NOC","TEAM_MILITIA",false,"","Enjoy this victory, winners everything ends","PRE_VICTORY_SHADOWS","Winner"
"xx","Host_Noc_WinnerShadows_07_02","diag_ap_nocNotify_winnerDecided_07_02_3p",20,"#HOST_NOC","TEAM_MILITIA",false,"","Enjoy this victory, winners everything ends","PRE_VICTORY_SHADOWS","Winner"
"xx","Host_Noc_WinnerMultiLegends_02_01","diag_ap_nocNotify_winnerDecided_02_01_3p",20,"#HOST_NOC","TEAM_MILITIA",false,"","The winner has been decided. But death will find them soon.","PRE_VICTORY_LEGENDS_MULTIPLE","Winner"
"xx","Host_Noc_WinnerMultiLegends_06_01","diag_ap_nocNotify_winnerDecided_06_01_3p",20,"#HOST_NOC","TEAM_MILITIA",false,"","The winner has been decided. But death will find them soon.","PRE_VICTORY_LEGENDS_MULTIPLE","Winner"
"xx","Host_Noc_WinnerMultiLegends_06_02","diag_ap_nocNotify_winnerDecided_06_02_3p",20,"#HOST_NOC","TEAM_MILITIA",false,"","Ugh we got our winner. Another ribbon for the skinbags","PRE_VICTORY_LEGENDS_MULTIPLE","Winner"
"xx","Host_Noc_WinnerMultiLegends_06_03","diag_ap_nocNotify_winnerDecided_06_03_3p",20,"#HOST_NOC","TEAM_MILITIA",false,"","Ugh we got our winner. Another ribbon for the skinbags","PRE_VICTORY_LEGENDS_MULTIPLE","Winner"
"xx","Host_Noc_WinnerMultiLegends_07_01","diag_ap_nocNotify_winnerDecided_07_01_3p",20,"#HOST_NOC","TEAM_MILITIA",false,"","Enjoy this victory, winners everything ends","PRE_VICTORY_LEGENDS_MULTIPLE","Winner"
"xx","Host_Noc_WinnerMultiLegends_07_02","diag_ap_nocNotify_winnerDecided_07_02_3p",20,"#HOST_NOC","TEAM_MILITIA",false,"","Enjoy this victory, winners everything ends","PRE_VICTORY_LEGENDS_MULTIPLE","Winner"
"xx","Host_Noc_WinnerSingleLegend_03_01","diag_ap_nocNotify_winnerDecided_03_01_3p",20,"#HOST_NOC","TEAM_MILITIA",false,"","The winner has survived. Huh. Pity.","PRE_VICTORY_LEGENDS_SINGLE","Winner"
"xx","Host_Noc_WinnerSingleLegend_03_02","diag_ap_nocNotify_winnerDecided_03_02_3p",20,"#HOST_NOC","TEAM_MILITIA",false,"","The winner has survived. Huh. Pity.","PRE_VICTORY_LEGENDS_SINGLE","Winner"
"xx","Host_Noc_WinnerSingleLegend_04_01","diag_ap_nocNotify_winnerDecided_04_01_3p",20,"#HOST_NOC","TEAM_MILITIA",false,"","Our winner lives. To die another day.","PRE_VICTORY_LEGENDS_SINGLE","Winner"
"xx","Host_Noc_WinnerSingleLegend_04_02","diag_ap_nocNotify_winnerDecided_04_02_3p",20,"#HOST_NOC","TEAM_MILITIA",false,"","Our winner lives. To die another day.","PRE_VICTORY_LEGENDS_SINGLE","Winner"
"xx","Host_Noc_WinnerSingleLegend_05_01","diag_ap_nocNotify_winnerDecided_05_01_3p",20,"#HOST_NOC","TEAM_MILITIA",false,"","We have our winner. Maybe next time youll die","PRE_VICTORY_LEGENDS_SINGLE","Winner"
"xx","Host_Noc_WinnerSingleLegend_05_02","diag_ap_nocNotify_winnerDecided_05_02_3p",20,"#HOST_NOC","TEAM_MILITIA",false,"","We have our winner. Maybe next time youll die","PRE_VICTORY_LEGENDS_SINGLE","Winner"
"xx","Host_Noc_WinnerSingleLegend_05_03","diag_ap_nocNotify_winnerDecided_05_03_3p",20,"#HOST_NOC","TEAM_MILITIA",false,"","We have our winner. Maybe next time youll die","PRE_VICTORY_LEGENDS_SINGLE","Winner"
"xx","Host_Noc_Winner_01_01","diag_ap_nocNotify_winnerDecided_01_01_3p",20,"#HOST_NOC","TEAM_MILITIA",false,"","We found a winner. Good.","WINNER",""
"xx","Host_Noc_Winner_01_02","diag_ap_nocNotify_winnerDecided_01_02_3p",20,"#HOST_NOC","TEAM_MILITIA",false,"","We found a winner. Good.","WINNER",""
"xx","Host_Noc_Winner_01_03","diag_ap_nocNotify_winnerDecided_01_03_3p",20,"#HOST_NOC","TEAM_MILITIA",false,"","We found a winner. Good.","WINNER",""
"xx","Host_Noc_Winner_02_01","diag_ap_nocNotify_winnerDecided_02_01_3p",20,"#HOST_NOC","TEAM_MILITIA",false,"","The winner has been decided. But death will find them soon.","",""
"xx","Host_Noc_Winner_03_01","diag_ap_nocNotify_winnerDecided_03_01_3p",20,"#HOST_NOC","TEAM_MILITIA",false,"","The winner has survived. Huh. Pity.","","DP: Currently unused by shadow squad mode, left here in case we want to swap some out"
"xx","Host_Noc_Winner_03_02","diag_ap_nocNotify_winnerDecided_03_02_3p",20,"#HOST_NOC","TEAM_MILITIA",false,"","The winner has survived. Huh. Pity.","","DP: Currently unused by shadow squad mode, left here in case we want to swap some out"
"xx","Host_Noc_Winner_04_01","diag_ap_nocNotify_winnerDecided_04_01_3p",20,"#HOST_NOC","TEAM_MILITIA",false,"","Our winner lives. To die another day.","","DP: Currently unused by shadow squad mode, left here in case we want to swap some out"
"xx","Host_Noc_Winner_04_02","diag_ap_nocNotify_winnerDecided_04_02_3p",20,"#HOST_NOC","TEAM_MILITIA",false,"","Our winner lives. To die another day.","","DP: Currently unused by shadow squad mode, left here in case we want to swap some out"
"xx","Host_Noc_Winner_05_01","diag_ap_nocNotify_winnerDecided_05_01_3p",20,"#HOST_NOC","TEAM_MILITIA",false,"","We have our winner. Maybe next time youll die","",""
"xx","Host_Noc_Winner_05_02","diag_ap_nocNotify_winnerDecided_05_02_3p",20,"#HOST_NOC","TEAM_MILITIA",false,"","We have our winner. Maybe next time youll die","",""
"xx","Host_Noc_Winner_05_03","diag_ap_nocNotify_winnerDecided_05_03_3p",20,"#HOST_NOC","TEAM_MILITIA",false,"","We have our winner. Maybe next time youll die","",""
"xx","Host_Noc_Winner_06_01","diag_ap_nocNotify_winnerDecided_06_01_3p",20,"#HOST_NOC","TEAM_MILITIA",false,"","Got our winner. Another ribbon for the skinbags","","DP: Currently unused by shadow squad mode, left here in case we want to swap some out"
"xx","Host_Noc_Winner_06_02","diag_ap_nocNotify_winnerDecided_06_02_3p",20,"#HOST_NOC","TEAM_MILITIA",false,"","Got our winner. Another ribbon for the skinbags","","DP: Currently unused by shadow squad mode, left here in case we want to swap some out"
"xx","Host_Noc_Winner_06_03","diag_ap_nocNotify_winnerDecided_06_03_3p",20,"#HOST_NOC","TEAM_MILITIA",false,"","Got our winner. Another ribbon for the skinbags","","DP: Currently unused by shadow squad mode, left here in case we want to swap some out"
"xx","Host_Noc_Winner_07_01","diag_ap_nocNotify_winnerDecided_07_01_3p",20,"#HOST_NOC","TEAM_MILITIA",false,"","Enjoy this victory winners. Everything ends.","",""
"xx","Host_Noc_Winner_07_02","diag_ap_nocNotify_winnerDecided_07_02_3p",20,"#HOST_NOC","TEAM_MILITIA",false,"","Enjoy this victory winners. Everything ends.","",""
"xx","Host_Noc_Winner_08_01","diag_ap_nocNotify_winnerDecided_08_01_3p",20,"#HOST_NOC","TEAM_MILITIA",false,"","We have a winner. Fear them greater than death.","",""
"xx","Host_Noc_Winner_08_02","diag_ap_nocNotify_winnerDecided_08_02_3p",20,"#HOST_NOC","TEAM_MILITIA",false,"","We have a winner. Fear them greater than death.","",""
"xx","Host_Noc_ChampionEliminated_01_01","diag_ap_nocNotify_championEliminated_01_01_3p",10,"#HOST_NOC","TEAM_MILITIA",false,"","Champion eliminated.","CHAMPION_ELIMINATED","Champion Eliminated"
"xx","Host_Noc_ChampionEliminated_01_02","diag_ap_nocNotify_championEliminated_01_02_3p",10,"#HOST_NOC","TEAM_MILITIA",false,"","Champion eliminated.","CHAMPION_ELIMINATED","Champion Eliminated"
"xx","Host_Noc_ChampionEliminated_01_03","diag_ap_nocNotify_championEliminated_01_03_3p",10,"#HOST_NOC","TEAM_MILITIA",false,"","Champion eliminated.","CHAMPION_ELIMINATED","Champion Eliminated"
"xx","Host_Noc_ChampionEliminated_02_01","diag_ap_nocNotify_championEliminated_02_01_3p",10,"#HOST_NOC","TEAM_MILITIA",false,"","Champion eliminated.","CHAMPION_ELIMINATED","Champion Eliminated"
"xx","Host_Noc_ChampionEliminated_02_02","diag_ap_nocNotify_championEliminated_02_02_3p",10,"#HOST_NOC","TEAM_MILITIA",false,"","Champion eliminated.","CHAMPION_ELIMINATED","Champion Eliminated"
"xx","Host_Noc_ChampionEliminated_03_01","diag_ap_nocNotify_championEliminated_03_01_3p",10,"#HOST_NOC","TEAM_MILITIA",false,"","Champion eliminated.","CHAMPION_ELIMINATED","Champion Eliminated"
"xx","Host_Noc_ChampionEliminated_03_02","diag_ap_nocNotify_championEliminated_03_02_3p",10,"#HOST_NOC","TEAM_MILITIA",false,"","Champion eliminated.","CHAMPION_ELIMINATED","Champion Eliminated"
"xx","Host_Noc_ChampionEliminated_03_03","diag_ap_nocNotify_championEliminated_03_03_3p",10,"#HOST_NOC","TEAM_MILITIA",false,"","Champion eliminated.","CHAMPION_ELIMINATED","Champion Eliminated"
"xx","Host_Noc_ChampionEliminated_04_01","diag_ap_nocNotify_championEliminated_04_01_3p",10,"#HOST_NOC","TEAM_MILITIA",false,"","Champion eliminated.","CHAMPION_ELIMINATED","Champion Eliminated"
"xx","Host_Noc_NewKillLeader_01_01","diag_ap_nocNotify_killLeaderNew_01_01_3p",10,"#HOST_NOC","TEAM_MILITIA",false,"","New Kill Leader appointed.","NEW_KILL_LEADER","New Kill Leader"
"xx","Host_Noc_NewKillLeader_02_01","diag_ap_nocNotify_killLeaderNew_02_01_3p",10,"#HOST_NOC","TEAM_MILITIA",false,"","New Kill Leader appointed.","NEW_KILL_LEADER","New Kill Leader"
"xx","Host_Noc_NewKillLeader_02_02","diag_ap_nocNotify_killLeaderNew_02_02_3p",10,"#HOST_NOC","TEAM_MILITIA",false,"","New Kill Leader appointed.","NEW_KILL_LEADER","New Kill Leader"
"xx","Host_Noc_NewKillLeader_03_01","diag_ap_nocNotify_killLeaderNew_03_01_3p",10,"#HOST_NOC","TEAM_MILITIA",false,"","New Kill Leader appointed.","NEW_KILL_LEADER","New Kill Leader"
"xx","Host_Noc_NewKillLeader_03_02","diag_ap_nocNotify_killLeaderNew_03_02_3p",10,"#HOST_NOC","TEAM_MILITIA",false,"","New Kill Leader appointed.","NEW_KILL_LEADER","New Kill Leader"
"xx","Host_Noc_NewKillLeader_04_01","diag_ap_nocNotify_killLeaderNew_04_01_3p",10,"#HOST_NOC","TEAM_MILITIA",false,"","New Kill Leader appointed.","NEW_KILL_LEADER","New Kill Leader"
"xx","Host_Noc_NewKillLeader_04_02","diag_ap_nocNotify_killLeaderNew_04_02_3p",10,"#HOST_NOC","TEAM_MILITIA",false,"","New Kill Leader appointed.","NEW_KILL_LEADER","New Kill Leader"
"xx","Host_Noc_KillLeaderEliminated_01_01","diag_ap_nocNotify_killLeaderEliminated_01_01_3p",10,"#HOST_NOC","TEAM_MILITIA",false,"","Kill Leader eliminated.","KILL_LEADER_ELIMINATED","Kill Leader Eliminated"
"xx","Host_Noc_KillLeaderEliminated_01_02","diag_ap_nocNotify_killLeaderEliminated_01_02_3p",10,"#HOST_NOC","TEAM_MILITIA",false,"","Kill Leader eliminated.","KILL_LEADER_ELIMINATED","Kill Leader Eliminated"
"xx","Host_Noc_KillLeaderEliminated_01_03","diag_ap_nocNotify_killLeaderEliminated_01_03_3p",10,"#HOST_NOC","TEAM_MILITIA",false,"","Kill Leader eliminated.","KILL_LEADER_ELIMINATED","Kill Leader Eliminated"
"xx","Host_Noc_KillLeaderEliminated_02_01","diag_ap_nocNotify_killLeaderEliminated_02_01_3p",10,"#HOST_NOC","TEAM_MILITIA",false,"","Kill Leader eliminated.","KILL_LEADER_ELIMINATED","Kill Leader Eliminated"
"xx","Host_Noc_KillLeaderEliminated_02_02","diag_ap_nocNotify_killLeaderEliminated_02_02_3p",10,"#HOST_NOC","TEAM_MILITIA",false,"","Kill Leader eliminated.","KILL_LEADER_ELIMINATED","Kill Leader Eliminated"
"xx","","",0,"","",false,"","","",""
"xx","Host_Noc_Begin_Round1_01_01","diag_ap_nocNotify_circleTimerStartRound1_01_01_3p",20,"#HOST_NOC","TEAM_MILITIA",false,"","Round 1 - Beginning Ring countdown.","BEGIN_ROUND1",""
"xx","Host_Noc_Begin_Round1_01_02","diag_ap_nocNotify_circleTimerStartRound1_01_02_3p",20,"#HOST_NOC","TEAM_MILITIA",false,"","Round 1 - Beginning Ring countdown.","BEGIN_ROUND1",""
"xx","Host_Noc_Begin_Round2_01_01","diag_ap_nocNotify_circleTimerStartRound2_01_01_3p",20,"#HOST_NOC","TEAM_MILITIA",false,"","Round 2 - Beginning Ring countdown.","BEGIN_ROUND2",""
"xx","Host_Noc_Begin_Round2_01_02","diag_ap_nocNotify_circleTimerStartRound2_01_02_3p",20,"#HOST_NOC","TEAM_MILITIA",false,"","Round 2 - Beginning Ring countdown.","BEGIN_ROUND2",""
"xx","Host_Noc_Begin_Round3_01_01","diag_ap_nocNotify_circleTimerStartRound3_01_01_3p",20,"#HOST_NOC","TEAM_MILITIA",false,"","Round 3 - Beginning Ring countdown.","BEGIN_ROUND3","JNEL: round buckets are not implemented"
"xx","Host_Noc_Begin_Round3_01_02","diag_ap_nocNotify_circleTimerStartRound3_01_02_3p",20,"#HOST_NOC","TEAM_MILITIA",false,"","Round 3 - Beginning Ring countdown.","BEGIN_ROUND3","JNEL: round buckets are not implemented"
"xx","Host_Noc_Begin_Round4_01_01","diag_ap_nocNotify_circleTimerStartRound4_01_01_3p",20,"#HOST_NOC","TEAM_MILITIA",false,"","Round 4 - Beginning Ring countdown.","BEGIN_ROUND4","JNEL: round buckets are not implemented"
"xx","Host_Noc_Begin_Round4_01_02","diag_ap_nocNotify_circleTimerStartRound4_01_02_3p",20,"#HOST_NOC","TEAM_MILITIA",false,"","Round 4 - Beginning Ring countdown.","BEGIN_ROUND4","JNEL: round buckets are not implemented"
"xx","Host_Noc_Begin_Round4_01_03","diag_ap_nocNotify_circleTimerStartRound4_01_03_3p",20,"#HOST_NOC","TEAM_MILITIA",false,"","Round 4 - Beginning Ring countdown.","BEGIN_ROUND4","JNEL: round buckets are not implemented"
"xx","Host_Noc_Begin_Round4_01_04","diag_ap_nocNotify_circleTimerStartRound4_01_04_3p",20,"#HOST_NOC","TEAM_MILITIA",false,"","Round 4 - Beginning Ring countdown.","BEGIN_ROUND4","JNEL: round buckets are not implemented"
"xx","Host_Noc_Begin_Round5_01_01","diag_ap_nocNotify_circleTimerStartRound5_01_01_3p",20,"#HOST_NOC","TEAM_MILITIA",false,"","Round 5 - Beginning Ring countdown.","BEGIN_ROUND5","JNEL: round buckets are not implemented"
"xx","Host_Noc_Begin_Round5_01_02","diag_ap_nocNotify_circleTimerStartRound5_01_02_3p",20,"#HOST_NOC","TEAM_MILITIA",false,"","Round 5 - Beginning Ring countdown.","BEGIN_ROUND5","JNEL: round buckets are not implemented"
"xx","Host_Noc_Begin_Round5_01_03","diag_ap_nocNotify_circleTimerStartRound5_01_03_3p",20,"#HOST_NOC","TEAM_MILITIA",false,"","Round 5 - Beginning Ring countdown.","BEGIN_ROUND5","JNEL: round buckets are not implemented"
"xx","Host_Noc_Begin_Round6_01_01","diag_ap_nocNotify_circleTimerStartRound6_01_01_3p",20,"#HOST_NOC","TEAM_MILITIA",false,"","Round 6 - Beginning Ring countdown.","BEGIN_ROUND6","JNEL: round buckets are not implemented"
"xx","Host_Noc_Begin_Round7_01_01","diag_ap_nocNotify_circleTimerStartRound7_01_01_3p",20,"#HOST_NOC","TEAM_MILITIA",false,"","Round 7 - Beginning Ring countdown.","BEGIN_ROUND7","JNEL: round buckets are not implemented"
"xx","Host_Noc_Begin_Round7_01_02","diag_ap_nocNotify_circleTimerStartRound7_01_02_3p",20,"#HOST_NOC","TEAM_MILITIA",false,"","Round 7 - Beginning Ring countdown.","BEGIN_ROUND7","JNEL: round buckets are not implemented"
"xx","Host_Noc_Begin_Round7_01_03","diag_ap_nocNotify_circleTimerStartRound7_01_03_3p",20,"#HOST_NOC","TEAM_MILITIA",false,"","Round 7 - Beginning Ring countdown.","BEGIN_ROUND7","JNEL: round buckets are not implemented"
"xx","Host_Noc_Begin_Round8_01_01","diag_ap_nocNotify_circleTimerStartRound8_01_01_3p",20,"#HOST_NOC","TEAM_MILITIA",false,"","Round 8 - Beginning Ring countdown.","BEGIN_ROUND8","JNEL: round buckets are not implemented"
"xx","Host_Noc_Begin_Round8_01_02","diag_ap_nocNotify_circleTimerStartRound8_01_02_3p",20,"#HOST_NOC","TEAM_MILITIA",false,"","Round 8 - Beginning Ring countdown.","BEGIN_ROUND8","JNEL: round buckets are not implemented"
"xx","Host_Noc_Begin_Round9_01_01","diag_ap_nocNotify_circleTimerStartRound9_01_01_3p",20,"#HOST_NOC","TEAM_MILITIA",false,"","Round 9 - Beginning Ring countdown.","BEGIN_ROUND9","JNEL: round buckets are not implemented"
"xx","Host_Noc_Begin_Round9_01_02","diag_ap_nocNotify_circleTimerStartRound9_01_02_3p",20,"#HOST_NOC","TEAM_MILITIA",false,"","Round 9 - Beginning Ring countdown.","BEGIN_ROUND9","JNEL: round buckets are not implemented"
"xx","Host_Noc_Begin_RoundFinal_01_01","diag_ap_nocNotify_circleTimerStartRoundFinal_01_01_3p",20,"#HOST_NOC","TEAM_MILITIA",false,"","Final Round - Beginning Ring countdown.","BEGIN_ROUND_FINAL","JNEL: round buckets are not implemented"
"xx","Host_Noc_Begin_RoundFinal_01_02","diag_ap_nocNotify_circleTimerStartRoundFinal_01_02_3p",20,"#HOST_NOC","TEAM_MILITIA",false,"","Final Round - Beginning Ring countdown.","BEGIN_ROUND_FINAL","JNEL: round buckets are not implemented"
"xx","Host_Noc_Begin_RoundFinal_01_03","diag_ap_nocNotify_circleTimerStartRoundFinal_01_03_3p",20,"#HOST_NOC","TEAM_MILITIA",false,"","Final Round - Beginning Ring countdown.","BEGIN_ROUND_FINAL","JNEL: round buckets are not implemented"
"xx","","",0,"","",false,"","","",""
"xx","Host_Noc_FirstBlood_01_01","diag_ap_nocNotify_diedFirst_01_01_3p",10,"#HOST_NOC","TEAM_MILITIA",false,"","Attention: First Blood","FIRST_BLOOD",""
"xx","Host_Noc_FirstBlood_01_02","diag_ap_nocNotify_diedFirst_01_02_3p",10,"#HOST_NOC","TEAM_MILITIA",false,"","Attention: First Blood","FIRST_BLOOD",""
"xx","Host_Noc_FirstBlood_01_03","diag_ap_nocNotify_diedFirst_01_03_3p",10,"#HOST_NOC","TEAM_MILITIA",false,"","Attention: First Blood","FIRST_BLOOD",""
"xx","Host_Noc_FirstBlood_02_01","diag_ap_nocNotify_diedFirst_02_01_3p",10,"#HOST_NOC","TEAM_MILITIA",false,"","Attention: First Blood","FIRST_BLOOD",""
"xx","Host_Noc_FirstBlood_02_02","diag_ap_nocNotify_diedFirst_02_02_3p",10,"#HOST_NOC","TEAM_MILITIA",false,"","Attention: First Blood","FIRST_BLOOD",""
"xx","Host_Noc_FirstBlood_03_01","diag_ap_nocNotify_diedFirst_03_01_3p",10,"#HOST_NOC","TEAM_MILITIA",false,"","Attention: First Blood","FIRST_BLOOD",""
"xx","Host_Noc_FirstBlood_03_02","diag_ap_nocNotify_diedFirst_03_02_3p",10,"#HOST_NOC","TEAM_MILITIA",false,"","Attention: First Blood","FIRST_BLOOD",""
"xx","Host_Noc_FirstBlood_04_01","diag_ap_nocNotify_diedFirst_04_01_3p",10,"#HOST_NOC","TEAM_MILITIA",false,"","Attention: First Blood","FIRST_BLOOD",""
"xx","Host_Noc_FirstBlood_04_02","diag_ap_nocNotify_diedFirst_04_02_3p",10,"#HOST_NOC","TEAM_MILITIA",false,"","Attention: First Blood","FIRST_BLOOD",""
"xx","Host_Noc_FirstBlood_Rev_03_01","diag_ap_nocNotify_diedFirstRev_03_01_3p",10,"#HOST_NOC","TEAM_MILITIA",false,"","Attention: First Blood","FIRST_BLOOD_HAS_REV",""
"xx","Host_Noc_FirstBlood_Rev_03_02","diag_ap_nocNotify_diedFirstRev_03_02_3p",10,"#HOST_NOC","TEAM_MILITIA",false,"","Attention: First Blood","FIRST_BLOOD_HAS_REV",""
"xx","","",0,"","",false,"","","",""
"xx","Host_Noc_legendWin_01","diag_ap_nocNotify_legendWin_01_3p",20,"#HOST_NOC","TEAM_MILITIA",false,"","We have a lone winner. For now","VICTORY_LEGEND_SOLO","JNEL: New Bucket for Noc; this is a multi variation vo event!"
"xx","Host_Noc_legendWin_02","diag_ap_nocNotify_legendWin_02_3p",20,"#HOST_NOC","TEAM_MILITIA",false,"","So a Legend won. They’ll join me soon enough","VICTORY_LEGEND_SOLO","JNEL: New Bucket for Noc; this is a multi variation vo event!"
"xx","Host_Noc_legendWin_03","diag_ap_nocNotify_legendWin_03_3p",20,"#HOST_NOC","TEAM_MILITIA",false,"","Ugh a skinbag won. I may have to do this myself","VICTORY_LEGEND_SOLO","JNEL: New Bucket for Noc; this is a multi variation vo event!"
"xx","Host_Noc_shadowSquadWin_01","diag_ap_nocNotify_shadowSquadWin_01_3p",20,"#HOST_NOC","TEAM_MILITIA",false,"","The Shadow Squad Wins","VICTORY_SHADOWSQUAD","JNEL: New Bucket for Noc; this is a multi variation vo event!"
"xx","Host_Noc_shadowSquadWin_02","diag_ap_nocNotify_shadowSquadWin_02_3p",20,"#HOST_NOC","TEAM_MILITIA",false,"","The Shadow Squad always leaves a bloody mess","VICTORY_SHADOWSQUAD","JNEL: New Bucket for Noc; this is a multi variation vo event!"
"xx","Host_Noc_shadowSquadWin_03","diag_ap_nocNotify_shadowSquadWin_03_3p",20,"#HOST_NOC","TEAM_MILITIA",false,"","In the darkness. The Shadows rule all","VICTORY_SHADOWSQUAD","JNEL: New Bucket for Noc; this is a multi variation vo event!"
"xx","Host_Noc_victorySolo_01","diag_ap_nocNotify_victorySolo_01_3p",20,"#HOST_NOC","TEAM_MILITIA",false,"","We’ve got our Apex champion","VICTORY_APEX_CHAMP_SOLO","JNEL: New Bucket for Noc; this is a multi variation vo event!"
"xx","Host_Noc_victorySolo_02","diag_ap_nocNotify_victorySolo_02_3p",20,"#HOST_NOC","TEAM_MILITIA",false,"","We have our Apex Champion. They got lucky this time","VICTORY_APEX_CHAMP_SOLO","JNEL: New Bucket for Noc; this is a multi variation vo event!"
"xx","Host_Noc_victorySolo_03","diag_ap_nocNotify_victorySolo_03_3p",20,"#HOST_NOC","TEAM_MILITIA",false,"","You are my Apex Champion. Kill for my entertainment","VICTORY_APEX_CHAMP_SOLO","JNEL: New Bucket for Noc; this is a multi variation vo event!"
"xx","Host_Noc_victorySolo_04","diag_ap_nocNotify_victorySolo_04_3p",20,"#HOST_NOC","TEAM_MILITIA",false,"","Ugh congratulations. Youre the Apex Champion","VICTORY_APEX_CHAMP_SOLO","JNEL: New Bucket for Noc; this is a multi variation vo event!"
"xx","Host_Noc_victorySolo_05","diag_ap_nocNotify_victorySolo_05_3p",20,"#HOST_NOC","TEAM_MILITIA",false,"","You are my  Apex Champion.","VICTORY_APEX_CHAMP_SOLO","JNEL: New Bucket for Noc; this is a multi variation vo event!"
"xx","Host_Noc_victorySquad_01","diag_ap_nocNotify_victorySquad_01_3p",20,"#HOST_NOC","TEAM_MILITIA",false,"","You are our Apex Champions hahaha they’ll be gunning for you now","VICTORY_APEX_CHAMP_SQUAD","JNEL: New Bucket for Noc; this is a multi variation vo event!"
"xx","Host_Noc_victorySquad_02","diag_ap_nocNotify_victorySquad_02_3p",20,"#HOST_NOC","TEAM_MILITIA",false,"","You are the Apex Champions. Don’t get too comfortable.","VICTORY_APEX_CHAMP_SQUAD","JNEL: New Bucket for Noc; this is a multi variation vo event!"
"xx","Host_Noc_victorySquad_03","diag_ap_nocNotify_victorySquad_03_3p",20,"#HOST_NOC","TEAM_MILITIA",false,"","You are the Champions. For now.","VICTORY_APEX_CHAMP_SQUAD","JNEL: New Bucket for Noc; this is a multi variation vo event!"
"xx","Host_Noc_victorySquad_04","diag_ap_nocNotify_victorySquad_04_3p",20,"#HOST_NOC","TEAM_MILITIA",false,"","Meet our champion squad. Targets on their back. Every last one.","VICTORY_APEX_CHAMP_SQUAD","JNEL: New Bucket for Noc; this is a multi variation vo event!"
"xx","Host_Noc_victorySquad_05","diag_ap_nocNotify_winnerDecidedTrios_02_01_3p",0,"#HOST_NOC","TEAM_MILITIA",false,"","The winning squad is decided. But death will find them soon.","","WinnerTrios"
"xx","Host_Noc_victorySquad_06","diag_ap_nocNotify_winnerDecidedTrios_02_02_3p",0,"#HOST_NOC","TEAM_MILITIA",false,"","The winning squad is decided. But death will find them soon.","","WinnerTrios"
"xx","Host_Noc_victorySquad_07","diag_ap_nocNotify_winnerDecidedTrios_03_01_3p",0,"#HOST_NOC","TEAM_MILITIA",false,"","The winning squad has survived... pity.","","WinnerTrios"
"xx","Host_Noc_victorySquad_08","diag_ap_nocNotify_winnerDecidedTrios_03_02_3p",0,"#HOST_NOC","TEAM_MILITIA",false,"","The winning squad has survived... pity.","","WinnerTrios"
"xx","Host_Noc_victorySquad_09","diag_ap_nocNotify_winnerDecidedTrios_04_01_3p",0,"#HOST_NOC","TEAM_MILITIA",false,"","Our winning Squad lives to die another day.","","WinnerTrios"
"xx","Host_Noc_victorySquad_10","diag_ap_nocNotify_winnerDecidedTrios_04_02_3p",0,"#HOST_NOC","TEAM_MILITIA",false,"","Our winning Squad lives to die another day.","","WinnerTrios"
"xx","Host_Noc_victorySquad_11","diag_ap_nocNotify_winnerDecidedTrios_05_01_3p",0,"#HOST_NOC","TEAM_MILITIA",false,"","We have our winning squad....maybe next time they'll die.","","WinnerTrios"
"xx","Host_Noc_victorySquad_12","diag_ap_nocNotify_winnerDecidedTrios_05_02_3p",0,"#HOST_NOC","TEAM_MILITIA",false,"","We have our winning squad....maybe next time they'll die.","","WinnerTrios"
"xx","Host_Noc_victoryMostlyShadows_01_01","diag_ap_nocnotify_legendwintrios_01_3p",0,"#HOST_NOC","TEAM_MILITIA",false,"","One member of our Champion Squad isn't a shadow... yet.","","A Single Human Legend Wins"
"xx","Host_Noc_victoryMostlyShadows_01_04","diag_ap_nocnotify_legendwintrios_01_3p",0,"#HOST_NOC","TEAM_MILITIA",false,"","One lone skinbag wins. I'm sure his shadowsquad will let him remain that way","","Revenant only Human Legend Wins"
"xx","Host_Noc_victoryRevSolo_01_01","diag_ap_nocNotify_winnerFoundRev_01_02_3p",0,"#HOST_NOC","TEAM_MILITIA",false,"","( sigh ) My lazy, worthless double won. What a disgrace. ","","Revenant only Human Legend Wins"
"xx","Host_Noc_victoryRevSolo_02_01","diag_ap_nocNotify_winnerFoundRev_01_01_3p",0,"#HOST_NOC","TEAM_MILITIA",false,"","We have a winner. You're finally thinking like me. About time.","","Winner is Revenant"
"xx","Host_Noc_victoryRevSolo_02_02","diag_ap_nocNotify_winnerFoundRev_01_02_3p",0,"#HOST_NOC","TEAM_MILITIA",false,"","We have a winner. You're finally thinking like me. About time.","","Winner is Revenant"
"xx","Host_Noc_victoryRevSolo_03_01","diag_ap_nocNotify_winnerFoundRev_02_01_3p",0,"#HOST_NOC","TEAM_MILITIA",false,"","My double's the Champion. He'll reach my level. Someday. Maybe.","","Winner is Revenant"
"xx","Host_Noc_victoryRevSolo_03_02","diag_ap_nocNotify_winnerFoundRev_02_02_3p",0,"#HOST_NOC","TEAM_MILITIA",false,"","My double's the Champion. He'll reach my level. Someday. Maybe.","","Winner is Revenant"
"xx","","diag_ap_nocNotify_winnerDecidedTrios_01_01_3p",0,"#HOST_NOC","TEAM_MILITIA",false,"","A squad has won. Excellent.","","WinnerTrios"
"xx","","diag_ap_nocNotify_winnerDecidedTrios_01_02_3p",0,"#HOST_NOC","TEAM_MILITIA",false,"","A squad has won. Excellent.","","WinnerTrios"
"xx","","diag_ap_nocNotify_winnerDecidedTrios_06_01_3p",0,"#HOST_NOC","TEAM_MILITIA",false,"","Got our winning squad. Another ribbon for the skin bags.","","WinnerTrios"
"xx","","diag_ap_nocNotify_winnerDecidedTrios_06_02_3p",0,"#HOST_NOC","TEAM_MILITIA",false,"","Got our winning squad. Another ribbon for the skin bags.","","WinnerTrios"
"xx","","",0,"","",false,"","","",""
"xx","Host_Noc_shadowPlayerRespawn_01_01","diag_ap_nocNotify_playerBecomesShadowSquad_01_01_3p",10,"#HOST_NOC","TEAM_MILITIA",false,"","Mmmm revenge","SHADOW_PLAYER_RESPAWN","JNEL: New Bucket for Noc"
"xx","Host_Noc_shadowPlayerRespawn_01_02","diag_ap_nocNotify_playerBecomesShadowSquad_01_02_3p",10,"#HOST_NOC","TEAM_MILITIA",false,"","Mmmm revenge","SHADOW_PLAYER_RESPAWN","JNEL: New Bucket for Noc"
"xx","Host_Noc_shadowPlayerRespawn_01_03","diag_ap_nocNotify_playerBecomesShadowSquad_01_03_3p",10,"#HOST_NOC","TEAM_MILITIA",false,"","Mmmm revenge","SHADOW_PLAYER_RESPAWN","JNEL: New Bucket for Noc"
"xx","Host_Noc_shadowPlayerRespawn_02_01","diag_ap_nocNotify_playerBecomesShadowSquad_02_01_3p",10,"#HOST_NOC","TEAM_MILITIA",false,"","Welcome back","SHADOW_PLAYER_RESPAWN","JNEL: New Bucket for Noc"
"xx","Host_Noc_shadowPlayerRespawn_02_02","diag_ap_nocNotify_playerBecomesShadowSquad_02_02_3p",10,"#HOST_NOC","TEAM_MILITIA",false,"","Welcome back","SHADOW_PLAYER_RESPAWN","JNEL: New Bucket for Noc"
"xx","Host_Noc_shadowPlayerRespawn_02_03","diag_ap_nocNotify_playerBecomesShadowSquad_02_03_3p",10,"#HOST_NOC","TEAM_MILITIA",false,"","Welcome back","SHADOW_PLAYER_RESPAWN","JNEL: New Bucket for Noc"
"xx","Host_Noc_shadowPlayerRespawn_03_01","diag_ap_nocNotify_playerBecomesShadowSquad_03_01_3p",10,"#HOST_NOC","TEAM_MILITIA",false,"","Revenge is calling","SHADOW_PLAYER_RESPAWN","JNEL: New Bucket for Noc"
"xx","Host_Noc_shadowPlayerRespawn_03_02","diag_ap_nocNotify_playerBecomesShadowSquad_03_02_3p",10,"#HOST_NOC","TEAM_MILITIA",false,"","Revenge is calling","SHADOW_PLAYER_RESPAWN","JNEL: New Bucket for Noc"
"xx","Host_Noc_shadowPlayerRespawn_04_01","diag_ap_nocNotify_playerBecomesShadowSquad_04_01_3p",10,"#HOST_NOC","TEAM_MILITIA",false,"","Now you’re mine. Dont screw it up","SHADOW_PLAYER_RESPAWN","JNEL: New Bucket for Noc"
"xx","Host_Noc_shadowPlayerRespawn_04_02","diag_ap_nocNotify_playerBecomesShadowSquad_04_02_3p",10,"#HOST_NOC","TEAM_MILITIA",false,"","Now you’re mine. Dont screw it up","SHADOW_PLAYER_RESPAWN","JNEL: New Bucket for Noc"
"xx","Host_Noc_shadowPlayerRespawn_05_01","diag_ap_nocNotify_playerBecomesShadowSquad_05_01_3p",10,"#HOST_NOC","TEAM_MILITIA",false,"","Huh Comeback for more Good","SHADOW_PLAYER_RESPAWN","JNEL: New Bucket for Noc"
"xx","Host_Noc_shadowPlayerRespawn_05_02","diag_ap_nocNotify_playerBecomesShadowSquad_05_02_3p",10,"#HOST_NOC","TEAM_MILITIA",false,"","Huh Comeback for more Good","SHADOW_PLAYER_RESPAWN","JNEL: New Bucket for Noc"
"xx","Host_Noc_shadowPlayerRespawn_06_01","diag_ap_nocNotify_playerBecomesShadowSquad_06_01_3p",10,"#HOST_NOC","TEAM_MILITIA",false,"","Dying after death welcome to my life","SHADOW_PLAYER_RESPAWN","JNEL: New Bucket for Noc"
"xx","Host_Noc_shadowPlayerRespawn_06_02","diag_ap_nocNotify_playerBecomesShadowSquad_06_02_3p",10,"#HOST_NOC","TEAM_MILITIA",false,"","Dying after death welcome to my life","SHADOW_PLAYER_RESPAWN","JNEL: New Bucket for Noc"
"xx","Host_Noc_shadowPlayerRespawn_07_01","diag_ap_nocNotify_playerBecomesShadowSquad_07_01_3p",10,"#HOST_NOC","TEAM_MILITIA",false,"","Im giving you another chance now go","SHADOW_PLAYER_RESPAWN","JNEL: New Bucket for Noc"
"xx","Host_Noc_shadowPlayerRespawn_07_02","diag_ap_nocNotify_playerBecomesShadowSquad_07_02_3p",10,"#HOST_NOC","TEAM_MILITIA",false,"","Im giving you another chance now go","SHADOW_PLAYER_RESPAWN","JNEL: New Bucket for Noc"
"xx","Host_Noc_shadowPlayerRespawn_07_03","diag_ap_nocNotify_playerBecomesShadowSquad_07_03_3p",10,"#HOST_NOC","TEAM_MILITIA",false,"","Im giving you another chance now go","SHADOW_PLAYER_RESPAWN","JNEL: New Bucket for Noc"
"xx","Host_Noc_shadowPlayerRespawn_08_01","diag_ap_nocNotify_playerBecomesShadowSquad_08_01_3p",10,"#HOST_NOC","TEAM_MILITIA",false,"","You can do better skinsuit","SHADOW_PLAYER_RESPAWN","JNEL: New Bucket for Noc"
"xx","Host_Noc_shadowPlayerRespawn_08_02","diag_ap_nocNotify_playerBecomesShadowSquad_08_02_3p",10,"#HOST_NOC","TEAM_MILITIA",false,"","You can do better skinsuit","SHADOW_PLAYER_RESPAWN","JNEL: New Bucket for Noc"
"xx","Host_Noc_shadowPlayerRespawn_08_03","diag_ap_nocNotify_playerBecomesShadowSquad_08_03_3p",10,"#HOST_NOC","TEAM_MILITIA",false,"","You can do better skinsuit","SHADOW_PLAYER_RESPAWN","JNEL: New Bucket for Noc"
"xx","","",0,"","",false,"","","",""
"xx","Host_Noc_shadowPlayerRespawn_09_01","diag_ap_nocNotify_playerBecomesShadowSquadRev_01_01_3p",10,"#HOST_NOC","TEAM_MILITIA",false,"","I'll keep resurrecting you until you admit you'll always be in my shadow.","","Revenant Respawns as Shadow"
"xx","Host_Noc_shadowPlayerRespawn_09_02","diag_ap_nocNotify_playerBecomesShadowSquadRev_01_02_3p",10,"#HOST_NOC","TEAM_MILITIA",false,"","I'll keep resurrecting you until you admit you'll always be in my shadow.","","Revenant Respawns as Shadow"
"xx","Host_Noc_shadowPlayerRespawn_10_01","diag_ap_nocNotify_playerBecomesShadowSquadRev_02_01_3p",10,"#HOST_NOC","TEAM_MILITIA",false,"","You shall continue to respawn until I say otherwise.","","Revenant Respawns as Shadow"
"xx","Host_Noc_shadowPlayerRespawn_10_02","diag_ap_nocNotify_playerBecomesShadowSquadRev_02_02_3p",10,"#HOST_NOC","TEAM_MILITIA",false,"","You shall continue to respawn until I say otherwise.","","Revenant Respawns as Shadow"
"xx","Host_Noc_shadowPlayerRespawn_11_01","diag_ap_nocNotify_playerBecomesShadowSquadRev_03_01_3p",10,"#HOST_NOC","TEAM_MILITIA",false,"","You died again?! I'm ashamed to share a name with you.","","Revenant Respawns as Shadow"
"xx","Host_Noc_shadowPlayerRespawn_11_02","diag_ap_nocNotify_playerBecomesShadowSquadRev_03_02_3p",10,"#HOST_NOC","TEAM_MILITIA",false,"","You died again?! I'm ashamed to share a name with you.","","Revenant Respawns as Shadow"
"xx","","",0,"","",false,"","","",""
"xx","Host_Noc_shadowPlayerDeathFinal_01_01","diag_ap_nocNotify_playerDeathFinal_01_01_3p",10,"#HOST_NOC","TEAM_MILITIA",false,"","The Shadows are done with you.","SHADOW_PLAYER_DEATH_FINAL","JNEL: New Bucket for Noc"
"xx","Host_Noc_shadowPlayerDeathFinal_01_02","diag_ap_nocNotify_playerDeathFinal_01_02_3p",10,"#HOST_NOC","TEAM_MILITIA",false,"","The Shadows are done with you.","SHADOW_PLAYER_DEATH_FINAL","JNEL: New Bucket for Noc"
"xx","Host_Noc_shadowPlayerDeathFinal_01_03","diag_ap_nocNotify_playerDeathFinal_01_03_3p",10,"#HOST_NOC","TEAM_MILITIA",false,"","The Shadows are done with you.","SHADOW_PLAYER_DEATH_FINAL","JNEL: New Bucket for Noc"
"xx","Host_Noc_shadowPlayerDeathFinal_02_01","diag_ap_nocNotify_playerDeathFinal_02_01_3p",10,"#HOST_NOC","TEAM_MILITIA",false,"","The Shadows are done with you.","SHADOW_PLAYER_DEATH_FINAL","JNEL: New Bucket for Noc"
"xx","Host_Noc_shadowPlayerDeathFinal_02_02","diag_ap_nocNotify_playerDeathFinal_02_02_3p",10,"#HOST_NOC","TEAM_MILITIA",false,"","The Shadows are done with you.","SHADOW_PLAYER_DEATH_FINAL","JNEL: New Bucket for Noc"
"xx","Host_Noc_shadowPlayerDeathFinal_03_01","diag_ap_nocNotify_playerDeathFinal_03_01_3p",10,"#HOST_NOC","TEAM_MILITIA",false,"","The Shadows are done with you.","SHADOW_PLAYER_DEATH_FINAL","JNEL: New Bucket for Noc"
"xx","Host_Noc_shadowPlayerDeathFinal_03_02","diag_ap_nocNotify_playerDeathFinal_03_02_3p",10,"#HOST_NOC","TEAM_MILITIA",false,"","The Shadows are done with you.","SHADOW_PLAYER_DEATH_FINAL","JNEL: New Bucket for Noc"
"xx","","",0,"","",false,"","","",""
"xx","Host_Noc_shadowPlayerDeathFinal_04_01","diag_ap_nocNotify_playerDeathFinalRev_01_01_3p",10,"#HOST_NOC","TEAM_MILITIA",false,"","I've made my point. You're a complete failure.","SHADOW_PLAYER_DEATH_FINAL_REV","Revenant Dies For Good"
"xx","Host_Noc_shadowPlayerDeathFinal_04_02","diag_ap_nocNotify_playerDeathFinalRev_01_02_3p",10,"#HOST_NOC","TEAM_MILITIA",false,"","I've made my point. You're a complete failure.","SHADOW_PLAYER_DEATH_FINAL_REV","Revenant Dies For Good"
"xx","Host_Noc_shadowPlayerDeathFinal_05_01","diag_ap_nocNotify_playerDeathFinalRev_02_01_3p",10,"#HOST_NOC","TEAM_MILITIA",false,"","Is that how you prove to me you're superior? Really?","SHADOW_PLAYER_DEATH_FINAL_REV","Revenant Dies For Good"
"xx","Host_Noc_shadowPlayerDeathFinal_05_02","diag_ap_nocNotify_playerDeathFinalRev_02_02_3p",10,"#HOST_NOC","TEAM_MILITIA",false,"","Is that how you prove to me you're superior? Really?","SHADOW_PLAYER_DEATH_FINAL_REV","Revenant Dies For Good"
"xx","Host_Noc_shadowPlayerDeathFinal_06_01","diag_ap_nocNotify_playerDeathFinalRev_03_01_3p",10,"#HOST_NOC","TEAM_MILITIA",false,"","The fact that you dare think we're equals is a joke. Just like you.","SHADOW_PLAYER_DEATH_FINAL_REV","Revenant Dies For Good"
"xx","Host_Noc_shadowPlayerDeathFinal_06_02","diag_ap_nocNotify_playerDeathFinalRev_03_02_3p",10,"#HOST_NOC","TEAM_MILITIA",false,"","The fact that you dare think we're equals is a joke. Just like you.","SHADOW_PLAYER_DEATH_FINAL_REV","Revenant Dies For Good"
"xx","Host_Noc_shadowPlayerDeathFinal_07_01","diag_ap_nocNotify_playerDeathFinalRev_04_01_3p",10,"#HOST_NOC","TEAM_MILITIA",false,"","A lesser Revenant has met his end","SHADOW_PLAYER_DEATH_FINAL_REV","Revenant Dies For Good"
"xx","Host_Noc_shadowPlayerDeathFinal_07_02","diag_ap_nocNotify_playerDeathFinalRev_04_02_3p",10,"#HOST_NOC","TEAM_MILITIA",false,"","A lesser Revenant has met his end","SHADOW_PLAYER_DEATH_FINAL_REV","Revenant Dies For Good"
"xx","Host_Noc_shadowPlayerDeathFinal_08_01","diag_ap_nocNotify_playerDeathFinalRev_05_01_3p",10,"#HOST_NOC","TEAM_MILITIA",false,"","Tell our father I send my regards","SHADOW_PLAYER_DEATH_FINAL_REV","Revenant Dies For Good"
"xx","Host_Noc_shadowPlayerDeathFinal_08_02","diag_ap_nocNotify_playerDeathFinalRev_05_02_3p",10,"#HOST_NOC","TEAM_MILITIA",false,"","Tell our father I send my regards","SHADOW_PLAYER_DEATH_FINAL_REV","Revenant Dies For Good"
"xx","","",0,"","",false,"","","",""
"xx","","",0,"","",false,"","","",""
"xx","Host_Noc_shadowsPlayerJoin_01_01","diag_ap_nocNotify_playerDeathFirst_01_01_3p",10,"#HOST_NOC","TEAM_MILITIA",false,"","First time respawning as a Shadow","SHADOWS_PLAYER_JOIN","JNEL: New Bucket for Noc"
"xx","Host_Noc_shadowsPlayerJoin_01_02","diag_ap_nocNotify_playerDeathFirst_01_02_3p",10,"#HOST_NOC","TEAM_MILITIA",false,"","First time respawning as a Shadow","SHADOWS_PLAYER_JOIN","JNEL: New Bucket for Noc"
"xx","Host_Noc_shadowsPlayerJoin_01_03","diag_ap_nocNotify_playerDeathFirst_01_03_3p",10,"#HOST_NOC","TEAM_MILITIA",false,"","First time respawning as a Shadow","SHADOWS_PLAYER_JOIN","JNEL: New Bucket for Noc"
"xx","Host_Noc_shadowsPlayerJoin_02_01","diag_ap_nocNotify_playerDeathFirst_02_01_3p",10,"#HOST_NOC","TEAM_MILITIA",false,"","First time respawning as a Shadow","SHADOWS_PLAYER_JOIN","JNEL: New Bucket for Noc"
"xx","Host_Noc_shadowsPlayerJoin_02_02","diag_ap_nocNotify_playerDeathFirst_02_02_3p",10,"#HOST_NOC","TEAM_MILITIA",false,"","First time respawning as a Shadow","SHADOWS_PLAYER_JOIN","JNEL: New Bucket for Noc"
"xx","Host_Noc_shadowsPlayerJoin_03_01","diag_ap_nocNotify_playerDeathFirst_03_01_3p",10,"#HOST_NOC","TEAM_MILITIA",false,"","First time respawning as a Shadow","SHADOWS_PLAYER_JOIN","JNEL: New Bucket for Noc"
"xx","Host_Noc_shadowsPlayerJoin_03_02","diag_ap_nocNotify_playerDeathFirst_03_02_3p",10,"#HOST_NOC","TEAM_MILITIA",false,"","First time respawning as a Shadow","SHADOWS_PLAYER_JOIN","JNEL: New Bucket for Noc"
"xx","","",0,"","",false,"","","",""
"xx","Host_Noc_shadowsPlayerJoin_04_01","diag_ap_nocNotify_playerDeathFirstRev_01_01_3p",10,"#HOST_NOC","TEAM_MILITIA",false,"","Now maybe you'll see your true potential, as one of my Shadows.","","Revenant Dies First Time"
"xx","Host_Noc_shadowsPlayerJoin_04_02","diag_ap_nocNotify_playerDeathFirstRev_01_02_3p",10,"#HOST_NOC","TEAM_MILITIA",false,"","Now maybe you'll see your true potential, as one of my Shadows.","","Revenant Dies First Time"
"xx","Host_Noc_shadowsPlayerJoin_05_01","diag_ap_nocNotify_playerDeathFirstRev_02_01_3p",10,"#HOST_NOC","TEAM_MILITIA",false,"","Perhaps time as a Shadow will teach my counterpart humility.","","Revemant Dies First Time"
"xx","Host_Noc_shadowsPlayerJoin_05_02","diag_ap_nocNotify_playerDeathFirstRev_02_02_3p",10,"#HOST_NOC","TEAM_MILITIA",false,"","Perhaps time as a Shadow will teach my counterpart humility.","","Revemant Dies First Time"
"xx","Host_Noc_shadowsPlayerJoin_06_01","diag_ap_nocNotify_playerDeathFirstRev_03_01_3p",10,"#HOST_NOC","TEAM_MILITIA",false,"","My arrogant doppelganger falls. Not surprising.","","Revemant Dies First Time"
"xx","Host_Noc_shadowsPlayerJoin_06_02","diag_ap_nocNotify_playerDeathFirstRev_03_02_3p",10,"#HOST_NOC","TEAM_MILITIA",false,"","My arrogant doppelganger falls. Not surprising.","","Revemant Dies First Time"
"xx","","",0,"","",false,"","","",""
"xx","Host_Noc_shadowSquadGrow_01_01","diag_ap_nocNotify_shadowSquadGrow_01_01_3p",10,"#HOST_NOC","TEAM_MILITIA",false,"","The Shadow Squad grows. They thrive off your fear","SHADOWSQUAD_GROW","JNEL: New Bucket for Noc"
"xx","Host_Noc_shadowSquadGrow_01_02","diag_ap_nocNotify_shadowSquadGrow_01_02_3p",10,"#HOST_NOC","TEAM_MILITIA",false,"","The Shadow Squad grows. They thrive off your fear","SHADOWSQUAD_GROW","JNEL: New Bucket for Noc"
"xx","Host_Noc_shadowSquadGrow_01_03","diag_ap_nocNotify_shadowSquadGrow_01_03_3p",10,"#HOST_NOC","TEAM_MILITIA",false,"","The Shadow Squad grows. They thrive off your fear","SHADOWSQUAD_GROW","JNEL: New Bucket for Noc"
"xx","Host_Noc_shadowSquadGrow_02_01","diag_ap_nocNotify_shadowSquadGrow_02_01_3p",10,"#HOST_NOC","TEAM_MILITIA",false,"","More Shadows join my ranks.","SHADOWSQUAD_GROW","JNEL: New Bucket for Noc"
"xx","Host_Noc_shadowSquadGrow_02_02","diag_ap_nocNotify_shadowSquadGrow_02_02_3p",10,"#HOST_NOC","TEAM_MILITIA",false,"","More Shadows join my ranks.","SHADOWSQUAD_GROW","JNEL: New Bucket for Noc"
"xx","Host_Noc_shadowSquadGrow_03_01","diag_ap_nocNotify_shadowSquadGrow_03_01_3p",10,"#HOST_NOC","TEAM_MILITIA",false,"","More turn to the shadows. I welcome them.","SHADOWSQUAD_GROW","JNEL: New Bucket for Noc"
"xx","Host_Noc_shadowSquadGrow_03_02","diag_ap_nocNotify_shadowSquadGrow_03_02_3p",10,"#HOST_NOC","TEAM_MILITIA",false,"","More turn to the shadows. I welcome them.","SHADOWSQUAD_GROW","JNEL: New Bucket for Noc"
"xx","Host_Noc_shadowSquadGrow_03_03","diag_ap_nocNotify_shadowSquadGrow_03_03_3p",10,"#HOST_NOC","TEAM_MILITIA",false,"","More turn to the shadows. I welcome them.","SHADOWSQUAD_GROW","JNEL: New Bucket for Noc"
"xx","Host_Noc_shadowSquadSpawns_01_01","diag_ap_nocNotify_shadowSquadSpawns_01_01_3p",10,"#HOST_NOC","TEAM_MILITIA",false,"","You can’t keep the dead asleep. Better start running","EVAC_SHIP_INCOMING","JNEL: New Bucket for Noc"
"xx","Host_Noc_shadowSquadSpawns_01_02","diag_ap_nocNotify_shadowSquadSpawns_01_02_3p",10,"#HOST_NOC","TEAM_MILITIA",false,"","You can’t keep the dead asleep. Better start running","EVAC_SHIP_INCOMING","JNEL: New Bucket for Noc"
"xx","Host_Noc_shadowSquadSpawns_02_01","diag_ap_nocNotify_shadowSquadSpawns_02_01_3p",10,"#HOST_NOC","TEAM_MILITIA",false,"","The Shadows rise again. I love this part","SHADOWSQUAD_SPAWNS","JNEL: New Bucket for Noc"
"xx","Host_Noc_shadowSquadSpawns_02_02","diag_ap_nocNotify_shadowSquadSpawns_02_02_3p",10,"#HOST_NOC","TEAM_MILITIA",false,"","The Shadows rise again. I love this part","SHADOWSQUAD_GROW","JNEL: New Bucket for Noc"
"xx","Host_Noc_shadowSquadSpawns_03_01","diag_ap_nocNotify_shadowSquadSpawns_03_01_3p",10,"#HOST_NOC","TEAM_MILITIA",false,"","Another swarm of shadows rise. This is when it gets good","SHADOWSQUAD_SPAWNS","JNEL: New Bucket for Noc"
"xx","Host_Noc_shadowSquadSpawns_03_02","diag_ap_nocNotify_shadowSquadSpawns_03_02_3p",10,"#HOST_NOC","TEAM_MILITIA",false,"","Another swarm of shadows rise. This is when it gets good","SHADOWSQUAD_GROW","JNEL: New Bucket for Noc"
"xx","Host_Noc_shadowSquadSpawns_03_03","diag_ap_nocNotify_shadowSquadSpawns_03_03_3p",10,"#HOST_NOC","TEAM_MILITIA",false,"","Another swarm of shadows rise. This is when it gets good","SHADOWSQUAD_SPAWNS","JNEL: New Bucket for Noc"
"xx","Host_Noc_skydiveTaunt_01_01","diag_ap_nocNotify_skydiveTaunt_01_01_3p",10,"#HOST_NOC","TEAM_MILITIA",false,"","Death is never the end. Not in my world","","JNEL: New Bucket for Noc"
"xx","Host_Noc_skydiveTaunt_01_02","diag_ap_nocNotify_skydiveTaunt_01_02_3p",10,"#HOST_NOC","TEAM_MILITIA",false,"","Death is never the end. Not in my world","","JNEL: New Bucket for Noc"
"xx","Host_Noc_skydiveTaunt_02_01","diag_ap_nocNotify_skydiveTaunt_02_01_3p",10,"#HOST_NOC","TEAM_MILITIA",false,"","Survival is not just for the living","","JNEL: New Bucket for Noc"
"xx","Host_Noc_skydiveTaunt_02_02","diag_ap_nocNotify_skydiveTaunt_02_02_3p",10,"#HOST_NOC","TEAM_MILITIA",false,"","Survival is not just for the living","","JNEL: New Bucket for Noc"
"xx","Host_Noc_skydiveTaunt_03_01","diag_ap_nocNotify_skydiveTaunt_03_01_3p",10,"#HOST_NOC","TEAM_MILITIA",false,"","In my Games, you will fear the Shadows.","CHAR_SELECT_TAUNT","Intro Over Character Select Screen"
"xx","Host_Noc_skydiveTaunt_03_02","diag_ap_nocNotify_skydiveTaunt_03_02_3p",10,"#HOST_NOC","TEAM_MILITIA",false,"","In my Games, you will fear the Shadows.","CHAR_SELECT_TAUNT","Intro Over Character Select Screen"
"xx","Host_Noc_skydiveTaunt_03_03","diag_ap_nocNotify_skydiveTaunt_03_03_3p",10,"#HOST_NOC","TEAM_MILITIA",false,"","In my Games, you will fear the Shadows.","CHAR_SELECT_TAUNT","Intro Over Character Select Screen"
"xx","Host_Noc_charSelectTaunt_01_01","diag_ap_nocNotify_readyUpA_01_01_3p",10,"#HOST_NOC","TEAM_MILITIA",false,"","The Legends have returned... but this time, I'm ready for you.","CHAR_SELECT_TAUNT","Intro Over Character Select Screen"
"xx","Host_Noc_charSelectTaunt_01_02","diag_ap_nocNotify_readyUpA_01_02_3p",10,"#HOST_NOC","TEAM_MILITIA",false,"","The Legends have returned... but this time, I'm ready for you.","CHAR_SELECT_TAUNT","Intro Over Character Select Screen"
"xx","Host_Noc_charSelectTaunt_02_01","diag_ap_nocNotify_readyUpA_02_01_3p",10,"#HOST_NOC","TEAM_MILITIA",false,"","I see you've returned. Good. The Shadows have missed you.","CHAR_SELECT_TAUNT","Intro Over Character Select Screen"
"xx","Host_Noc_charSelectTaunt_02_02","diag_ap_nocNotify_readyUpA_02_02_3p",10,"#HOST_NOC","TEAM_MILITIA",false,"","I see you've returned. Good. The Shadows have missed you.","CHAR_SELECT_TAUNT","Intro Over Character Select Screen"
"xx","Host_Noc_charSelectTaunt_03_01","diag_ap_nocNotify_readyUpA_03_01_3p",10,"#HOST_NOC","TEAM_MILITIA",false,"","You just can't get enough of me, can you? ","CHAR_SELECT_TAUNT","Intro Over Character Select Screen"
"xx","Host_Noc_charSelectTaunt_03_02","diag_ap_nocNotify_readyUpA_03_02_3p",10,"#HOST_NOC","TEAM_MILITIA",false,"","You just can't get enough of me, can you? ","CHAR_SELECT_TAUNT","Intro Over Character Select Screen"
"xx","Host_Noc_charSelectTaunt_04_01","diag_ap_nocNotify_readyUpA_04_01_3p",10,"#HOST_NOC","TEAM_MILITIA",false,"","You trespass, you steal my treasures, but now... now we strike back.","CHAR_SELECT_TAUNT","Intro Over Character Select Screen"
"xx","Host_Noc_charSelectTaunt_04_02","diag_ap_nocNotify_readyUpA_04_02_3p",10,"#HOST_NOC","TEAM_MILITIA",false,"","You trespass, you steal my treasures, but now... now we strike back.","CHAR_SELECT_TAUNT","Intro Over Character Select Screen"
"xx","Host_Noc_charSelectTaunt_05_01","diag_ap_nocNotify_readyUpB_01_01_3p",10,"#HOST_NOC","TEAM_MILITIA",false,"","You made the mistake of entering my world. Now I'm entering yours.","CHAR_SELECT_TAUNT_ALT_MAP","Intro Over Character Select Screen"
"xx","Host_Noc_charSelectTaunt_05_02","diag_ap_nocNotify_readyUpB_01_02_3p",10,"#HOST_NOC","TEAM_MILITIA",false,"","You made the mistake of entering my world. Now I'm entering yours.","CHAR_SELECT_TAUNT_ALT_MAP","Intro Over Character Select Screen"
"xx","Host_Noc_charSelectTaunt_06_01","diag_ap_nocNotify_readyUpB_02_01_3p",10,"#HOST_NOC","TEAM_MILITIA",false,"","You think we're scared of daylight? Day is when shadows are strongest.","CHAR_SELECT_TAUNT_ALT_MAP","Intro Over Character Select Screen"
"xx","Host_Noc_charSelectTaunt_06_02","diag_ap_nocNotify_readyUpB_02_02_3p",10,"#HOST_NOC","TEAM_MILITIA",false,"","You think we're scared of daylight? Day is when shadows are strongest.","CHAR_SELECT_TAUNT_ALT_MAP","Intro Over Character Select Screen"
"xx","Host_Noc_charSelectTaunt_07_01","diag_ap_nocNotify_readyUpB_03_01_3p",10,"#HOST_NOC","TEAM_MILITIA",false,"","Your Syndicate was happy to work out this merger. All it'll cost is your lives.","CHAR_SELECT_TAUNT_ALT_MAP","Intro Over Character Select Screen"
"xx","Host_Noc_charSelectTaunt_07_02","diag_ap_nocNotify_readyUpB_03_02_3p",10,"#HOST_NOC","TEAM_MILITIA",false,"","Your Syndicate was happy to work out this merger. All it'll cost is your lives.","CHAR_SELECT_TAUNT_ALT_MAP","Intro Over Character Select Screen"
"xx","Host_Noc_charSelectTaunt_08_01","diag_ap_nocNotify_readyUpB_04_01_3p",10,"#HOST_NOC","TEAM_MILITIA",false,"","So many new worlds. We Shadows may never leave.","CHAR_SELECT_TAUNT_ALT_MAP","Intro Over Character Select Screen"
"xx","Host_Noc_charSelectTaunt_08_02","diag_ap_nocNotify_readyUpB_04_02_3p",10,"#HOST_NOC","TEAM_MILITIA",false,"","So many new worlds. We Shadows may never leave.","CHAR_SELECT_TAUNT_ALT_MAP","Intro Over Character Select Screen"
"xx","","",0,"","",false,"","","",""
"xx","Host_Noc_streakChampKilled_01a_01","diag_ap_nocNotify_streakChampKilled_01a_01_3p",10,"#HOST_NOC","TEAM_MILITIA",false,"","The Champ's lost their Top 5 streak. And their will to live.","STREAK_LOST_CHAMP","JNEL: New Bucket for Noc"
"xx","Host_Noc_streakChampKilled_01a_02","diag_ap_nocNotify_streakChampKilled_01a_02_3p",10,"#HOST_NOC","TEAM_MILITIA",false,"","The Champ's lost their Top 5 streak. And their will to live.","STREAK_LOST_CHAMP","JNEL: New Bucket for Noc"
"xx","Host_Noc_streakChampKilled_01b_01","diag_ap_nocNotify_streakChampKilled_01b_01_3p",10,"#HOST_NOC","TEAM_MILITIA",false,"","Aww. The Champ is dead, just like the rest of you skinsuits. ","STREAK_LOST_CHAMP","JNEL: New Bucket for Noc"
"xx","Host_Noc_streakChampKilled_01b_02","diag_ap_nocNotify_streakChampKilled_01b_02_3p",10,"#HOST_NOC","TEAM_MILITIA",false,"","The Champ is dead, just like the rest of you skinsuits. ","STREAK_LOST_CHAMP","JNEL: New Bucket for Noc"
"xx","Host_Noc_streakChampKilled_02a_01","diag_ap_nocNotify_streakChampKilled_02a_01_3p",10,"#HOST_NOC","TEAM_MILITIA",false,"","Heh.. I have appointed a new Kill Leader. I like that.","STREAK_NEW_KILL_LEADER","JNEL: New Bucket for Noc"
"xx","Host_Noc_streakChampKilled_02a_02","diag_ap_nocNotify_streakChampKilled_02a_02_3p",10,"#HOST_NOC","TEAM_MILITIA",false,"","Ahh.. I have appointed a new Kill Leader. I like that.","STREAK_NEW_KILL_LEADER","JNEL: New Bucket for Noc"
"xx","Host_Noc_streakChampKilled_02a_03","diag_ap_nocNotify_streakChampKilled_02a_03_3p",10,"#HOST_NOC","TEAM_MILITIA",false,"","Hah.. I have appointed a new Kill Leader. I like that.","STREAK_NEW_KILL_LEADER","JNEL: New Bucket for Noc"
"xx","Host_Noc_streakChampKilled_02b_01","diag_ap_nocNotify_streakChampKilled_02b_01_3p",10,"#HOST_NOC","TEAM_MILITIA",false,"","The Champion, and their streak, are both dead. ","STREAK_LOST_CHAMP","JNEL: New Bucket for Noc"
"xx","Host_Noc_streakChampKilled_02b_02","diag_ap_nocNotify_streakChampKilled_02b_02_3p",10,"#HOST_NOC","TEAM_MILITIA",false,"","The Champion, and their streak, are both dead. ","STREAK_LOST_CHAMP","JNEL: New Bucket for Noc"
"xx","Host_Noc_streakChampKilled_02b_03","diag_ap_nocNotify_streakChampKilled_02b_03_3p",10,"#HOST_NOC","TEAM_MILITIA",false,"","The Champion, and their streak, are both dead. ","STREAK_LOST_CHAMP","JNEL: New Bucket for Noc"
"xx","Host_Noc_streakChampKilled_03a_01","diag_ap_nocNotify_streakChampKilled_03a_01_3p",10,"#HOST_NOC","TEAM_MILITIA",false,"","The Top 5 Champion's streak has ended.","STREAK_LOST_CHAMP","JNEL: New Bucket for Noc"
"xx","Host_Noc_streakChampKilled_03b_01","diag_ap_nocNotify_streakChampKilled_03b_01_3p",10,"#HOST_NOC","TEAM_MILITIA",false,"","The Top 5 Champion lost their streak... and a fatal amount of blood.","STREAK_LOST_CHAMP","JNEL: New Bucket for Noc"
"xx","Host_Noc_streakChampKilled_04a_01","diag_ap_nocNotify_streakChampKilled_04a_01_3p",10,"#HOST_NOC","TEAM_MILITIA",false,"","Top 5 Champ is dead. Don't hit your skull as you plummet to the bottom... Champ.","STREAK_LOST_CHAMP","JNEL: New Bucket for Noc"
"xx","Host_Noc_streakChampKilled_04b_01","diag_ap_nocNotify_streakChampKilled_04b_01_3p",10,"#HOST_NOC","TEAM_MILITIA",false,"","The Top Five Champion's deathbox is now up for grabs. Loot away.","STREAK_LOST_CHAMP","JNEL: New Bucket for Noc"
"xx","Host_Noc_streakChampKilled_04b_02","diag_ap_nocNotify_streakChampKilled_04b_02_3p",10,"#HOST_NOC","TEAM_MILITIA",false,"","The Top Five Champion's deathbox is now up for grabs. Loot away.","STREAK_LOST_CHAMP","JNEL: New Bucket for Noc"
"xx","Host_Noc_streakChampKilled_05a_01","diag_ap_nocNotify_streakChampKilled_05a_01_3p",10,"#HOST_NOC","TEAM_MILITIA",false,"","If you pass by the streak Champ's corpse, shoot it again for good luck.","STREAK_LOST_CHAMP","JNEL: New Bucket for Noc"
"xx","Host_Noc_streakChampKilled_05b_01","diag_ap_nocNotify_streakChampKilled_05b_01_3p",10,"#HOST_NOC","TEAM_MILITIA",false,"","Everyone wave bye-bye to the streak Champion.","STREAK_LOST_CHAMP","JNEL: New Bucket for Noc"
"xx","Host_Noc_streakChampKilled_05b_02","diag_ap_nocNotify_streakChampKilled_05b_02_3p",10,"#HOST_NOC","TEAM_MILITIA",false,"","Everyone wave bye-bye to the streak Champion.","STREAK_LOST_CHAMP","JNEL: New Bucket for Noc"
"xx","Host_Noc_streakChampKilled_05c_01","diag_ap_nocNotify_streakChampKilled_05c_01_3p",10,"#HOST_NOC","TEAM_MILITIA",false,"","Your streak Champion is now a streak corpse.","STREAK_LOST_CHAMP","JNEL: New Bucket for Noc"
"xx","Host_Noc_streakChampKilled_06a_01","diag_ap_nocNotify_streakChampKilled_06a_01_3p",10,"#HOST_NOC","TEAM_MILITIA",false,"","Champ's dead before making Top Five. Bet you're broken up about that.","CHAMP_DIED_NO_TOP5_STREAK","JNEL: New Bucket for Noc"
"xx","Host_Noc_streakChampKilled_06a_02","diag_ap_nocNotify_streakChampKilled_06a_02_3p",10,"#HOST_NOC","TEAM_MILITIA",false,"","Champ's dead before making Top Five. Bet you're broken up about that.","CHAMP_DIED_NO_TOP5_STREAK","JNEL: New Bucket for Noc"
"xx","Host_Noc_streakChampKilled_06b_01","diag_ap_nocNotify_streakChampKilled_06b_01_3p",10,"#HOST_NOC","TEAM_MILITIA",false,"","The Champ is out. Enjoy playing with the bottom feeders, skinsuit.","CHAMP_DIED_NO_TOP5_STREAK","JNEL: New Bucket for Noc"
"xx","Host_Noc_streakChampKilled_06b_02","diag_ap_nocNotify_streakChampKilled_06b_02_3p",10,"#HOST_NOC","TEAM_MILITIA",false,"","The Champ is out. Enjoy playing with the bottom feeders, skinsuit.","CHAMP_DIED_NO_TOP5_STREAK","JNEL: New Bucket for Noc"
"xx","Host_Noc_streakChampKilled_06c_01","diag_ap_nocNotify_streakChampKilled_06c_01_3p",10,"#HOST_NOC","TEAM_MILITIA",false,"","The Top Five will be missing someone next match... their Champ.","CHAMP_DIED_NO_TOP5_STREAK","JNEL: New Bucket for Noc"
"xx","Host_Noc_streakChampKilled_06c_02","diag_ap_nocNotify_streakChampKilled_06c_02_3p",10,"#HOST_NOC","TEAM_MILITIA",false,"","The Top Five will be missing someone next match... their Champ.","CHAMP_DIED_NO_TOP5_STREAK","JNEL: New Bucket for Noc"
"xx","Host_Noc_streakChampKilled_07a_01","diag_ap_nocNotify_streakChampKilled_07a_01_3p",10,"#HOST_NOC","TEAM_MILITIA",false,"","The streak Champion's out of the game and out of Top Five.","STREAK_LOST_CHAMP","JNEL: New Bucket for Noc"
"xx","Host_Noc_streakChampKilled_07b_01","diag_ap_nocNotify_streakChampKilled_07b_01_3p",10,"#HOST_NOC","TEAM_MILITIA",false,"","The streak Champion's no longer Top Five. Also, no longer breathing.","STREAK_LOST_CHAMP","JNEL: New Bucket for Noc"
"xx","Host_Noc_streakChampKilled_07b_02","diag_ap_nocNotify_streakChampKilled_07b_02_3p",10,"#HOST_NOC","TEAM_MILITIA",false,"","The streak Champion's no longer Top Five. Also, no longer breathing.","STREAK_LOST_CHAMP","JNEL: New Bucket for Noc"
"xx","Host_Noc_streakChampKilled_08a_01","diag_ap_nocNotify_streakChampKilled_08a_01_3p",10,"#HOST_NOC","TEAM_MILITIA",false,"","The Apex Predator is dead. Not so Apex now, are they?","STREAK_LOST_APEX_PRED","JNEL: New Bucket for Noc"
"xx","Host_Noc_streakChampKilled_08a_02","diag_ap_nocNotify_streakChampKilled_08a_02_3p",10,"#HOST_NOC","TEAM_MILITIA",false,"","The Apex Predator is dead. Not so Apex now, are they?","STREAK_LOST_APEX_PRED","JNEL: New Bucket for Noc"
"xx","Host_Noc_streakChampKilled_09a_01","diag_ap_nocNotify_streakChampKilled_09a_01_3p",10,"#HOST_NOC","TEAM_MILITIA",false,"","The Apex Predator's streak is over.","STREAK_LOST_APEX_PRED","JNEL: New Bucket for Noc"
"xx","Host_Noc_streakChampKilled_09a_02","diag_ap_nocNotify_streakChampKilled_09a_02_3p",10,"#HOST_NOC","TEAM_MILITIA",false,"","The Apex Predator's streak is over.","STREAK_LOST_APEX_PRED","JNEL: New Bucket for Noc"
"xx","","",0,"","",false,"","","",""
"xx","Host_Noc_evacShipIncoming_01_01_3p","diag_ap_nocNotify_evacShipIncoming_01_01_3p",10,"#HOST_NOC","TEAM_MILITIA",false,"","Don't worry...it's almost over.","EVAC_SHIP_INCOMING","JNEL: New Bucket for Noc"
"xx","Host_Noc_evacShipIncoming_02_01_3p","diag_ap_nocNotify_evacShipIncoming_02_01_3p",10,"#HOST_NOC","TEAM_MILITIA",false,"","It's nearing the end","EVAC_SHIP_INCOMING","JNEL: New Bucket for Noc"
"xx","Host_Noc_evacShipIncoming_03_01_3p","diag_ap_nocNotify_evacShipIncoming_03_01_3p",10,"#HOST_NOC","TEAM_MILITIA",false,"","I like it when you all flee.","EVAC_SHIP_INCOMING","JNEL: New Bucket for Noc"
"xx","Host_Noc_evacShipIncoming_04_01_3p","diag_ap_nocNotify_evacShipIncoming_04_01_3p",10,"#HOST_NOC","TEAM_MILITIA",false,"","It'll all be over soon.","EVAC_SHIP_INCOMING","JNEL: New Bucket for Noc"
"xx","Host_Noc_evacShipIncoming_05_01_3p","diag_ap_nocNotify_evacShipIncoming_05_01_3p",10,"#HOST_NOC","TEAM_MILITIA",false,"","Enjoy these final moments. Some of you will die.","EVAC_SHIP_INCOMING","JNEL: New Bucket for Noc"
"xx","Host_Noc_evacShipIncomingShadows_01_01_3p","diag_ap_nocNotify_evacShipIncoming_01_01_3p",10,"#HOST_NOC","TEAM_MILITIA",false,"","Don't worry...it's almost over.","EVAC_SHIP_INCOMING_SHADOWS","JNEL: New Bucket for Noc"
"xx","Host_Noc_evacShipIncomingShadows_02_01_3p","diag_ap_nocNotify_evacShipIncoming_02_01_3p",10,"#HOST_NOC","TEAM_MILITIA",false,"","It's nearing the end","EVAC_SHIP_INCOMING_SHADOWS","JNEL: New Bucket for Noc"
"xx","Host_Noc_evacShipIncomingShadows_04_01_3p","diag_ap_nocNotify_evacShipIncoming_04_01_3p",10,"#HOST_NOC","TEAM_MILITIA",false,"","It'll all be over soon.","EVAC_SHIP_INCOMING_SHADOWS","JNEL: New Bucket for Noc"
"xx","Host_Noc_nocNotify_revengeKill_01_01_3p","diag_ap_nocNotify_revengeKill_01_01_3p",0,"#HOST_Noc","TEAM_MILITIA",false,"","Boo.  Heh heh heh.","SHADOW_REVENGE_KILL","JNEL: New Bucket for Noc"
"xx","Host_Noc_nocNotify_revengeKill_01_02_3p","diag_ap_nocNotify_revengeKill_01_02_3p",0,"#HOST_Noc","TEAM_MILITIA",false,"","Boo.  Heh heh heh.","SHADOW_REVENGE_KILL","JNEL: New Bucket for Noc"
"xx","Host_Noc_nocNotify_revengeKill_01_03_3p","diag_ap_nocNotify_revengeKill_01_03_3p",0,"#HOST_Noc","TEAM_MILITIA",false,"","Boo.  Heh heh heh.","SHADOW_REVENGE_KILL","JNEL: New Bucket for Noc"
"xx","Host_Noc_nocNotify_revengeKill_01_04_3p","diag_ap_nocNotify_revengeKill_01_04_3p",0,"#HOST_Noc","TEAM_MILITIA",false,"","Boo.  Heh heh heh.","SHADOW_REVENGE_KILL","JNEL: New Bucket for Noc"
"xx","Host_Noc_nocNotify_revengeKill_01_05_3p","diag_ap_nocNotify_revengeKill_01_05_3p",0,"#HOST_Noc","TEAM_MILITIA",false,"","Boo.  Heh heh heh.","SHADOW_REVENGE_KILL","JNEL: New Bucket for Noc"
"xx","","",0,"","",false,"","","",""
"xx","","diag_ap_nocNotify_diedFirstRev_01_01_3p",0,"#HOST_NOC","TEAM_MILITIA",false,"","First blood... and it's my doppelganger. Pathetic.","","Revenant is First Blood"
"xx","","diag_ap_nocNotify_diedFirstRev_01_02_3p",0,"#HOST_NOC","TEAM_MILITIA",false,"","First blood... and it's my doppelganger. Pathetic.","","Revenant is First Blood"
"xx","","diag_ap_nocNotify_diedFirstRev_01_03_3p",0,"#HOST_NOC","TEAM_MILITIA",false,"","First blood... and it's my doppelganger. Pathetic.","","Revenant is First Blood"
"xx","","diag_ap_nocNotify_diedFirstRev_01_04_3p",0,"#HOST_NOC","TEAM_MILITIA",false,"","First blood... and it's my doppelganger. Pathetic.","","Revenant is First Blood"
"xx","","diag_ap_nocNotify_diedFirstRev_02_01_3p",0,"#HOST_NOC","TEAM_MILITIA",false,"","First blood. Guess we know which Revenant is superior, don't we? ","","Revenant is First Blood"
"xx","","",0,"","",false,"","","",""
"xx","","diag_ap_nocNotify_killLeaderNewRev_01_01_3p",0,"#HOST_NOC","TEAM_MILITIA",false,"","We have a new Kill Leader. Who knew he had ambition?","","New Kill Leader is Revenant"
"xx","","diag_ap_nocNotify_killLeaderNewRev_01_02_3p",0,"#HOST_NOC","TEAM_MILITIA",false,"","We have a new Kill Leader. Who knew he had ambition?","","New Kill Leader is Revenant"
"xx","","diag_ap_nocNotify_killLeaderNewRev_01_03_3p",0,"#HOST_NOC","TEAM_MILITIA",false,"","We have a new Kill Leader. Who knew he had ambition?","","New Kill Leader is Revenant"
"xx","","diag_ap_nocNotify_killLeaderNewRev_02_01_3p",0,"#HOST_NOC","TEAM_MILITIA",false,"","A new Kill Leader! Well... second to me, that is. ","","New Kill Leader is Revenant"
"xx","","diag_ap_nocNotify_killLeaderNewRev_02_02_3p",0,"#HOST_NOC","TEAM_MILITIA",false,"","A new Kill Leader! Well... second to me, that is. ","","New Kill Leader is Revenant"
"xx","","diag_ap_nocNotify_killLeaderNewRev_02_03_3p",0,"#HOST_NOC","TEAM_MILITIA",false,"","A new Kill Leader! Well... second to me, that is. ","","New Kill Leader is Revenant"
"xx","","",0,"","",false,"","","",""
"xx","","",0,"","",false,"","","",""
"xx","","",0,"","",false,"","","",""
"xx","","",0,"","",false,"","","",""
"xx","","",0,"","",false,"","","",""
"xx","Host_AI_RespawnFullGear","diag_ap_aiNotify_respawnFullGear_3p",0,"#HOST_MIRAGE","TEAM_MILITIA",false,"","Auto-Respawn with Full Gear In Effect.","",""
"xx","Host_AI_TrainMultipleSquads","diag_ap_aiNotify_trainMultipleSquads_3p",0,"#HOST_MIRAGE","TEAM_MILITIA",false,"","You are not the only squad on the train.","","state change to contested from controlled"
"xx","Host_AI_TrainRulesHint","diag_ap_aiNotify_trainRulesHint_3p",0,"#HOST_MIRAGE","TEAM_MILITIA",false,"","Capture the train to acquire the most points.","","when you first are skydiving"
"xx","Host_AI_TrainYourSquadHolds","diag_ap_aiNotify_trainYourSquadHolds_3p",0,"#HOST_MIRAGE","TEAM_MILITIA",false,"","Your squad now holds the train.","","objectiveOwners when state changes to controlled"
"xx","","",0,"","",false,"","","",""
"xx","Host_Mirage_FirstBlood_01_01","diag_mp_mirage_exp_diedFirst_01_01_3p",10,"#HOST_MIRAGE","TEAM_MILITIA",false,"","Wow, first blood already. And who was it? ( whispering ) Wait it wasn't me, was it? Am I dead?","FIRST_BLOOD",""
"xx","Host_Mirage_FirstBlood_01_02","diag_mp_mirage_exp_diedFirst_01_02_3p",10,"#HOST_MIRAGE","TEAM_MILITIA",false,"","Wow, first blood already. And who was it? ( whispering ) Wait it wasn't me, was it? Am I dead?","FIRST_BLOOD",""
"xx","Host_Mirage_FirstBlood_01_03","diag_mp_mirage_exp_diedFirst_01_03_3p",10,"#HOST_MIRAGE","TEAM_MILITIA",false,"","Wow, first blood already. And who was it? ( whispering ) Wait it wasn't me, was it? Am I dead?","FIRST_BLOOD",""
"xx","Host_Mirage_FirstBlood_02_01","diag_mp_mirage_exp_diedFirst_02_01_3p",10,"#HOST_MIRAGE","TEAM_MILITIA",false,"","First blood, which means somebody really wants on that train!","FIRST_BLOOD",""
"xx","Host_Mirage_FirstBlood_02_02","diag_mp_mirage_exp_diedFirst_02_02_3p",10,"#HOST_MIRAGE","TEAM_MILITIA",false,"","First blood, which means somebody really wants on that train!","FIRST_BLOOD",""
"xx","Host_Mirage_FirstBlood_03_01","diag_mp_mirage_exp_diedFirst_03_01_3p",10,"#HOST_MIRAGE","TEAM_MILITIA",false,"","Ho-ho-holy cow, somebody's already drawn first blood.","FIRST_BLOOD",""
"xx","Host_Mirage_FirstBlood_03_02","diag_mp_mirage_exp_diedFirst_03_02_3p",10,"#HOST_MIRAGE","TEAM_MILITIA",false,"","Ho-ho-holy cow, somebody's already drawn first blood.","FIRST_BLOOD",""
"xx","Host_Mirage_FirstBlood_04_01","diag_mp_mirage_exp_diedFirst_04_01_3p",10,"#HOST_MIRAGE","TEAM_MILITIA",false,"","( deep voice ) First blood. ( regular voice ) No, wait, that was the scary Halloween voice. Let me try my Santa voice. ( exact same deep voice ) First blood. ( regular voice ) Nailed it. ","FIRST_BLOOD",""
"xx","Host_Mirage_FirstBlood_04_02","diag_mp_mirage_exp_diedFirst_04_02_3p",10,"#HOST_MIRAGE","TEAM_MILITIA",false,"","( deep voice ) First blood. ( regular voice ) No, wait, that was the scary Halloween voice. Let me try my Santa voice. ( exact same deep voice ) First blood. ( regular voice ) Yeah, nailed it. ","FIRST_BLOOD",""
"xx","Host_Mirage_FirstBlood_04_03","diag_mp_mirage_exp_diedFirst_04_03_3p",10,"#HOST_MIRAGE","TEAM_MILITIA",false,"","( deep voice ) First blood. ( regular voice ) No, wait, that was the scary Halloween voice. Let me try my Santa voice. Here we go. ( exact same deep voice ) First blood. ( regular voice ) Yeah, I think I nailed it.","FIRST_BLOOD",""
"xx","Host_Mirage_FirstBlood_05_01","diag_mp_mirage_exp_diedFirst_05_01_3p",10,"#HOST_MIRAGE","TEAM_MILITIA",false,"","( deep voice ) First blood. Sounds so cool when I do that.","FIRST_BLOOD",""
"xx","Host_Mirage_FirstBlood_05_02","diag_mp_mirage_exp_diedFirst_05_02_3p",10,"#HOST_MIRAGE","TEAM_MILITIA",false,"","First blood. It's like I'm, like an annoucer.","FIRST_BLOOD",""
"xx","Host_Mirage_FirstBlood_05_03","diag_mp_mirage_exp_diedFirst_05_03_3p",10,"#HOST_MIRAGE","TEAM_MILITIA",false,"","First blood.","FIRST_BLOOD",""
"xx","Host_Mirage_FirstBlood_05_04","diag_mp_mirage_exp_diedFirst_05_04_3p",10,"#HOST_MIRAGE","TEAM_MILITIA",false,"","First blood.","FIRST_BLOOD",""
"xx","Host_Mirage_FirstBlood_06_01","diag_mp_mirage_exp_diedFirst_06_01_3p",10,"#HOST_MIRAGE","TEAM_MILITIA",false,"","Just like that.... we got first blood.","FIRST_BLOOD",""
"xx","Host_Mirage_FirstBlood_06_02","diag_mp_mirage_exp_diedFirst_06_02_3p",10,"#HOST_MIRAGE","TEAM_MILITIA",false,"","Just like that.... we got first blood.","FIRST_BLOOD",""
"xx","Host_Mirage_FirstBlood_06_03","diag_mp_mirage_exp_diedFirst_06_03_3p",10,"#HOST_MIRAGE","TEAM_MILITIA",false,"","Just like that.... we got first blood.","FIRST_BLOOD",""
"xx","Host_Mirage_FirstBlood_07_01","diag_mp_mirage_exp_diedFirst_07_01_3p",10,"#HOST_MIRAGE","TEAM_MILITIA",false,"","First blood - Wow. This got dark fast. It's not very festive. ( trying to lighten the mood ) Fa la la la la la… ah forget it.","FIRST_BLOOD",""
"xx","Host_Mirage_FirstBlood_07_02","diag_mp_mirage_exp_diedFirst_07_02_3p",10,"#HOST_MIRAGE","TEAM_MILITIA",false,"","First blood - Wow. This got dark fast. ( trying to lighten the mood ) Fa la la la la la la… does that lighten the mood at all for anyone?","FIRST_BLOOD",""
"xx","Host_Mirage_FirstBlood_07_03","diag_mp_mirage_exp_diedFirst_07_03_3p",10,"#HOST_MIRAGE","TEAM_MILITIA",false,"","First blood - Wow. This got dark fast. Uhh.. ( trying to lighten the mood ) Fa la la la la la la la… la","FIRST_BLOOD",""
"xx","Host_Mirage_FirstBlood_08_01","diag_mp_mirage_exp_diedFirst_08_01_3p",10,"#HOST_MIRAGE","TEAM_MILITIA",false,"","We got our first blood. Well done.","FIRST_BLOOD",""
"xx","Host_Mirage_FirstBlood_08_02","diag_mp_mirage_exp_diedFirst_08_02_3p",10,"#HOST_MIRAGE","TEAM_MILITIA",false,"","We got our first blood. Well done.","FIRST_BLOOD",""
"xx","","",0,"","",false,"","","",""
"xx","Host_Mirage_EnemyCapTrain_01_01","diag_mp_mirage_exp_enemyCapTrain_01_01_3p",10,"#HOST_MIRAGE","TEAM_MILITIA",false,"","You snooze, you lose. Somebody captured the train.","ENEMY_CAP_TRAIN",""
"xx","Host_Mirage_EnemyCapTrain_01_02","diag_mp_mirage_exp_enemyCapTrain_01_02_3p",10,"#HOST_MIRAGE","TEAM_MILITIA",false,"","You snooze, you lose. Somebody captured the train.","ENEMY_CAP_TRAIN",""
"xx","Host_Mirage_EnemyCapTrain_01_03","diag_mp_mirage_exp_enemyCapTrain_01_03_3p",10,"#HOST_MIRAGE","TEAM_MILITIA",false,"","You snooze, you lose. Somebody captured the train.","ENEMY_CAP_TRAIN",""
"xx","Host_Mirage_EnemyCapTrain_02_01","diag_mp_mirage_exp_enemyCapTrain_02_01_3p",10,"#HOST_MIRAGE","TEAM_MILITIA",false,"","Sorry, kids. The train has been claimed. That rhymes. Kinda.","ENEMY_CAP_TRAIN",""
"xx","Host_Mirage_EnemyCapTrain_02_02","diag_mp_mirage_exp_enemyCapTrain_02_02_3p",10,"#HOST_MIRAGE","TEAM_MILITIA",false,"","Sorry, kids. The train has been claimed. That rhymes. Kinda.","ENEMY_CAP_TRAIN",""
"xx","Host_Mirage_EnemyCapTrain_03_01","diag_mp_mirage_exp_enemyCapTrain_03_01_3p",10,"#HOST_MIRAGE","TEAM_MILITIA",false,"","One lucky squad has captured the train. The rest of you, can start walking.","ENEMY_CAP_TRAIN",""
"xx","Host_Mirage_EnemyCapTrain_03_02","diag_mp_mirage_exp_enemyCapTrain_03_02_3p",10,"#HOST_MIRAGE","TEAM_MILITIA",false,"","One lucky squad has captured the train. The rest of you, start walking.","ENEMY_CAP_TRAIN",""
"xx","Host_Mirage_EnemyCapTrain_03_03","diag_mp_mirage_exp_enemyCapTrain_03_03_3p",10,"#HOST_MIRAGE","TEAM_MILITIA",false,"","One lucky squad has captured the train. The rest of you, start walking.","ENEMY_CAP_TRAIN",""
"xx","","",0,"","",false,"","","",""
"xx","Host_Mirage_MatchIntro_01b_01","diag_mp_mirage_exp_intro_01b_01_3p",10,"#HOST_MIRAGE","TEAM_MILITIA",false,"","All aboard the Winter Express! It's been a whole year, so let us reflect...on all my accomplishments. Mm. Oh yes. That's a good one.","MATCH_INTRO",""
"xx","Host_Mirage_MatchIntro_01b_02","diag_mp_mirage_exp_intro_01b_02_3p",10,"#HOST_MIRAGE","TEAM_MILITIA",false,"","All aboard the Winter Express! It's been a whole year, so let us reflect...on all my accomplishments. Mm. Oh yes. That's a good one.","MATCH_INTRO",""
"xx","Host_Mirage_MatchIntro_01b_03","diag_mp_mirage_exp_intro_01b_03_3p",10,"#HOST_MIRAGE","TEAM_MILITIA",false,"","All aboard the Winter Express! It's been a whole year, so let us reflect...on all my accomplishments. Mm. Oh yes. That's a good one.","MATCH_INTRO",""
"xx","Host_Mirage_MatchIntro_02_01","diag_mp_mirage_exp_intro_02_01_3p",10,"#HOST_MIRAGE","TEAM_MILITIA",false,"","Now arriving at... the Winter Express. ALL ABOARD!","MATCH_INTRO",""
"xx","Host_Mirage_MatchIntro_02_02","diag_mp_mirage_exp_intro_02_02_3p",10,"#HOST_MIRAGE","TEAM_MILITIA",false,"","Now arriving at... the Winter Express. I've always wanted to say this… ALL ABOARD! Nailed it.","MATCH_INTRO",""
"xx","Host_Mirage_MatchIntro_03b_01","diag_mp_mirage_exp_intro_03b_01_3p",10,"#HOST_MIRAGE","TEAM_MILITIA",false,"","Attention, Legends. Yes, that includes you, Pathfinder. Welcome to Mirage's Winter Express!","MATCH_INTRO",""
"xx","Host_Mirage_MatchIntro_03b_02","diag_mp_mirage_exp_intro_03b_02_3p",10,"#HOST_MIRAGE","TEAM_MILITIA",false,"","Attention, Legends. Yes, that includes you, Pathfinder. Welcome to Mirage's Winter Express!","MATCH_INTRO",""
"xx","Host_Mirage_MatchIntro_03b_02","diag_mp_mirage_exp_intro_03b_03_3p",10,"#HOST_MIRAGE","TEAM_MILITIA",false,"","Attention, Legends. Yes, that includes you, Pathfinder. Welcome to Mirage's Winter Express!","MATCH_INTRO",""
"xx","Host_Mirage_MatchIntro_04_01","diag_mp_mirage_exp_intro_04_01_3p",10,"#HOST_MIRAGE","TEAM_MILITIA",false,"","Welcome to Mirage's Winter Express. I'll be your pre-recorded guide, with the assistance of the lovely A.I. Announcer.","MATCH_INTRO",""
"xx","Host_Mirage_MatchIntro_04_02","diag_mp_mirage_exp_intro_04_02_3p",10,"#HOST_MIRAGE","TEAM_MILITIA",false,"","Welcome to Mirage's Winter Express. I'll be your pre-recorded guide, with the assistance of the lovely A.I. Announcer. ","MATCH_INTRO",""
"xx","Host_Mirage_MatchIntro_05b_01","diag_mp_mirage_exp_intro_05b_01_3p",10,"#HOST_MIRAGE","TEAM_MILITIA",false,"","Now boarding: the Winter Express. Oh, you can bet your sweet caboose you're in for one heck of a ride. Huh? What sounds creepy about that?","MATCH_INTRO",""
"xx","Host_Mirage_MatchIntro_05b_02","diag_mp_mirage_exp_intro_05b_02_3p",10,"#HOST_MIRAGE","TEAM_MILITIA",false,"","Now boarding: the Winter Express. Oh, you can bet your sweet caboose you're in for one heck of a ride. Huh? What sounds creepy about that?","MATCH_INTRO",""
"xx","Host_Mirage_MatchIntro_05b_03","diag_mp_mirage_exp_intro_05b_03_3p",10,"#HOST_MIRAGE","TEAM_MILITIA",false,"","Now boarding: the Winter Express. Oh, you can bet your sweet caboose you're in for one heck of a ride. Huh? What sounds creepy about that?","MATCH_INTRO",""
"xx","Host_Mirage_MatchIntro_07_01","diag_mp_mirage_exp_intro_07_01_3p",10,"#HOST_MIRAGE","TEAM_MILITIA",false,"","You've arrived at my Winter Express… land!","MATCH_INTRO",""
"xx","Host_Mirage_MatchIntro_07_02","diag_mp_mirage_exp_intro_07_02_3p",10,"#HOST_MIRAGE","TEAM_MILITIA",false,"","You've arrived at my Winter Express… land? It's just it's Winter Express-land.","MATCH_INTRO",""
"xx","Host_Mirage_MatchIntro_07_03","diag_mp_mirage_exp_intro_07_03_3p",10,"#HOST_MIRAGE","TEAM_MILITIA",false,"","You've arrived at my Winter Express ( clears throat ) land. Winter Express-land.","MATCH_INTRO",""
"xx","Host_Mirage_MatchIntro_08_01","diag_mp_mirage_exp_intro_08_01_3p",10,"#HOST_MIRAGE","TEAM_MILITIA",false,"","Welcome to the Winter Express.","MATCH_INTRO",""
"xx","Host_Mirage_MatchIntro_08_02","diag_mp_mirage_exp_intro_08_02_3p",10,"#HOST_MIRAGE","TEAM_MILITIA",false,"","Welcome to the Winter Express.","MATCH_INTRO",""
"xx","Host_Mirage_MatchIntro_09_01","diag_mp_mirage_exp_intro_09_01_3p",10,"#HOST_MIRAGE","TEAM_MILITIA",false,"","All aboard the Winter Express!","MATCH_INTRO",""
"xx","Host_Mirage_MatchIntro_09_02","diag_mp_mirage_exp_intro_09_02_3p",10,"#HOST_MIRAGE","TEAM_MILITIA",false,"","All aboard the Winter Express!","MATCH_INTRO",""
"xx","","",0,"","",false,"","","",""
"xx","Host_Mirage_IntroChampion_01_01","diag_mp_mirage_exp_IntroChampion_01_01_3p",10,"#HOST_MIRAGE","TEAM_MILITIA",false,"","Hey, look! It's your Champion! ","INTRO_CHAMPION_CARD",""
"xx","Host_Mirage_IntroChampion_01_02","diag_mp_mirage_exp_IntroChampion_01_02_3p",10,"#HOST_MIRAGE","TEAM_MILITIA",false,"","Hey, look! It's your Champion! ","INTRO_CHAMPION_CARD",""
"xx","Host_Mirage_IntroChampion_02_01","diag_mp_mirage_exp_IntroChampion_02_01_3p",10,"#HOST_MIRAGE","TEAM_MILITIA",false,"","And now a word from your Champion.","INTRO_CHAMPION_CARD",""
"xx","Host_Mirage_IntroChampion_02_02","diag_mp_mirage_exp_IntroChampion_02_02_3p",10,"#HOST_MIRAGE","TEAM_MILITIA",false,"","And now a word from your Champion.","INTRO_CHAMPION_CARD",""
"xx","Host_Mirage_IntroChampion_03_01","diag_mp_mirage_exp_IntroChampion_03_01_3p",10,"#HOST_MIRAGE","TEAM_MILITIA",false,"","Step aside, Champion coming through!","INTRO_CHAMPION_CARD",""
"xx","Host_Mirage_IntroChampion_03_02","diag_mp_mirage_exp_IntroChampion_03_02_3p",10,"#HOST_MIRAGE","TEAM_MILITIA",false,"","Step aside, Champion coming through!","INTRO_CHAMPION_CARD",""
"xx","Host_Mirage_IntroChampion_04_01","diag_mp_mirage_exp_IntroChampion_04_01_3p",10,"#HOST_MIRAGE","TEAM_MILITIA",false,"","Here's your Champ. Hopefully it's me!","INTRO_CHAMPION_CARD",""
"xx","Host_Mirage_IntroChampion_04_02","diag_mp_mirage_exp_IntroChampion_04_02_3p",10,"#HOST_MIRAGE","TEAM_MILITIA",false,"","Here's your Champ. Hopefully it's me!","INTRO_CHAMPION_CARD",""
"xx","","",0,"","",false,"","","",""
"xx","Host_Mirage_KillLeaderNew_01_01","diag_mp_mirage_exp_killLeaderNew_01_01_3p",10,"#HOST_MIRAGE","TEAM_MILITIA",false,"","Hey hey, new kill leader!","NEW_KILL_LEADER",""
"xx","Host_Mirage_KillLeaderNew_01_02","diag_mp_mirage_exp_killLeaderNew_01_02_3p",10,"#HOST_MIRAGE","TEAM_MILITIA",false,"","Hey, new kill leader!","NEW_KILL_LEADER",""
"xx","Host_Mirage_KillLeaderNew_01_03","diag_mp_mirage_exp_killLeaderNew_01_03_3p",10,"#HOST_MIRAGE","TEAM_MILITIA",false,"","Hey, new kill leader!","NEW_KILL_LEADER",""
"xx","Host_Mirage_KillLeaderNew_02b_01","diag_mp_mirage_exp_killLeaderNew_02b_01_3p",10,"#HOST_MIRAGE","TEAM_MILITIA",false,"","We got a new Kill Leader. It's probably me. Or, I dunno, some big cheater.","NEW_KILL_LEADER",""
"xx","Host_Mirage_KillLeaderNew_02b_02","diag_mp_mirage_exp_killLeaderNew_02b_02_3p",10,"#HOST_MIRAGE","TEAM_MILITIA",false,"","We got a new Kill Leader. It's probably me. Or, I dunno, some big cheater.","NEW_KILL_LEADER",""
"xx","Host_Mirage_KillLeaderNew_03_01","diag_mp_mirage_exp_killLeaderNew_03_01_3p",10,"#HOST_MIRAGE","TEAM_MILITIA",false,"","Looks like there's a new Kill Leader!","NEW_KILL_LEADER",""
"xx","Host_Mirage_KillLeaderNew_03_02","diag_mp_mirage_exp_killLeaderNew_03_02_3p",10,"#HOST_MIRAGE","TEAM_MILITIA",false,"","Looks like there's a new Kill Leader!","NEW_KILL_LEADER",""
"xx","Host_Mirage_KillLeaderNew_04_01","diag_mp_mirage_exp_killLeaderNew_04_01_3p",10,"#HOST_MIRAGE","TEAM_MILITIA",false,"","Oh man. A new Kill Leader. Look out!","NEW_KILL_LEADER",""
"xx","Host_Mirage_KillLeaderNew_04_02","diag_mp_mirage_exp_killLeaderNew_04_02_3p",10,"#HOST_MIRAGE","TEAM_MILITIA",false,"","Oh man. A new Kill Leader. Look out!","NEW_KILL_LEADER",""
"xx","","",0,"","",false,"","","",""
"xx","Host_Mirage_SeasonsGreetings_01_01","diag_mp_mirage_exp_seasonsGreetings_01_01_3p",10,"#HOST_MIRAGE","TEAM_MILITIA",false,"","Happy Holidoozle!","SEASONS_GREETINGS",""
"xx","Host_Mirage_SeasonsGreetings_01_02","diag_mp_mirage_exp_seasonsGreetings_01_02_3p",10,"#HOST_MIRAGE","TEAM_MILITIA",false,"","Happy Holidoozle!","SEASONS_GREETINGS",""
"xx","Host_Mirage_SeasonsGreetings_01_03","diag_mp_mirage_exp_seasonsGreetings_01_03_3p",10,"#HOST_MIRAGE","TEAM_MILITIA",false,"","Happy Holidoozle!","SEASONS_GREETINGS",""
"xx","Host_Mirage_SeasonsGreetings_01_04","diag_mp_mirage_exp_seasonsGreetings_01_04_3p",10,"#HOST_MIRAGE","TEAM_MILITIA",false,"","Season's Groozles!","SEASONS_GREETINGS",""
"xx","Host_Mirage_SeasonsGreetings_01_05","diag_mp_mirage_exp_seasonsGreetings_01_05_3p",10,"#HOST_MIRAGE","TEAM_MILITIA",false,"","Season's Groozles!","SEASONS_GREETINGS",""
"xx","Host_Mirage_SeasonsGreetings_01_06","diag_mp_mirage_exp_seasonsGreetings_01_06_3p",10,"#HOST_MIRAGE","TEAM_MILITIA",false,"","Season's Groozles!","SEASONS_GREETINGS",""
"xx","Host_Mirage_SeasonsGreetings_01_07","diag_mp_mirage_exp_seasonsGreetings_01_07_3p",10,"#HOST_MIRAGE","TEAM_MILITIA",false,"","Tis the Soozle!","SEASONS_GREETINGS",""
"xx","Host_Mirage_SeasonsGreetings_01_08","diag_mp_mirage_exp_seasonsGreetings_01_08_3p",10,"#HOST_MIRAGE","TEAM_MILITIA",false,"","Tis the Soozle!","SEASONS_GREETINGS",""
"xx","Host_Mirage_SeasonsGreetings_01_09","diag_mp_mirage_exp_seasonsGreetings_01_09_3p",10,"#HOST_MIRAGE","TEAM_MILITIA",false,"","Tis the Soozle!","SEASONS_GREETINGS",""
"xx","Host_Mirage_SeasonsGreetings_02_01","diag_mp_mirage_exp_seasonsGreetings_02_01_3p",10,"#HOST_MIRAGE","TEAM_MILITIA",false,"","Happy New Yoozle!","SEASONS_GREETINGS",""
"xx","Host_Mirage_SeasonsGreetings_02_02","diag_mp_mirage_exp_seasonsGreetings_02_02_3p",10,"#HOST_MIRAGE","TEAM_MILITIA",false,"","Happy New Yoozle!","SEASONS_GREETINGS",""
"xx","Host_Mirage_SeasonsGreetings_02_03","diag_mp_mirage_exp_seasonsGreetings_02_03_3p",10,"#HOST_MIRAGE","TEAM_MILITIA",false,"","Happy New Yoozle!","SEASONS_GREETINGS",""
"xx","Host_Mirage_SeasonsGreetings_02_04","diag_mp_mirage_exp_seasonsGreetings_02_04_3p",10,"#HOST_MIRAGE","TEAM_MILITIA",false,"","Happy New Yoozle!","SEASONS_GREETINGS",""
"xx","Host_Mirage_SeasonsGreetings_03_01","diag_mp_mirage_exp_seasonsGreetings_03_01_3p",10,"#HOST_MIRAGE","TEAM_MILITIA",false,"","Best Wishes for the Holidoozle!","SEASONS_GREETINGS",""
"xx","Host_Mirage_SeasonsGreetings_03_02","diag_mp_mirage_exp_seasonsGreetings_03_02_3p",10,"#HOST_MIRAGE","TEAM_MILITIA",false,"","Best Wishes for the Holidoozle!","SEASONS_GREETINGS",""
"xx","Host_Mirage_SeasonsGreetings_03_03","diag_mp_mirage_exp_seasonsGreetings_03_03_3p",10,"#HOST_MIRAGE","TEAM_MILITIA",false,"","Best Wishes for the Holidoozle!","SEASONS_GREETINGS",""
"xx","Host_Mirage_SeasonsGreetings_03_04","diag_mp_mirage_exp_seasonsGreetings_03_04_3p",10,"#HOST_MIRAGE","TEAM_MILITIA",false,"","Best Wishes for the Holidoozle!","SEASONS_GREETINGS",""
"xx","Host_Mirage_SeasonsGreetings_04_01","diag_mp_mirage_exp_seasonsGreetings_04_01_3p",10,"#HOST_MIRAGE","TEAM_MILITIA",false,"","Happy Solstoozle!","SEASONS_GREETINGS",""
"xx","Host_Mirage_SeasonsGreetings_04_02","diag_mp_mirage_exp_seasonsGreetings_04_02_3p",10,"#HOST_MIRAGE","TEAM_MILITIA",false,"","Happy Solstoozle!","SEASONS_GREETINGS",""
"xx","Host_Mirage_SeasonsGreetings_04_03","diag_mp_mirage_exp_seasonsGreetings_04_03_3p",10,"#HOST_MIRAGE","TEAM_MILITIA",false,"","Happy Solstoozle!","SEASONS_GREETINGS",""
"xx","Host_Mirage_SeasonsGreetings_04_04","diag_mp_mirage_exp_seasonsGreetings_04_04_3p",10,"#HOST_MIRAGE","TEAM_MILITIA",false,"","Happy Solstoozle!","SEASONS_GREETINGS",""
"xx","Host_Mirage_SeasonsGreetings_04_05","diag_mp_mirage_exp_seasonsGreetings_04_05_3p",10,"#HOST_MIRAGE","TEAM_MILITIA",false,"","Happy Solstoozle!","SEASONS_GREETINGS",""
"xx","","",0,"","",false,"","","",""
"xx","Host_Mirage_SquadWinRoundByElim_01_01","diag_mp_mirage_exp_squadWinRoundByElim_01_01_3p",10,"#HOST_MIRAGE","TEAM_MILITIA",false,"","Well.. they didn't capture the train.. but they're the only ones left. So I guess that's one way to do it.","ROUND_WIN_BY_ELIM",""
"xx","Host_Mirage_SquadWinRoundByElim_01_02","diag_mp_mirage_exp_squadWinRoundByElim_01_02_3p",10,"#HOST_MIRAGE","TEAM_MILITIA",false,"","Well.. they didn't capture the train.. but they're the only ones left. So I guess that's one way to do it.","ROUND_WIN_BY_ELIM",""
"xx","Host_Mirage_SquadWinRoundByElim_01_03","diag_mp_mirage_exp_squadWinRoundByElim_01_03_3p",10,"#HOST_MIRAGE","TEAM_MILITIA",false,"","Well.. they didn't capture the train.. but they're the only ones left. So I guess that's one way to do it.","ROUND_WIN_BY_ELIM",""
"xx","Host_Mirage_SquadWinRoundByElim_02_01","diag_mp_mirage_exp_squadWinRoundByElim_02_01_3p",10,"#HOST_MIRAGE","TEAM_MILITIA",false,"","By process of elimination, through process of elimination, a squad has won this round.","ROUND_WIN_BY_ELIM",""
"xx","Host_Mirage_SquadWinRoundByElim_02_02","diag_mp_mirage_exp_squadWinRoundByElim_02_02_3p",10,"#HOST_MIRAGE","TEAM_MILITIA",false,"","By process of elimination, through process of elimination, a squad has won this round. I think.","ROUND_WIN_BY_ELIM",""
"xx","Host_Mirage_SquadWinRoundByElim_02_03","diag_mp_mirage_exp_squadWinRoundByElim_02_03_3p",10,"#HOST_MIRAGE","TEAM_MILITIA",false,"","By process of elimination, through…through proc…through...alright, a squad has won this round guys, because…they killed everybody.","ROUND_WIN_BY_ELIM",""
"xx","Host_Mirage_SquadWinRoundByElim_03b_01","diag_mp_mirage_exp_squadWinRoundByElim_03b_01_3p",10,"#HOST_MIRAGE","TEAM_MILITIA",false,"","Last squad standing means they win this round. And they did it doing what they love best--eliminating their friends, confidants, and some may dare say family, until none of them were left. Happy Holidays one and all!","ROUND_WIN_BY_ELIM",""
"xx","Host_Mirage_SquadWinRoundByElim_03b_02","diag_mp_mirage_exp_squadWinRoundByElim_03b_02_3p",10,"#HOST_MIRAGE","TEAM_MILITIA",false,"","Last squad standing means they win this round. And they did it doing what they love best--eliminating their friends, confidants, and some may dare say family, until none of them were left. Happy Holidays one and all!","ROUND_WIN_BY_ELIM",""
"xx","","",0,"","",false,"","","",""
"xx","Host_Mirage_TimeExpired_01_01","diag_mp_mirage_exp_timeExpired_01_01_3p",10,"#HOST_MIRAGE","TEAM_MILITIA",false,"","Time's up.","TIME_EXPIRED",""
"xx","Host_Mirage_TimeExpired_01_02","diag_mp_mirage_exp_timeExpired_01_02_3p",10,"#HOST_MIRAGE","TEAM_MILITIA",false,"","And...Time's up.","TIME_EXPIRED",""
"xx","Host_Mirage_TimeExpired_01_03","diag_mp_mirage_exp_timeExpired_01_03_3p",10,"#HOST_MIRAGE","TEAM_MILITIA",false,"","And...Time's up.","TIME_EXPIRED",""
"xx","Host_Mirage_TimeExpired_02_01","diag_mp_mirage_exp_timeExpired_02_01_3p",10,"#HOST_MIRAGE","TEAM_MILITIA",false,"","Clock's run out.","TIME_EXPIRED",""
"xx","Host_Mirage_TimeExpired_02_02","diag_mp_mirage_exp_timeExpired_02_02_3p",10,"#HOST_MIRAGE","TEAM_MILITIA",false,"","Clock's run out.","TIME_EXPIRED",""
"xx","Host_Mirage_TimeExpired_02_03","diag_mp_mirage_exp_timeExpired_02_03_3p",10,"#HOST_MIRAGE","TEAM_MILITIA",false,"","Clock's run out.","TIME_EXPIRED",""
"xx","Host_Mirage_TimeExpired_03_01","diag_mp_mirage_exp_timeExpired_03_01_3p",10,"#HOST_MIRAGE","TEAM_MILITIA",false,"","<buzzer> That's time, folks.","TIME_EXPIRED",""
"xx","Host_Mirage_TimeExpired_03_02","diag_mp_mirage_exp_timeExpired_03_02_3p",10,"#HOST_MIRAGE","TEAM_MILITIA",false,"","<buzzer> That's time, folks.","TIME_EXPIRED",""
"xx","Host_Mirage_TimeExpired_03_03","diag_mp_mirage_exp_timeExpired_03_03_3p",10,"#HOST_MIRAGE","TEAM_MILITIA",false,"","<buzzer> That's time, folks.","TIME_EXPIRED",""
"xx","","",0,"","",false,"","","",""
"xx","Host_Mirage_TrainMoving_01b_01","diag_mp_mirage_exp_trainMoving_01b_01_3p",10,"#HOST_MIRAGE","TEAM_MILITIA",false,"","Okay, train is moving. Keep your arms and legs inside at all times because this thing is really not insured.","TRAIN_MOVING",""
"xx","Host_Mirage_TrainMoving_01b_02","diag_mp_mirage_exp_trainMoving_01b_02_3p",10,"#HOST_MIRAGE","TEAM_MILITIA",false,"","Okay, train is moving. Keep your arms and legs inside at all times because this thing is really not insured.","TRAIN_MOVING",""
"xx","Host_Mirage_TrainMoving_01b_02","diag_mp_mirage_exp_trainMoving_01b_03_3p",10,"#HOST_MIRAGE","TEAM_MILITIA",false,"","Okay, train is moving. Keep your arms and legs inside at all times because this thing is really not insured.","TRAIN_MOVING",""
"xx","Host_Mirage_TrainMoving_01b_02","diag_mp_mirage_exp_trainMoving_01b_04_3p",10,"#HOST_MIRAGE","TEAM_MILITIA",false,"","Okay, train is moving. Keep your arms and legs inside at all times because this thing is really not insured.","TRAIN_MOVING",""
"xx","Host_Mirage_TrainMoving_02b_01","diag_mp_mirage_exp_trainMoving_02b_01_3p",10,"#HOST_MIRAGE","TEAM_MILITIA",false,"","And we are moving. Good luck out there. I hope you've all been keeping up with your...training. Oh my, where does this genius come from?","TRAIN_MOVING",""
"xx","Host_Mirage_TrainMoving_02b_02","diag_mp_mirage_exp_trainMoving_02b_02_3p",10,"#HOST_MIRAGE","TEAM_MILITIA",false,"","And we are moving. Good luck out there. I hope you've all been keeping up with your...training. Oh my, where does this genius come from?","TRAIN_MOVING",""
"xx","Host_Mirage_TrainMoving_02b_03","diag_mp_mirage_exp_trainMoving_02b_03_3p",10,"#HOST_MIRAGE","TEAM_MILITIA",false,"","And we are moving. Good luck out there. I hope you've all been keeping up with your...training. Oh my, where does this genius come from?","TRAIN_MOVING",""
"xx","Host_Mirage_TrainMoving_03_01","diag_mp_mirage_exp_trainMoving_03_01_3p",10,"#HOST_MIRAGE","TEAM_MILITIA",false,"","Get on the train! You know, because... we're moving!","TRAIN_MOVING",""
"xx","Host_Mirage_TrainMoving_03_02","diag_mp_mirage_exp_trainMoving_03_02_3p",10,"#HOST_MIRAGE","TEAM_MILITIA",false,"","Alright, get on the train! Because, we're moving! And, you want to be on it.","TRAIN_MOVING",""
"xx","Host_Mirage_TrainMoving_04b_01","diag_mp_mirage_exp_trainMoving_04b_01_3p",10,"#HOST_MIRAGE","TEAM_MILITIA",false,"","Hurry, the choo-choo train is moving! Huh? Everyone says choo-choo train. Train is the short version. What baby calls it that? No baby I've met.","TRAIN_MOVING",""
"xx","Host_Mirage_TrainMoving_04b_02","diag_mp_mirage_exp_trainMoving_04b_02_3p",10,"#HOST_MIRAGE","TEAM_MILITIA",false,"","Hurry, the choo-choo train is moving! Huh? Everyone says choo-choo train. Train is the short version. What baby calls it that? No baby I've met.","TRAIN_MOVING",""
"xx","Host_Mirage_TrainMoving_04b_03","diag_mp_mirage_exp_trainMoving_04b_03_3p",10,"#HOST_MIRAGE","TEAM_MILITIA",false,"","Hurry, the choo-choo train is moving! Huh? Everyone says choo-choo train. Train is the short version. What baby calls it that? No baby I've met.","TRAIN_MOVING",""
"xx","Host_Mirage_TrainMoving_05_01","diag_mp_mirage_exp_trainMoving_05_01_3p",10,"#HOST_MIRAGE","TEAM_MILITIA",false,"","Attention my lovely people - The train has started moving.","TRAIN_MOVING",""
"xx","Host_Mirage_TrainMoving_05_02","diag_mp_mirage_exp_trainMoving_05_02_3p",10,"#HOST_MIRAGE","TEAM_MILITIA",false,"","Attention my lovely people - The train has started moving.","TRAIN_MOVING",""
"xx","Host_Mirage_TrainMoving_05_03","diag_mp_mirage_exp_trainMoving_05_03_3p",10,"#HOST_MIRAGE","TEAM_MILITIA",false,"","Attention my lovely people - The train has started moving.","TRAIN_MOVING",""
"xx","Host_Mirage_TrainMoving_06_01","diag_mp_mirage_exp_trainMoving_06_01_3p",10,"#HOST_MIRAGE","TEAM_MILITIA",false,"","Friends, family, people who fight each other.... the train's moving. ","TRAIN_MOVING",""
"xx","Host_Mirage_TrainMoving_06_02","diag_mp_mirage_exp_trainMoving_06_02_3p",10,"#HOST_MIRAGE","TEAM_MILITIA",false,"","Friends, family, people who fight each other.... the train's moving. ","TRAIN_MOVING",""
"xx","Host_Mirage_TrainMoving_07_01","diag_mp_mirage_exp_trainMoving_07_01_3p",10,"#HOST_MIRAGE","TEAM_MILITIA",false,"","Train's moving. Better get on it, fast.","TRAIN_MOVING",""
"xx","Host_Mirage_TrainMoving_07_02","diag_mp_mirage_exp_trainMoving_07_02_3p",10,"#HOST_MIRAGE","TEAM_MILITIA",false,"","Train's moving. You better get on it, fast.","TRAIN_MOVING",""
"xx","Host_Mirage_TrainMoving_08_01","diag_mp_mirage_exp_trainMoving_08_01_3p",10,"#HOST_MIRAGE","TEAM_MILITIA",false,"","Here we go! Tthe train has left the station.","TRAIN_MOVING",""
"xx","Host_Mirage_TrainMoving_08_02","diag_mp_mirage_exp_trainMoving_08_02_3p",10,"#HOST_MIRAGE","TEAM_MILITIA",false,"","Here we go! Tthe train has left the station.","TRAIN_MOVING",""
"xx","","",0,"","",false,"","","",""
"xx","Host_Mirage_TrainStop_03_01","diag_mp_mirage_exp_trainStop_03_01_3p",10,"#HOST_MIRAGE","TEAM_MILITIA",false,"","Making a pit stop. Never know what we'll be picking up. Or WHO??? Haha…","TRAIN_STOP",""
"xx","Host_Mirage_TrainStop_03_02","diag_mp_mirage_exp_trainStop_03_02_3p",10,"#HOST_MIRAGE","TEAM_MILITIA",false,"","Making a pit stop. Never know what we'll be picking up. Or WHO???","TRAIN_STOP",""
"xx","Host_Mirage_TrainStop_03_03","diag_mp_mirage_exp_trainStop_03_03_3p",10,"#HOST_MIRAGE","TEAM_MILITIA",false,"","Making a pit stop. Never know what we'll be picking up. Or who…","TRAIN_STOP",""
"xx","Host_Mirage_TrainStop_04_01","diag_mp_mirage_exp_trainStop_04_01_3p",10,"#HOST_MIRAGE","TEAM_MILITIA",false,"","Train stopping.","TRAIN_STOP",""
"xx","Host_Mirage_TrainStop_04_02","diag_mp_mirage_exp_trainStop_04_02_3p",10,"#HOST_MIRAGE","TEAM_MILITIA",false,"","Train stopping.","TRAIN_STOP",""
"xx","Host_Mirage_TrainStop_05_01","diag_mp_mirage_exp_trainStop_05_01_3p",10,"#HOST_MIRAGE","TEAM_MILITIA",false,"","Listen up, stopping the train for moment. ","TRAIN_STOP",""
"xx","Host_Mirage_TrainStop_05_02","diag_mp_mirage_exp_trainStop_05_02_3p",10,"#HOST_MIRAGE","TEAM_MILITIA",false,"","Listen up, stopping the train for moment. ","TRAIN_STOP",""
"xx","Host_Mirage_TrainStop_06_01","diag_mp_mirage_exp_trainStop_06_01_3p",10,"#HOST_MIRAGE","TEAM_MILITIA",false,"","The train is stopping at this station. That's pretty literal.","TRAIN_STOP",""
"xx","Host_Mirage_TrainStop_06_02","diag_mp_mirage_exp_trainStop_06_02_3p",10,"#HOST_MIRAGE","TEAM_MILITIA",false,"","The train is stopping at this station.","TRAIN_STOP",""
"xx","Host_Mirage_TrainStop_06_03","diag_mp_mirage_exp_trainStop_06_03_3p",10,"#HOST_MIRAGE","TEAM_MILITIA",false,"","The train is stopping at this station.","TRAIN_STOP",""
"xx","","",0,"","",false,"","","",""
"xx","Host_Mirage_WinnerClosePoints_01_01","diag_mp_mirage_exp_winnerClosePoints_01_01_3p",10,"#HOST_MIRAGE","TEAM_MILITIA",false,"","Someone almost has enough points to win!","WINNER_CLOSE_POINTS",""
"xx","Host_Mirage_WinnerClosePoints_01_02","diag_mp_mirage_exp_winnerClosePoints_01_02_3p",10,"#HOST_MIRAGE","TEAM_MILITIA",false,"","Someone almost has enough points to win!","WINNER_CLOSE_POINTS",""
"xx","Host_Mirage_WinnerClosePoints_03_01","diag_mp_mirage_exp_winnerClosePoints_03_01_3p",10,"#HOST_MIRAGE","TEAM_MILITIA",false,"","Rack up those points, because someone's close to winning!","WINNER_CLOSE_POINTS",""
"xx","Host_Mirage_WinnerClosePoints_03_02","diag_mp_mirage_exp_winnerClosePoints_03_02_3p",10,"#HOST_MIRAGE","TEAM_MILITIA",false,"","Rack up those points, because someone's close to winning!","WINNER_CLOSE_POINTS",""
"xx","","",0,"","",false,"","","",""
"xx","Host_Mirage_WinnerCloseTimer_01_01","diag_mp_mirage_exp_winnerCloseTimer_01_01_3p",10,"#HOST_MIRAGE","TEAM_MILITIA",false,"","Chop chop, time’s almost up! And now I’m hungry.","TIME_ALMOST_EXPIRED","play for overtime"
"xx","Host_Mirage_WinnerCloseTimer_01_02","diag_mp_mirage_exp_winnerCloseTimer_01_02_3p",10,"#HOST_MIRAGE","TEAM_MILITIA",false,"","Chop chop, time’s almost up! Oh great, now I’m hungry.","TIME_ALMOST_EXPIRED",""
"xx","Host_Mirage_WinnerCloseTimer_02b_01","diag_mp_mirage_exp_winnerCloseTimer_02b_01_3p",10,"#HOST_MIRAGE","TEAM_MILITIA",false,"","The match is almost over--just like me and Sultry AI Voice. Oh, you had your chance.","TIME_ALMOST_EXPIRED",""
"xx","Host_Mirage_WinnerCloseTimer_02b_02","diag_mp_mirage_exp_winnerCloseTimer_02b_02_3p",10,"#HOST_MIRAGE","TEAM_MILITIA",false,"","The match is almost over--just like me and Sultry AI Voice. Oh, you had your chance.","TIME_ALMOST_EXPIRED",""
"xx","Host_Mirage_WinnerCloseTimer_02b_03","diag_mp_mirage_exp_winnerCloseTimer_02b_03_3p",10,"#HOST_MIRAGE","TEAM_MILITIA",false,"","The match is almost over--just like me and Sultry AI Voice. Oh, you had your chance.","TIME_ALMOST_EXPIRED",""
"xx","Host_Mirage_WinnerCloseTimer_02b_04","diag_mp_mirage_exp_winnerCloseTimer_02b_04_3p",10,"#HOST_MIRAGE","TEAM_MILITIA",false,"","The match is almost over--just like me and Sultry AI Voice. Oh, you had your chance.","TIME_ALMOST_EXPIRED",""
"xx","Host_Mirage_WinnerCloseTimer_03b_01","diag_mp_mirage_exp_winnerCloseTimer_03b_01_3p",10,"#HOST_MIRAGE","TEAM_MILITIA",false,"","Time's running out. This is getting intense. Kinda like my new business partner whenever I forget her office isn't the men's room anymore.","TIME_ALMOST_EXPIRED",""
"xx","Host_Mirage_WinnerCloseTimer_03b_02","diag_mp_mirage_exp_winnerCloseTimer_03b_02_3p",10,"#HOST_MIRAGE","TEAM_MILITIA",false,"","Time's running out. This is getting intense. Kinda like my new business partner whenever I forget her office isn't the men's room anymore.","TIME_ALMOST_EXPIRED",""
"xx","","",0,"","",false,"","","",""
"xx","Host_Mirage_WinnerFound_01_01","diag_mp_mirage_exp_winnerFound_01_01_3p",20,"#HOST_MIRAGE","TEAM_MILITIA",false,"","You won!","YOU_WINNER",""
"xx","Host_Mirage_WinnerFound_01_02","diag_mp_mirage_exp_winnerFound_01_02_3p",20,"#HOST_MIRAGE","TEAM_MILITIA",false,"","You won!","YOU_WINNER",""
"xx","Host_Mirage_WinnerFound_01_03","diag_mp_mirage_exp_winnerFound_01_03_3p",20,"#HOST_MIRAGE","TEAM_MILITIA",false,"","You won!","YOU_WINNER",""
"xx","Host_Mirage_WinnerFound_02_01","diag_mp_mirage_exp_winnerFound_02_01_3p",20,"#HOST_MIRAGE","TEAM_MILITIA",false,"","Nice job, you're the Champion! I bet that feels good. I mean, I've done it a million times, but, you know, I'm happy for you and all that.","YOU_WINNER",""
"xx","Host_Mirage_WinnerFound_02_02","diag_mp_mirage_exp_winnerFound_02_02_3p",20,"#HOST_MIRAGE","TEAM_MILITIA",false,"","Nice job, you're the Champion! I bet that feels good. I mean, I've done it like a million times, but, you know, I'm really sincerely happy for you.","YOU_WINNER",""
"xx","Host_Mirage_WinnerFound_03b_01","diag_mp_mirage_exp_winnerFound_03b_01_3p",20,"#HOST_MIRAGE","TEAM_MILITIA",false,"","Well, there's a winner if I ever saw one. Oops, that's a mirror. Oh, uh, you are also pretty neat, as well.","YOU_WINNER",""
"xx","Host_Mirage_WinnerFound_03b_02","diag_mp_mirage_exp_winnerFound_03b_02_3p",20,"#HOST_MIRAGE","TEAM_MILITIA",false,"","Well, there's a winner if I ever saw one. Oops, that's a mirror. Oh, uh, you are also pretty neat, as well.","YOU_WINNER",""
"xx","Host_Mirage_WinnerFound_04_01","diag_mp_mirage_exp_winnerFound_04_01_3p",20,"#HOST_MIRAGE","TEAM_MILITIA",false,"","You did it! And I'm sure if you won, you had me on your squad. Right...? Of course.","YOU_WINNER",""
"xx","Host_Mirage_WinnerFound_04_02","diag_mp_mirage_exp_winnerFound_04_02_3p",20,"#HOST_MIRAGE","TEAM_MILITIA",false,"","You did it! And I'm sure if you won, you had me on your squad. Right...? I don't even have to ask.","YOU_WINNER",""
"xx","Host_Mirage_WinnerFound_05_01","diag_mp_mirage_exp_winnerFound_05_01_3p",20,"#HOST_MIRAGE","TEAM_MILITIA",false,"","You're a winner! Well, you're playing my mode, so you were already a winner.","YOU_WINNER",""
"xx","Host_Mirage_WinnerFound_05_02","diag_mp_mirage_exp_winnerFound_05_02_3p",20,"#HOST_MIRAGE","TEAM_MILITIA",false,"","You're a winner! Well, you're playing my mode, so you were already a winner.","YOU_WINNER",""
"xx","Host_Mirage_WinnerFound_06_01","diag_mp_mirage_exp_winnerFound_06_01_3p",20,"#HOST_MIRAGE","TEAM_MILITIA",false,"","You did it! You are the Champion! And I mean, we're all winners here, but especially you... and me.","YOU_WINNER",""
"xx","Host_Mirage_WinnerFound_06_02","diag_mp_mirage_exp_winnerFound_06_02_3p",20,"#HOST_MIRAGE","TEAM_MILITIA",false,"","You did it! You are the Champion! And I mean, we're all winners here, but especially you... and mostly me.","YOU_WINNER",""
"xx","Host_Mirage_WinnerFound_07_01","diag_mp_mirage_exp_winnerFound_07_01_3p",20,"#HOST_MIRAGE","TEAM_MILITIA",false,"","Got our winner!","WINNER",""
"xx","Host_Mirage_WinnerFound_07_02","diag_mp_mirage_exp_winnerFound_07_02_3p",20,"#HOST_MIRAGE","TEAM_MILITIA",false,"","We got our winner!","WINNER",""
"xx","Host_Mirage_WinnerFound_07_03","diag_mp_mirage_exp_winnerFound_07_03_3p",20,"#HOST_MIRAGE","TEAM_MILITIA",false,"","We got our winner!","WINNER",""
"xx","Host_Mirage_WinnerFound_08_01","diag_mp_mirage_exp_winnerFound_08_01_3p",20,"#HOST_MIRAGE","TEAM_MILITIA",false,"","We have a winner.","WINNER",""
"xx","Host_Mirage_WinnerFound_08_02","diag_mp_mirage_exp_winnerFound_08_02_3p",20,"#HOST_MIRAGE","TEAM_MILITIA",false,"","We have a winner.","WINNER",""
"xx","Host_Mirage_WinnerFound_08_03","diag_mp_mirage_exp_winnerFound_08_03_3p",20,"#HOST_MIRAGE","TEAM_MILITIA",false,"","We have a winner.","WINNER",""
"xx","Host_Mirage_WinnerFound_09_01","diag_mp_mirage_exp_winnerFound_09_01_3p",20,"#HOST_MIRAGE","TEAM_MILITIA",false,"","You're our winner.","YOU_WINNER",""
"xx","Host_Mirage_WinnerFound_09_02","diag_mp_mirage_exp_winnerFound_09_02_3p",20,"#HOST_MIRAGE","TEAM_MILITIA",false,"","You're our winner!","YOU_WINNER",""
"xx","Host_Mirage_WinnerFound_09_03","diag_mp_mirage_exp_winnerFound_09_03_3p",20,"#HOST_MIRAGE","TEAM_MILITIA",false,"","You're our winner!","YOU_WINNER",""
"xx","","",0,"","",false,"","","",""
"xx","Host_Mirage_WinnerFoundPointsNarrow_01b_01","diag_mp_mirage_exp_winnerFoundPointsNarrow_01b_01_3p",10,"#HOST_MIRAGE","TEAM_MILITIA",false,"","We got ourselves a Champion. Wow, that was a close call. Unlike the no call I got from Sultry AI Voice all year. That's fine. Maybe I have a new girlfriend.","NARROW_WINNER",""
"xx","Host_Mirage_WinnerFoundPointsNarrow_01b_02","diag_mp_mirage_exp_winnerFoundPointsNarrow_01b_02_3p",10,"#HOST_MIRAGE","TEAM_MILITIA",false,"","We got ourselves a Champion. Wow, that was a close call. Unlike the no call I got from Sultry AI Voice all year. That's fine. Maybe I have a new girlfriend.","NARROW_WINNER",""
"xx","Host_Mirage_WinnerFoundPointsNarrow_04_01","diag_mp_mirage_exp_winnerFoundPointsNarrow_04_01_3p",10,"#HOST_MIRAGE","TEAM_MILITIA",false,"","Narrow win but we got one.","NARROW_WINNER",""
"xx","Host_Mirage_WinnerFoundPointsNarrow_05_01","diag_mp_mirage_exp_winnerFoundPointsNarrow_05_01_3p",10,"#HOST_MIRAGE","TEAM_MILITIA",false,"","Got our Champion. That was a close one.","NARROW_WINNER",""
"xx","Host_Mirage_WinnerFoundPointsNarrow_05_02","diag_mp_mirage_exp_winnerFoundPointsNarrow_05_02_3p",10,"#HOST_MIRAGE","TEAM_MILITIA",false,"","Got our Champion. Was a close one.","NARROW_WINNER",""
"xx","Host_Mirage_WinnerFoundPointsNarrow_05_03","diag_mp_mirage_exp_winnerFoundPointsNarrow_05_03_3p",10,"#HOST_MIRAGE","TEAM_MILITIA",false,"","Got our Champion. Close one.","NARROW_WINNER",""
"xx","","",0,"","",false,"","","",""
"xx","Host_Mirage_WinnerFoundPointsWide_02b_01","diag_mp_mirage_exp_winnerFoundPointsWide_02b_01_3p",10,"#HOST_MIRAGE","TEAM_MILITIA",false,"","No contest, we have our Champion. Head on over to get your victory drink at my very glamorous bar. And oh yeah, bring a jug; we're short on restrooms.","WIDE_WINNER",""
"xx","Host_Mirage_WinnerFoundPointsWide_02b_02","diag_mp_mirage_exp_winnerFoundPointsWide_02b_02_3p",10,"#HOST_MIRAGE","TEAM_MILITIA",false,"","No contest, we have our Champion. Head on over to get your victory drink at my very glamorous bar. And oh yeah, bring a jug; we're short on restrooms.","WIDE_WINNER",""
"xx","Host_Mirage_WinnerFoundPointsWide_03_01","diag_mp_mirage_exp_winnerFoundPointsWide_03_01_3p",10,"#HOST_MIRAGE","TEAM_MILITIA",false,"","I feel like I'm stating the obvious here, but yup... we have our Champion. ","WIDE_WINNER",""
"xx","Host_Mirage_WinnerFoundPointsWide_03_02","diag_mp_mirage_exp_winnerFoundPointsWide_03_02_3p",10,"#HOST_MIRAGE","TEAM_MILITIA",false,"","You know, I feel like I'm stating the obvious here, but yup... we have our Champion. ","WIDE_WINNER",""
"xx","Host_Mirage_WinnerFoundPointsWide_04_01","diag_mp_mirage_exp_winnerFoundPointsWide_04_01_3p",10,"#HOST_MIRAGE","TEAM_MILITIA",false,"","And we have our Champion - by a lot.","WIDE_WINNER",""
"xx","Host_Mirage_WinnerFoundPointsWide_04_02","diag_mp_mirage_exp_winnerFoundPointsWide_04_02_3p",10,"#HOST_MIRAGE","TEAM_MILITIA",false,"","And we have our Champion - by a lot.","WIDE_WINNER",""
"xx","Host_Mirage_WinnerFoundPointsWide_04_03","diag_mp_mirage_exp_winnerFoundPointsWide_04_03_3p",10,"#HOST_MIRAGE","TEAM_MILITIA",false,"","And we have our Champion - by a lot.","WIDE_WINNER",""
"xx","Host_Mirage_WinnerFoundPointsWide_05_01","diag_mp_mirage_exp_winnerFoundPointsWide_05_01_3p",10,"#HOST_MIRAGE","TEAM_MILITIA",false,"","By a landslide - we've got our Champion.","WIDE_WINNER",""
"xx","Host_Mirage_WinnerFoundPointsWide_05_02","diag_mp_mirage_exp_winnerFoundPointsWide_05_02_3p",10,"#HOST_MIRAGE","TEAM_MILITIA",false,"","By a landslide - we've got our Champion.","WIDE_WINNER",""
"xx","","",0,"","",false,"","","",""
"xx","Host_Mirage_PhoneLost_01b_01","diag_mp_mirage_exp_phoneLost_01b_01_3p",10,"#HOST_MIRAGE","TEAM_MILITIA",false,"","How is this happening again? Attention: if anyone finds a phone, please return it to the Captain's Lounge.","PHONE_LOST",""
"xx","Host_Mirage_PhoneLost_01b_02","diag_mp_mirage_exp_phoneLost_01b_02_3p",10,"#HOST_MIRAGE","TEAM_MILITIA",false,"","How is this happening again? Attention: if anyone finds a phone, please return it to the Captain's Lounge.","PHONE_LOST",""
"xx","Host_Mirage_PhoneLost_02b_01","diag_mp_mirage_exp_phoneLost_02b_01_3p",10,"#HOST_MIRAGE","TEAM_MILITIA",false,"","Hi. Uh, so no one's returned my phone yet. If everyone could just keep an eye out while trying to survive, that would be great.","PHONE_LOST",""
"xx","Host_Mirage_PhoneLost_02b_02","diag_mp_mirage_exp_phoneLost_02b_02_3p",10,"#HOST_MIRAGE","TEAM_MILITIA",false,"","Hi. Uh, so no one's returned my phone yet. If everyone could just keep an eye out while trying to survive, that would be great.","PHONE_LOST",""
"xx","Host_Mirage_PhoneLost_03b_01","diag_mp_mirage_exp_phoneLost_03b_01_3p",10,"#HOST_MIRAGE","TEAM_MILITIA",false,"","Seriously. Can somebody call me? I still can't find my phone.","PHONE_LOST",""
"xx","Host_Mirage_PhoneLost_03b_02","diag_mp_mirage_exp_phoneLost_03b_02_3p",10,"#HOST_MIRAGE","TEAM_MILITIA",false,"","Seriously. Can somebody call me? I still can't find my phone.","PHONE_LOST",""
"xx","Host_Mirage_PhoneLost_04b_01","diag_mp_mirage_exp_phoneLost_04b_01_3p",10,"#HOST_MIRAGE","TEAM_MILITIA",false,"","Attention: this isn't funny. One of you must have my phone. I can't even take photos of how sad I am right now.","PHONE_LOST",""
"xx","Host_Mirage_PhoneLost_04b_02","diag_mp_mirage_exp_phoneLost_04b_02_3p",10,"#HOST_MIRAGE","TEAM_MILITIA",false,"","Attention: this isn't funny. One of you must have my phone. I can't even take photos of how sad I am right now.","PHONE_LOST",""
"xx","","",0,"","",false,"","","",""
"xx","Host_AI_DroppingReplicator_01_01","diag_ap_aiNotify_droppingReplicator_01_01",0,"#HOST_AI","TEAM_MILITIA",false,"","Replicator being delivered","DROPPING_REPLICATOR","Crafting Care Package Inbound"
"xx","Host_AI_DroppingReplicator_01_02","diag_ap_aiNotify_droppingReplicator_01_02",0,"#HOST_AI","TEAM_MILITIA",false,"","Replicator being delivered","DROPPING_REPLICATOR","Crafting Care Package Inbound"
"xx","Host_AI_DroppingReplicator_01_03","diag_ap_aiNotify_droppingReplicator_01_03",0,"#HOST_AI","TEAM_MILITIA",false,"","Replicator being delivered","DROPPING_REPLICATOR","Crafting Care Package Inbound"
"xx","Host_AI_DroppingReplicator_02_01","diag_ap_aiNotify_droppingReplicator_02_01",0,"#HOST_AI","TEAM_MILITIA",false,"","Attention: Delivering Replicator","DROPPING_REPLICATOR","Crafting Care Package Inbound"
"xx","Host_AI_DroppingReplicator_02_02","diag_ap_aiNotify_droppingReplicator_02_02",0,"#HOST_AI","TEAM_MILITIA",false,"","Attention: Delivering Replicator","DROPPING_REPLICATOR","Crafting Care Package Inbound"
"xx","Host_AI_DroppingReplicator_02_03","diag_ap_aiNotify_droppingReplicator_02_03",0,"#HOST_AI","TEAM_MILITIA",false,"","Attention: Delivering Replicator","DROPPING_REPLICATOR","Crafting Care Package Inbound"
"xx","","",0,"","",false,"","","",""
"!!DATA EXCLUDED!!","!!DATA EXCLUDED!!","!!DATA EXCLUDED!!",0,"!!DATA EXCLUDED!!","!!DATA EXCLUDED!!",false,"","!!DATA EXCLUDED!!","!!DATA EXCLUDED!!","!!DATA EXCLUDED!!"
"!!DATA EXCLUDED!!","!!DATA EXCLUDED!!","!!DATA EXCLUDED!!",0,"!!DATA EXCLUDED!!","!!DATA EXCLUDED!!",false,"","!!DATA EXCLUDED!!","!!DATA EXCLUDED!!","!!DATA EXCLUDED!!"
"!!DATA EXCLUDED!!","!!DATA EXCLUDED!!","!!DATA EXCLUDED!!",0,"!!DATA EXCLUDED!!","!!DATA EXCLUDED!!",false,"","!!DATA EXCLUDED!!","!!DATA EXCLUDED!!","!!DATA EXCLUDED!!"
"!!DATA EXCLUDED!!","!!DATA EXCLUDED!!","!!DATA EXCLUDED!!",0,"!!DATA EXCLUDED!!","!!DATA EXCLUDED!!",false,"","!!DATA EXCLUDED!!","!!DATA EXCLUDED!!","!!DATA EXCLUDED!!"
"!!DATA EXCLUDED!!","!!DATA EXCLUDED!!","!!DATA EXCLUDED!!",0,"!!DATA EXCLUDED!!","!!DATA EXCLUDED!!",false,"","!!DATA EXCLUDED!!","!!DATA EXCLUDED!!",""
"!!DATA EXCLUDED!!","!!DATA EXCLUDED!!","!!DATA EXCLUDED!!",0,"!!DATA EXCLUDED!!","!!DATA EXCLUDED!!",false,"","!!DATA EXCLUDED!!","!!DATA EXCLUDED!!","!!DATA EXCLUDED!!"
"!!DATA EXCLUDED!!","!!DATA EXCLUDED!!","!!DATA EXCLUDED!!",0,"!!DATA EXCLUDED!!","!!DATA EXCLUDED!!",false,"","!!DATA EXCLUDED!!","!!DATA EXCLUDED!!",""
"!!DATA EXCLUDED!!","!!DATA EXCLUDED!!","!!DATA EXCLUDED!!",0,"!!DATA EXCLUDED!!","!!DATA EXCLUDED!!",false,"","!!DATA EXCLUDED!!","!!DATA EXCLUDED!!","!!DATA EXCLUDED!!"
"!!DATA EXCLUDED!!","!!DATA EXCLUDED!!","!!DATA EXCLUDED!!",0,"!!DATA EXCLUDED!!","!!DATA EXCLUDED!!",false,"","!!DATA EXCLUDED!!","!!DATA EXCLUDED!!",""
"!!DATA EXCLUDED!!","!!DATA EXCLUDED!!","!!DATA EXCLUDED!!",0,"!!DATA EXCLUDED!!","!!DATA EXCLUDED!!",false,"","!!DATA EXCLUDED!!","!!DATA EXCLUDED!!","!!DATA EXCLUDED!!"
"!!DATA EXCLUDED!!","!!DATA EXCLUDED!!","!!DATA EXCLUDED!!",0,"!!DATA EXCLUDED!!","!!DATA EXCLUDED!!",false,"","!!DATA EXCLUDED!!","!!DATA EXCLUDED!!","!!DATA EXCLUDED!!"
"!!DATA EXCLUDED!!","!!DATA EXCLUDED!!","!!DATA EXCLUDED!!",0,"!!DATA EXCLUDED!!","!!DATA EXCLUDED!!",false,"","!!DATA EXCLUDED!!","!!DATA EXCLUDED!!","!!DATA EXCLUDED!!"
"!!DATA EXCLUDED!!","!!DATA EXCLUDED!!","!!DATA EXCLUDED!!",0,"!!DATA EXCLUDED!!","!!DATA EXCLUDED!!",false,"","!!DATA EXCLUDED!!","!!DATA EXCLUDED!!","!!DATA EXCLUDED!!"
"!!DATA EXCLUDED!!","!!DATA EXCLUDED!!","!!DATA EXCLUDED!!",0,"!!DATA EXCLUDED!!","!!DATA EXCLUDED!!",false,"","!!DATA EXCLUDED!!","!!DATA EXCLUDED!!","!!DATA EXCLUDED!!"
"!!DATA EXCLUDED!!","!!DATA EXCLUDED!!","!!DATA EXCLUDED!!",0,"!!DATA EXCLUDED!!","!!DATA EXCLUDED!!",false,"","!!DATA EXCLUDED!!","!!DATA EXCLUDED!!","!!DATA EXCLUDED!!"
"!!DATA EXCLUDED!!","!!DATA EXCLUDED!!","!!DATA EXCLUDED!!",0,"!!DATA EXCLUDED!!","!!DATA EXCLUDED!!",false,"","!!DATA EXCLUDED!!","!!DATA EXCLUDED!!",""
"!!DATA EXCLUDED!!","!!DATA EXCLUDED!!","!!DATA EXCLUDED!!",0,"!!DATA EXCLUDED!!","!!DATA EXCLUDED!!",false,"","!!DATA EXCLUDED!!","!!DATA EXCLUDED!!","!!DATA EXCLUDED!!"
"!!DATA EXCLUDED!!","!!DATA EXCLUDED!!","!!DATA EXCLUDED!!",0,"!!DATA EXCLUDED!!","!!DATA EXCLUDED!!",false,"","!!DATA EXCLUDED!!","!!DATA EXCLUDED!!",""
"!!DATA EXCLUDED!!","!!DATA EXCLUDED!!","!!DATA EXCLUDED!!",0,"!!DATA EXCLUDED!!","!!DATA EXCLUDED!!",false,"","!!DATA EXCLUDED!!","!!DATA EXCLUDED!!","!!DATA EXCLUDED!!"
"!!DATA EXCLUDED!!","!!DATA EXCLUDED!!","!!DATA EXCLUDED!!",0,"!!DATA EXCLUDED!!","!!DATA EXCLUDED!!",false,"","!!DATA EXCLUDED!!","!!DATA EXCLUDED!!",""
"!!DATA EXCLUDED!!","!!DATA EXCLUDED!!","!!DATA EXCLUDED!!",0,"!!DATA EXCLUDED!!","!!DATA EXCLUDED!!",false,"","!!DATA EXCLUDED!!","!!DATA EXCLUDED!!","!!DATA EXCLUDED!!"
"!!DATA EXCLUDED!!","!!DATA EXCLUDED!!","!!DATA EXCLUDED!!",0,"!!DATA EXCLUDED!!","!!DATA EXCLUDED!!",false,"","!!DATA EXCLUDED!!","!!DATA EXCLUDED!!",""
"!!DATA EXCLUDED!!","!!DATA EXCLUDED!!","!!DATA EXCLUDED!!",0,"!!DATA EXCLUDED!!","!!DATA EXCLUDED!!",false,"","!!DATA EXCLUDED!!","!!DATA EXCLUDED!!","!!DATA EXCLUDED!!"
"!!DATA EXCLUDED!!","!!DATA EXCLUDED!!","!!DATA EXCLUDED!!",0,"!!DATA EXCLUDED!!","!!DATA EXCLUDED!!",false,"","!!DATA EXCLUDED!!","!!DATA EXCLUDED!!",""
"!!DATA EXCLUDED!!","!!DATA EXCLUDED!!","!!DATA EXCLUDED!!",0,"!!DATA EXCLUDED!!","!!DATA EXCLUDED!!",false,"","!!DATA EXCLUDED!!","!!DATA EXCLUDED!!","!!DATA EXCLUDED!!"
"!!DATA EXCLUDED!!","!!DATA EXCLUDED!!","!!DATA EXCLUDED!!",0,"!!DATA EXCLUDED!!","!!DATA EXCLUDED!!",false,"","!!DATA EXCLUDED!!","!!DATA EXCLUDED!!","!!DATA EXCLUDED!!"
"!!DATA EXCLUDED!!","!!DATA EXCLUDED!!","!!DATA EXCLUDED!!",0,"!!DATA EXCLUDED!!","!!DATA EXCLUDED!!",false,"","!!DATA EXCLUDED!!","!!DATA EXCLUDED!!","!!DATA EXCLUDED!!"
"!!DATA EXCLUDED!!","!!DATA EXCLUDED!!","!!DATA EXCLUDED!!",0,"!!DATA EXCLUDED!!","!!DATA EXCLUDED!!",false,"","!!DATA EXCLUDED!!","!!DATA EXCLUDED!!","!!DATA EXCLUDED!!"
"!!DATA EXCLUDED!!","!!DATA EXCLUDED!!","!!DATA EXCLUDED!!",0,"!!DATA EXCLUDED!!","!!DATA EXCLUDED!!",false,"","!!DATA EXCLUDED!!","!!DATA EXCLUDED!!","!!DATA EXCLUDED!!"
"!!DATA EXCLUDED!!","!!DATA EXCLUDED!!","!!DATA EXCLUDED!!",0,"!!DATA EXCLUDED!!","!!DATA EXCLUDED!!",false,"","!!DATA EXCLUDED!!","!!DATA EXCLUDED!!","!!DATA EXCLUDED!!"
"!!DATA EXCLUDED!!","!!DATA EXCLUDED!!","!!DATA EXCLUDED!!",0,"!!DATA EXCLUDED!!","!!DATA EXCLUDED!!",false,"","!!DATA EXCLUDED!!","!!DATA EXCLUDED!!","!!DATA EXCLUDED!!"
"!!DATA EXCLUDED!!","!!DATA EXCLUDED!!","!!DATA EXCLUDED!!",0,"!!DATA EXCLUDED!!","!!DATA EXCLUDED!!",false,"","!!DATA EXCLUDED!!","!!DATA EXCLUDED!!","!!DATA EXCLUDED!!"
"!!DATA EXCLUDED!!","!!DATA EXCLUDED!!","!!DATA EXCLUDED!!",0,"!!DATA EXCLUDED!!","!!DATA EXCLUDED!!",false,"","!!DATA EXCLUDED!!","!!DATA EXCLUDED!!","!!DATA EXCLUDED!!"
"!!DATA EXCLUDED!!","!!DATA EXCLUDED!!","!!DATA EXCLUDED!!",0,"!!DATA EXCLUDED!!","!!DATA EXCLUDED!!",false,"","!!DATA EXCLUDED!!","!!DATA EXCLUDED!!","!!DATA EXCLUDED!!"
"!!DATA EXCLUDED!!","!!DATA EXCLUDED!!","!!DATA EXCLUDED!!",10,"!!DATA EXCLUDED!!","!!DATA EXCLUDED!!",false,"","!!DATA EXCLUDED!!","!!DATA EXCLUDED!!",""
"!!DATA EXCLUDED!!","!!DATA EXCLUDED!!","!!DATA EXCLUDED!!",10,"!!DATA EXCLUDED!!","!!DATA EXCLUDED!!",false,"","!!DATA EXCLUDED!!","!!DATA EXCLUDED!!","!!DATA EXCLUDED!!"
"!!DATA EXCLUDED!!","!!DATA EXCLUDED!!","!!DATA EXCLUDED!!",10,"!!DATA EXCLUDED!!","!!DATA EXCLUDED!!",false,"","!!DATA EXCLUDED!!","!!DATA EXCLUDED!!","!!DATA EXCLUDED!!"
"!!DATA EXCLUDED!!","!!DATA EXCLUDED!!","!!DATA EXCLUDED!!",10,"!!DATA EXCLUDED!!","!!DATA EXCLUDED!!",false,"","!!DATA EXCLUDED!!","!!DATA EXCLUDED!!",""
"!!DATA EXCLUDED!!","!!DATA EXCLUDED!!","!!DATA EXCLUDED!!",10,"!!DATA EXCLUDED!!","!!DATA EXCLUDED!!",false,"","!!DATA EXCLUDED!!","!!DATA EXCLUDED!!","!!DATA EXCLUDED!!"
"!!DATA EXCLUDED!!","!!DATA EXCLUDED!!","!!DATA EXCLUDED!!",10,"!!DATA EXCLUDED!!","!!DATA EXCLUDED!!",false,"","!!DATA EXCLUDED!!","!!DATA EXCLUDED!!",""
"!!DATA EXCLUDED!!","!!DATA EXCLUDED!!","!!DATA EXCLUDED!!",10,"!!DATA EXCLUDED!!","!!DATA EXCLUDED!!",false,"","!!DATA EXCLUDED!!","!!DATA EXCLUDED!!","!!DATA EXCLUDED!!"
"!!DATA EXCLUDED!!","!!DATA EXCLUDED!!","!!DATA EXCLUDED!!",10,"!!DATA EXCLUDED!!","!!DATA EXCLUDED!!",false,"","!!DATA EXCLUDED!!","!!DATA EXCLUDED!!",""
"!!DATA EXCLUDED!!","!!DATA EXCLUDED!!","!!DATA EXCLUDED!!",10,"!!DATA EXCLUDED!!","!!DATA EXCLUDED!!",false,"","!!DATA EXCLUDED!!","!!DATA EXCLUDED!!","!!DATA EXCLUDED!!"
"!!DATA EXCLUDED!!","!!DATA EXCLUDED!!","!!DATA EXCLUDED!!",10,"!!DATA EXCLUDED!!","!!DATA EXCLUDED!!",false,"","!!DATA EXCLUDED!!","!!DATA EXCLUDED!!","!!DATA EXCLUDED!!"
"!!DATA EXCLUDED!!","!!DATA EXCLUDED!!","!!DATA EXCLUDED!!",10,"!!DATA EXCLUDED!!","!!DATA EXCLUDED!!",false,"","!!DATA EXCLUDED!!","!!DATA EXCLUDED!!","!!DATA EXCLUDED!!"
"!!DATA EXCLUDED!!","!!DATA EXCLUDED!!","!!DATA EXCLUDED!!",10,"!!DATA EXCLUDED!!","!!DATA EXCLUDED!!",false,"","!!DATA EXCLUDED!!","!!DATA EXCLUDED!!","!!DATA EXCLUDED!!"
"!!DATA EXCLUDED!!","!!DATA EXCLUDED!!","!!DATA EXCLUDED!!",10,"!!DATA EXCLUDED!!","!!DATA EXCLUDED!!",false,"","!!DATA EXCLUDED!!","!!DATA EXCLUDED!!","!!DATA EXCLUDED!!"
"!!DATA EXCLUDED!!","!!DATA EXCLUDED!!","!!DATA EXCLUDED!!",10,"!!DATA EXCLUDED!!","!!DATA EXCLUDED!!",false,"","!!DATA EXCLUDED!!","!!DATA EXCLUDED!!","!!DATA EXCLUDED!!"
"!!DATA EXCLUDED!!","!!DATA EXCLUDED!!","!!DATA EXCLUDED!!",10,"!!DATA EXCLUDED!!","!!DATA EXCLUDED!!",false,"","!!DATA EXCLUDED!!","!!DATA EXCLUDED!!","!!DATA EXCLUDED!!"
"!!DATA EXCLUDED!!","!!DATA EXCLUDED!!","!!DATA EXCLUDED!!",10,"!!DATA EXCLUDED!!","!!DATA EXCLUDED!!",false,"","!!DATA EXCLUDED!!","!!DATA EXCLUDED!!","!!DATA EXCLUDED!!"
"!!DATA EXCLUDED!!","!!DATA EXCLUDED!!","!!DATA EXCLUDED!!",10,"!!DATA EXCLUDED!!","!!DATA EXCLUDED!!",false,"","!!DATA EXCLUDED!!","!!DATA EXCLUDED!!","!!DATA EXCLUDED!!"
"!!DATA EXCLUDED!!","!!DATA EXCLUDED!!","!!DATA EXCLUDED!!",10,"!!DATA EXCLUDED!!","!!DATA EXCLUDED!!",false,"","!!DATA EXCLUDED!!","!!DATA EXCLUDED!!",""
"!!DATA EXCLUDED!!","!!DATA EXCLUDED!!","!!DATA EXCLUDED!!",10,"!!DATA EXCLUDED!!","!!DATA EXCLUDED!!",false,"","!!DATA EXCLUDED!!","!!DATA EXCLUDED!!","!!DATA EXCLUDED!!"
"!!DATA EXCLUDED!!","!!DATA EXCLUDED!!","!!DATA EXCLUDED!!",10,"!!DATA EXCLUDED!!","!!DATA EXCLUDED!!",false,"","!!DATA EXCLUDED!!","!!DATA EXCLUDED!!",""
"!!DATA EXCLUDED!!","!!DATA EXCLUDED!!","!!DATA EXCLUDED!!",10,"!!DATA EXCLUDED!!","!!DATA EXCLUDED!!",false,"","!!DATA EXCLUDED!!","!!DATA EXCLUDED!!","!!DATA EXCLUDED!!"
"!!DATA EXCLUDED!!","!!DATA EXCLUDED!!","!!DATA EXCLUDED!!",10,"!!DATA EXCLUDED!!","!!DATA EXCLUDED!!",false,"","!!DATA EXCLUDED!!","!!DATA EXCLUDED!!",""
"!!DATA EXCLUDED!!","!!DATA EXCLUDED!!","!!DATA EXCLUDED!!",10,"!!DATA EXCLUDED!!","!!DATA EXCLUDED!!",false,"","!!DATA EXCLUDED!!","!!DATA EXCLUDED!!","!!DATA EXCLUDED!!"
"!!DATA EXCLUDED!!","!!DATA EXCLUDED!!","!!DATA EXCLUDED!!",10,"!!DATA EXCLUDED!!","!!DATA EXCLUDED!!",false,"","!!DATA EXCLUDED!!","!!DATA EXCLUDED!!","!!DATA EXCLUDED!!"
"!!DATA EXCLUDED!!","!!DATA EXCLUDED!!","!!DATA EXCLUDED!!",0,"!!DATA EXCLUDED!!","!!DATA EXCLUDED!!",false,"","!!DATA EXCLUDED!!","!!DATA EXCLUDED!!",""
"!!DATA EXCLUDED!!","!!DATA EXCLUDED!!","!!DATA EXCLUDED!!",0,"!!DATA EXCLUDED!!","!!DATA EXCLUDED!!",false,"","!!DATA EXCLUDED!!","!!DATA EXCLUDED!!","!!DATA EXCLUDED!!"
"!!DATA EXCLUDED!!","!!DATA EXCLUDED!!","!!DATA EXCLUDED!!",0,"!!DATA EXCLUDED!!","!!DATA EXCLUDED!!",false,"","!!DATA EXCLUDED!!","!!DATA EXCLUDED!!","!!DATA EXCLUDED!!"
"!!DATA EXCLUDED!!","!!DATA EXCLUDED!!","!!DATA EXCLUDED!!",0,"!!DATA EXCLUDED!!","!!DATA EXCLUDED!!",false,"","!!DATA EXCLUDED!!","!!DATA EXCLUDED!!",""
"!!DATA EXCLUDED!!","!!DATA EXCLUDED!!","!!DATA EXCLUDED!!",0,"!!DATA EXCLUDED!!","!!DATA EXCLUDED!!",false,"","!!DATA EXCLUDED!!","!!DATA EXCLUDED!!","!!DATA EXCLUDED!!"
"!!DATA EXCLUDED!!","!!DATA EXCLUDED!!","!!DATA EXCLUDED!!",0,"!!DATA EXCLUDED!!","!!DATA EXCLUDED!!",false,"","!!DATA EXCLUDED!!","!!DATA EXCLUDED!!","!!DATA EXCLUDED!!"
"!!DATA EXCLUDED!!","!!DATA EXCLUDED!!","!!DATA EXCLUDED!!",0,"!!DATA EXCLUDED!!","!!DATA EXCLUDED!!",false,"","!!DATA EXCLUDED!!","!!DATA EXCLUDED!!","!!DATA EXCLUDED!!"
"!!DATA EXCLUDED!!","!!DATA EXCLUDED!!","!!DATA EXCLUDED!!",0,"!!DATA EXCLUDED!!","!!DATA EXCLUDED!!",false,"","!!DATA EXCLUDED!!","!!DATA EXCLUDED!!","!!DATA EXCLUDED!!"
"!!DATA EXCLUDED!!","!!DATA EXCLUDED!!","!!DATA EXCLUDED!!",0,"!!DATA EXCLUDED!!","!!DATA EXCLUDED!!",false,"","!!DATA EXCLUDED!!","!!DATA EXCLUDED!!","!!DATA EXCLUDED!!"
"!!DATA EXCLUDED!!","!!DATA EXCLUDED!!","!!DATA EXCLUDED!!",0,"!!DATA EXCLUDED!!","!!DATA EXCLUDED!!",false,"","!!DATA EXCLUDED!!","!!DATA EXCLUDED!!","!!DATA EXCLUDED!!"
"!!DATA EXCLUDED!!","!!DATA EXCLUDED!!","!!DATA EXCLUDED!!",0,"!!DATA EXCLUDED!!","!!DATA EXCLUDED!!",false,"","!!DATA EXCLUDED!!","!!DATA EXCLUDED!!","!!DATA EXCLUDED!!"
"!!DATA EXCLUDED!!","!!DATA EXCLUDED!!","!!DATA EXCLUDED!!",0,"!!DATA EXCLUDED!!","!!DATA EXCLUDED!!",false,"","!!DATA EXCLUDED!!","!!DATA EXCLUDED!!",""
"!!DATA EXCLUDED!!","!!DATA EXCLUDED!!","!!DATA EXCLUDED!!",0,"!!DATA EXCLUDED!!","!!DATA EXCLUDED!!",false,"","!!DATA EXCLUDED!!","!!DATA EXCLUDED!!","!!DATA EXCLUDED!!"
"!!DATA EXCLUDED!!","!!DATA EXCLUDED!!","!!DATA EXCLUDED!!",0,"!!DATA EXCLUDED!!","!!DATA EXCLUDED!!",false,"","!!DATA EXCLUDED!!","!!DATA EXCLUDED!!",""
"!!DATA EXCLUDED!!","!!DATA EXCLUDED!!","!!DATA EXCLUDED!!",0,"!!DATA EXCLUDED!!","!!DATA EXCLUDED!!",false,"","!!DATA EXCLUDED!!","!!DATA EXCLUDED!!","!!DATA EXCLUDED!!"
"!!DATA EXCLUDED!!","!!DATA EXCLUDED!!","!!DATA EXCLUDED!!",0,"!!DATA EXCLUDED!!","!!DATA EXCLUDED!!",false,"","!!DATA EXCLUDED!!","!!DATA EXCLUDED!!","!!DATA EXCLUDED!!"
"!!DATA EXCLUDED!!","!!DATA EXCLUDED!!","!!DATA EXCLUDED!!",0,"!!DATA EXCLUDED!!","!!DATA EXCLUDED!!",false,"","!!DATA EXCLUDED!!","!!DATA EXCLUDED!!","!!DATA EXCLUDED!!"
"!!DATA EXCLUDED!!","!!DATA EXCLUDED!!","!!DATA EXCLUDED!!",0,"!!DATA EXCLUDED!!","!!DATA EXCLUDED!!",false,"","!!DATA EXCLUDED!!","!!DATA EXCLUDED!!","!!DATA EXCLUDED!!"
"!!DATA EXCLUDED!!","!!DATA EXCLUDED!!","!!DATA EXCLUDED!!",0,"!!DATA EXCLUDED!!","!!DATA EXCLUDED!!",false,"","!!DATA EXCLUDED!!","!!DATA EXCLUDED!!","!!DATA EXCLUDED!!"
"!!DATA EXCLUDED!!","!!DATA EXCLUDED!!","!!DATA EXCLUDED!!",0,"!!DATA EXCLUDED!!","!!DATA EXCLUDED!!",false,"","!!DATA EXCLUDED!!","!!DATA EXCLUDED!!","!!DATA EXCLUDED!!"
"!!DATA EXCLUDED!!","!!DATA EXCLUDED!!","!!DATA EXCLUDED!!",0,"!!DATA EXCLUDED!!","!!DATA EXCLUDED!!",false,"","!!DATA EXCLUDED!!","!!DATA EXCLUDED!!","!!DATA EXCLUDED!!"
"!!DATA EXCLUDED!!","!!DATA EXCLUDED!!","!!DATA EXCLUDED!!",0,"!!DATA EXCLUDED!!","!!DATA EXCLUDED!!",false,"","!!DATA EXCLUDED!!","!!DATA EXCLUDED!!",""
"!!DATA EXCLUDED!!","!!DATA EXCLUDED!!","!!DATA EXCLUDED!!",0,"!!DATA EXCLUDED!!","!!DATA EXCLUDED!!",false,"","!!DATA EXCLUDED!!","!!DATA EXCLUDED!!","!!DATA EXCLUDED!!"
"!!DATA EXCLUDED!!","!!DATA EXCLUDED!!","!!DATA EXCLUDED!!",0,"!!DATA EXCLUDED!!","!!DATA EXCLUDED!!",false,"","!!DATA EXCLUDED!!","!!DATA EXCLUDED!!",""
"!!DATA EXCLUDED!!","!!DATA EXCLUDED!!","!!DATA EXCLUDED!!",0,"!!DATA EXCLUDED!!","!!DATA EXCLUDED!!",false,"","!!DATA EXCLUDED!!","!!DATA EXCLUDED!!","!!DATA EXCLUDED!!"
"!!DATA EXCLUDED!!","!!DATA EXCLUDED!!","!!DATA EXCLUDED!!",0,"!!DATA EXCLUDED!!","!!DATA EXCLUDED!!",false,"","!!DATA EXCLUDED!!","!!DATA EXCLUDED!!","!!DATA EXCLUDED!!"
"!!DATA EXCLUDED!!","!!DATA EXCLUDED!!","!!DATA EXCLUDED!!",0,"!!DATA EXCLUDED!!","!!DATA EXCLUDED!!",false,"","!!DATA EXCLUDED!!","!!DATA EXCLUDED!!","!!DATA EXCLUDED!!"
"!!DATA EXCLUDED!!","!!DATA EXCLUDED!!","!!DATA EXCLUDED!!",0,"!!DATA EXCLUDED!!","!!DATA EXCLUDED!!",false,"","!!DATA EXCLUDED!!","!!DATA EXCLUDED!!","!!DATA EXCLUDED!!"
"!!DATA EXCLUDED!!","!!DATA EXCLUDED!!","!!DATA EXCLUDED!!",0,"!!DATA EXCLUDED!!","!!DATA EXCLUDED!!",false,"","!!DATA EXCLUDED!!","!!DATA EXCLUDED!!","!!DATA EXCLUDED!!"
"!!DATA EXCLUDED!!","!!DATA EXCLUDED!!","!!DATA EXCLUDED!!",0,"!!DATA EXCLUDED!!","!!DATA EXCLUDED!!",false,"","!!DATA EXCLUDED!!","!!DATA EXCLUDED!!","!!DATA EXCLUDED!!"
"!!DATA EXCLUDED!!","!!DATA EXCLUDED!!","!!DATA EXCLUDED!!",0,"!!DATA EXCLUDED!!","!!DATA EXCLUDED!!",false,"","!!DATA EXCLUDED!!","!!DATA EXCLUDED!!","!!DATA EXCLUDED!!"
"!!DATA EXCLUDED!!","!!DATA EXCLUDED!!","!!DATA EXCLUDED!!",0,"!!DATA EXCLUDED!!","!!DATA EXCLUDED!!",false,"","!!DATA EXCLUDED!!","!!DATA EXCLUDED!!",""
"!!DATA EXCLUDED!!","!!DATA EXCLUDED!!","!!DATA EXCLUDED!!",0,"!!DATA EXCLUDED!!","!!DATA EXCLUDED!!",false,"","!!DATA EXCLUDED!!","!!DATA EXCLUDED!!","!!DATA EXCLUDED!!"
"!!DATA EXCLUDED!!","!!DATA EXCLUDED!!","!!DATA EXCLUDED!!",0,"!!DATA EXCLUDED!!","!!DATA EXCLUDED!!",false,"","!!DATA EXCLUDED!!","!!DATA EXCLUDED!!","!!DATA EXCLUDED!!"
"!!DATA EXCLUDED!!","!!DATA EXCLUDED!!","!!DATA EXCLUDED!!",0,"!!DATA EXCLUDED!!","!!DATA EXCLUDED!!",false,"","!!DATA EXCLUDED!!","!!DATA EXCLUDED!!","!!DATA EXCLUDED!!"
"!!DATA EXCLUDED!!","!!DATA EXCLUDED!!","!!DATA EXCLUDED!!",0,"!!DATA EXCLUDED!!","!!DATA EXCLUDED!!",false,"","!!DATA EXCLUDED!!","!!DATA EXCLUDED!!","!!DATA EXCLUDED!!"
"!!DATA EXCLUDED!!","!!DATA EXCLUDED!!","!!DATA EXCLUDED!!",0,"!!DATA EXCLUDED!!","!!DATA EXCLUDED!!",false,"","!!DATA EXCLUDED!!","!!DATA EXCLUDED!!","!!DATA EXCLUDED!!"
"!!DATA EXCLUDED!!","!!DATA EXCLUDED!!","!!DATA EXCLUDED!!",0,"!!DATA EXCLUDED!!","!!DATA EXCLUDED!!",false,"","!!DATA EXCLUDED!!","!!DATA EXCLUDED!!","!!DATA EXCLUDED!!"
"!!DATA EXCLUDED!!","!!DATA EXCLUDED!!","!!DATA EXCLUDED!!",0,"!!DATA EXCLUDED!!","!!DATA EXCLUDED!!",false,"","!!DATA EXCLUDED!!","!!DATA EXCLUDED!!","!!DATA EXCLUDED!!"
"!!DATA EXCLUDED!!","!!DATA EXCLUDED!!","!!DATA EXCLUDED!!",0,"!!DATA EXCLUDED!!","!!DATA EXCLUDED!!",false,"","!!DATA EXCLUDED!!","!!DATA EXCLUDED!!","!!DATA EXCLUDED!!"
"!!DATA EXCLUDED!!","!!DATA EXCLUDED!!","!!DATA EXCLUDED!!",0,"!!DATA EXCLUDED!!","!!DATA EXCLUDED!!",false,"","!!DATA EXCLUDED!!","!!DATA EXCLUDED!!","!!DATA EXCLUDED!!"
"!!DATA EXCLUDED!!","!!DATA EXCLUDED!!","!!DATA EXCLUDED!!",0,"!!DATA EXCLUDED!!","!!DATA EXCLUDED!!",false,"","!!DATA EXCLUDED!!","!!DATA EXCLUDED!!","!!DATA EXCLUDED!!"
"!!DATA EXCLUDED!!","!!DATA EXCLUDED!!","!!DATA EXCLUDED!!",0,"!!DATA EXCLUDED!!","!!DATA EXCLUDED!!",false,"","!!DATA EXCLUDED!!","!!DATA EXCLUDED!!",""
"!!DATA EXCLUDED!!","!!DATA EXCLUDED!!","!!DATA EXCLUDED!!",0,"!!DATA EXCLUDED!!","!!DATA EXCLUDED!!",false,"","!!DATA EXCLUDED!!","!!DATA EXCLUDED!!","!!DATA EXCLUDED!!"
"!!DATA EXCLUDED!!","!!DATA EXCLUDED!!","!!DATA EXCLUDED!!",0,"!!DATA EXCLUDED!!","!!DATA EXCLUDED!!",false,"","!!DATA EXCLUDED!!","!!DATA EXCLUDED!!","!!DATA EXCLUDED!!"
"!!DATA EXCLUDED!!","!!DATA EXCLUDED!!","!!DATA EXCLUDED!!",0,"!!DATA EXCLUDED!!","!!DATA EXCLUDED!!",false,"","!!DATA EXCLUDED!!","!!DATA EXCLUDED!!",""
"!!DATA EXCLUDED!!","!!DATA EXCLUDED!!","!!DATA EXCLUDED!!",0,"!!DATA EXCLUDED!!","!!DATA EXCLUDED!!",false,"","!!DATA EXCLUDED!!","!!DATA EXCLUDED!!","!!DATA EXCLUDED!!"
"!!DATA EXCLUDED!!","!!DATA EXCLUDED!!","!!DATA EXCLUDED!!",0,"!!DATA EXCLUDED!!","!!DATA EXCLUDED!!",false,"","!!DATA EXCLUDED!!","!!DATA EXCLUDED!!","!!DATA EXCLUDED!!"
"!!DATA EXCLUDED!!","!!DATA EXCLUDED!!","!!DATA EXCLUDED!!",0,"!!DATA EXCLUDED!!","!!DATA EXCLUDED!!",false,"","!!DATA EXCLUDED!!","!!DATA EXCLUDED!!","!!DATA EXCLUDED!!"
"!!DATA EXCLUDED!!","!!DATA EXCLUDED!!","!!DATA EXCLUDED!!",0,"!!DATA EXCLUDED!!","!!DATA EXCLUDED!!",false,"","!!DATA EXCLUDED!!","!!DATA EXCLUDED!!","!!DATA EXCLUDED!!"
"!!DATA EXCLUDED!!","!!DATA EXCLUDED!!","!!DATA EXCLUDED!!",0,"!!DATA EXCLUDED!!","!!DATA EXCLUDED!!",false,"","!!DATA EXCLUDED!!","!!DATA EXCLUDED!!","!!DATA EXCLUDED!!"
"!!DATA EXCLUDED!!","!!DATA EXCLUDED!!","!!DATA EXCLUDED!!",0,"!!DATA EXCLUDED!!","!!DATA EXCLUDED!!",false,"","!!DATA EXCLUDED!!","!!DATA EXCLUDED!!","!!DATA EXCLUDED!!"
"!!DATA EXCLUDED!!","!!DATA EXCLUDED!!","!!DATA EXCLUDED!!",0,"!!DATA EXCLUDED!!","!!DATA EXCLUDED!!",false,"","!!DATA EXCLUDED!!","!!DATA EXCLUDED!!",""
"!!DATA EXCLUDED!!","!!DATA EXCLUDED!!","!!DATA EXCLUDED!!",0,"!!DATA EXCLUDED!!","!!DATA EXCLUDED!!",false,"","!!DATA EXCLUDED!!","!!DATA EXCLUDED!!","!!DATA EXCLUDED!!"
"!!DATA EXCLUDED!!","!!DATA EXCLUDED!!","!!DATA EXCLUDED!!",0,"!!DATA EXCLUDED!!","!!DATA EXCLUDED!!",false,"","!!DATA EXCLUDED!!","!!DATA EXCLUDED!!",""
"!!DATA EXCLUDED!!","!!DATA EXCLUDED!!","!!DATA EXCLUDED!!",0,"!!DATA EXCLUDED!!","!!DATA EXCLUDED!!",false,"","!!DATA EXCLUDED!!","!!DATA EXCLUDED!!","!!DATA EXCLUDED!!"
"!!DATA EXCLUDED!!","!!DATA EXCLUDED!!","!!DATA EXCLUDED!!",0,"!!DATA EXCLUDED!!","!!DATA EXCLUDED!!",false,"","!!DATA EXCLUDED!!","!!DATA EXCLUDED!!","!!DATA EXCLUDED!!"
"!!DATA EXCLUDED!!","!!DATA EXCLUDED!!","!!DATA EXCLUDED!!",0,"!!DATA EXCLUDED!!","!!DATA EXCLUDED!!",false,"","!!DATA EXCLUDED!!","!!DATA EXCLUDED!!","!!DATA EXCLUDED!!"
"!!DATA EXCLUDED!!","!!DATA EXCLUDED!!","!!DATA EXCLUDED!!",0,"!!DATA EXCLUDED!!","!!DATA EXCLUDED!!",false,"","!!DATA EXCLUDED!!","!!DATA EXCLUDED!!","!!DATA EXCLUDED!!"
"!!DATA EXCLUDED!!","!!DATA EXCLUDED!!","!!DATA EXCLUDED!!",0,"!!DATA EXCLUDED!!","!!DATA EXCLUDED!!",false,"","!!DATA EXCLUDED!!","!!DATA EXCLUDED!!","!!DATA EXCLUDED!!"
"!!DATA EXCLUDED!!","!!DATA EXCLUDED!!","!!DATA EXCLUDED!!",0,"!!DATA EXCLUDED!!","!!DATA EXCLUDED!!",false,"","!!DATA EXCLUDED!!","!!DATA EXCLUDED!!","!!DATA EXCLUDED!!"
"!!DATA EXCLUDED!!","!!DATA EXCLUDED!!","!!DATA EXCLUDED!!",0,"!!DATA EXCLUDED!!","!!DATA EXCLUDED!!",false,"","!!DATA EXCLUDED!!","!!DATA EXCLUDED!!","!!DATA EXCLUDED!!"
"!!DATA EXCLUDED!!","!!DATA EXCLUDED!!","!!DATA EXCLUDED!!",0,"!!DATA EXCLUDED!!","!!DATA EXCLUDED!!",false,"","!!DATA EXCLUDED!!","!!DATA EXCLUDED!!",""
"!!DATA EXCLUDED!!","!!DATA EXCLUDED!!","!!DATA EXCLUDED!!",0,"!!DATA EXCLUDED!!","!!DATA EXCLUDED!!",false,"","!!DATA EXCLUDED!!","!!DATA EXCLUDED!!","!!DATA EXCLUDED!!"
"!!DATA EXCLUDED!!","!!DATA EXCLUDED!!","!!DATA EXCLUDED!!",0,"!!DATA EXCLUDED!!","!!DATA EXCLUDED!!",false,"","!!DATA EXCLUDED!!","!!DATA EXCLUDED!!","!!DATA EXCLUDED!!"
"!!DATA EXCLUDED!!","!!DATA EXCLUDED!!","!!DATA EXCLUDED!!",0,"!!DATA EXCLUDED!!","!!DATA EXCLUDED!!",false,"","!!DATA EXCLUDED!!","!!DATA EXCLUDED!!",""
"!!DATA EXCLUDED!!","!!DATA EXCLUDED!!","!!DATA EXCLUDED!!",0,"!!DATA EXCLUDED!!","!!DATA EXCLUDED!!",false,"","!!DATA EXCLUDED!!","!!DATA EXCLUDED!!","!!DATA EXCLUDED!!"
"!!DATA EXCLUDED!!","!!DATA EXCLUDED!!","!!DATA EXCLUDED!!",0,"!!DATA EXCLUDED!!","!!DATA EXCLUDED!!",false,"","!!DATA EXCLUDED!!","!!DATA EXCLUDED!!",""
"!!DATA EXCLUDED!!","!!DATA EXCLUDED!!","!!DATA EXCLUDED!!",0,"!!DATA EXCLUDED!!","!!DATA EXCLUDED!!",false,"","!!DATA EXCLUDED!!","!!DATA EXCLUDED!!","!!DATA EXCLUDED!!"
"!!DATA EXCLUDED!!","!!DATA EXCLUDED!!","!!DATA EXCLUDED!!",0,"!!DATA EXCLUDED!!","!!DATA EXCLUDED!!",false,"","!!DATA EXCLUDED!!","!!DATA EXCLUDED!!",""
"!!DATA EXCLUDED!!","!!DATA EXCLUDED!!","!!DATA EXCLUDED!!",0,"!!DATA EXCLUDED!!","!!DATA EXCLUDED!!",false,"","!!DATA EXCLUDED!!","!!DATA EXCLUDED!!","!!DATA EXCLUDED!!"
"!!DATA EXCLUDED!!","!!DATA EXCLUDED!!","!!DATA EXCLUDED!!",0,"!!DATA EXCLUDED!!","!!DATA EXCLUDED!!",false,"","!!DATA EXCLUDED!!","!!DATA EXCLUDED!!",""
"!!DATA EXCLUDED!!","!!DATA EXCLUDED!!","!!DATA EXCLUDED!!",0,"!!DATA EXCLUDED!!","!!DATA EXCLUDED!!",false,"","!!DATA EXCLUDED!!","!!DATA EXCLUDED!!","!!DATA EXCLUDED!!"
"!!DATA EXCLUDED!!","!!DATA EXCLUDED!!","!!DATA EXCLUDED!!",0,"!!DATA EXCLUDED!!","!!DATA EXCLUDED!!",false,"","!!DATA EXCLUDED!!","!!DATA EXCLUDED!!",""
"!!DATA EXCLUDED!!","!!DATA EXCLUDED!!","!!DATA EXCLUDED!!",0,"!!DATA EXCLUDED!!","!!DATA EXCLUDED!!",false,"","!!DATA EXCLUDED!!","!!DATA EXCLUDED!!","!!DATA EXCLUDED!!"
"!!DATA EXCLUDED!!","!!DATA EXCLUDED!!","!!DATA EXCLUDED!!",0,"!!DATA EXCLUDED!!","!!DATA EXCLUDED!!",false,"","!!DATA EXCLUDED!!","!!DATA EXCLUDED!!","!!DATA EXCLUDED!!"
"!!DATA EXCLUDED!!","!!DATA EXCLUDED!!","!!DATA EXCLUDED!!",0,"!!DATA EXCLUDED!!","!!DATA EXCLUDED!!",false,"","!!DATA EXCLUDED!!","!!DATA EXCLUDED!!",""
"!!DATA EXCLUDED!!","!!DATA EXCLUDED!!","!!DATA EXCLUDED!!",0,"!!DATA EXCLUDED!!","!!DATA EXCLUDED!!",false,"","!!DATA EXCLUDED!!","!!DATA EXCLUDED!!","!!DATA EXCLUDED!!"
"!!DATA EXCLUDED!!","!!DATA EXCLUDED!!","!!DATA EXCLUDED!!",0,"!!DATA EXCLUDED!!","!!DATA EXCLUDED!!",false,"","!!DATA EXCLUDED!!","!!DATA EXCLUDED!!","!!DATA EXCLUDED!!"
"!!DATA EXCLUDED!!","!!DATA EXCLUDED!!","!!DATA EXCLUDED!!",0,"!!DATA EXCLUDED!!","!!DATA EXCLUDED!!",false,"","!!DATA EXCLUDED!!","!!DATA EXCLUDED!!",""
"!!DATA EXCLUDED!!","!!DATA EXCLUDED!!","!!DATA EXCLUDED!!",0,"!!DATA EXCLUDED!!","!!DATA EXCLUDED!!",false,"","!!DATA EXCLUDED!!","!!DATA EXCLUDED!!","!!DATA EXCLUDED!!"
"!!DATA EXCLUDED!!","!!DATA EXCLUDED!!","!!DATA EXCLUDED!!",0,"!!DATA EXCLUDED!!","!!DATA EXCLUDED!!",false,"","!!DATA EXCLUDED!!","!!DATA EXCLUDED!!",""
"!!DATA EXCLUDED!!","!!DATA EXCLUDED!!","!!DATA EXCLUDED!!",0,"!!DATA EXCLUDED!!","!!DATA EXCLUDED!!",false,"","!!DATA EXCLUDED!!","!!DATA EXCLUDED!!","!!DATA EXCLUDED!!"
"!!DATA EXCLUDED!!","!!DATA EXCLUDED!!","!!DATA EXCLUDED!!",0,"!!DATA EXCLUDED!!","!!DATA EXCLUDED!!",false,"","!!DATA EXCLUDED!!","!!DATA EXCLUDED!!","!!DATA EXCLUDED!!"
"!!DATA EXCLUDED!!","!!DATA EXCLUDED!!","!!DATA EXCLUDED!!",0,"!!DATA EXCLUDED!!","!!DATA EXCLUDED!!",false,"","!!DATA EXCLUDED!!","!!DATA EXCLUDED!!",""
"!!DATA EXCLUDED!!","!!DATA EXCLUDED!!","!!DATA EXCLUDED!!",0,"!!DATA EXCLUDED!!","!!DATA EXCLUDED!!",false,"","!!DATA EXCLUDED!!","!!DATA EXCLUDED!!","!!DATA EXCLUDED!!"
"!!DATA EXCLUDED!!","!!DATA EXCLUDED!!","!!DATA EXCLUDED!!",0,"!!DATA EXCLUDED!!","!!DATA EXCLUDED!!",false,"","!!DATA EXCLUDED!!","!!DATA EXCLUDED!!","!!DATA EXCLUDED!!"
"!!DATA EXCLUDED!!","!!DATA EXCLUDED!!","!!DATA EXCLUDED!!",0,"!!DATA EXCLUDED!!","!!DATA EXCLUDED!!",false,"","!!DATA EXCLUDED!!","!!DATA EXCLUDED!!","!!DATA EXCLUDED!!"
"!!DATA EXCLUDED!!","!!DATA EXCLUDED!!","!!DATA EXCLUDED!!",0,"!!DATA EXCLUDED!!","!!DATA EXCLUDED!!",false,"","!!DATA EXCLUDED!!","!!DATA EXCLUDED!!",""
"!!DATA EXCLUDED!!","!!DATA EXCLUDED!!","!!DATA EXCLUDED!!",0,"!!DATA EXCLUDED!!","!!DATA EXCLUDED!!",false,"","!!DATA EXCLUDED!!","!!DATA EXCLUDED!!",""
"!!DATA EXCLUDED!!","!!DATA EXCLUDED!!","!!DATA EXCLUDED!!",0,"!!DATA EXCLUDED!!","!!DATA EXCLUDED!!",false,"","!!DATA EXCLUDED!!","!!DATA EXCLUDED!!",""
"!!DATA EXCLUDED!!","!!DATA EXCLUDED!!","!!DATA EXCLUDED!!",0,"!!DATA EXCLUDED!!","!!DATA EXCLUDED!!",false,"","!!DATA EXCLUDED!!","!!DATA EXCLUDED!!",""
"!!DATA EXCLUDED!!","!!DATA EXCLUDED!!","!!DATA EXCLUDED!!",0,"!!DATA EXCLUDED!!","!!DATA EXCLUDED!!",false,"","!!DATA EXCLUDED!!","!!DATA EXCLUDED!!",""
"!!DATA EXCLUDED!!","!!DATA EXCLUDED!!","!!DATA EXCLUDED!!",0,"!!DATA EXCLUDED!!","!!DATA EXCLUDED!!",false,"","!!DATA EXCLUDED!!","!!DATA EXCLUDED!!",""
"!!DATA EXCLUDED!!","!!DATA EXCLUDED!!","!!DATA EXCLUDED!!",0,"!!DATA EXCLUDED!!","!!DATA EXCLUDED!!",false,"","!!DATA EXCLUDED!!","!!DATA EXCLUDED!!",""
"!!DATA EXCLUDED!!","!!DATA EXCLUDED!!","!!DATA EXCLUDED!!",0,"!!DATA EXCLUDED!!","!!DATA EXCLUDED!!",false,"","!!DATA EXCLUDED!!","!!DATA EXCLUDED!!",""
"!!DATA EXCLUDED!!","!!DATA EXCLUDED!!","!!DATA EXCLUDED!!",0,"!!DATA EXCLUDED!!","!!DATA EXCLUDED!!",false,"","!!DATA EXCLUDED!!","!!DATA EXCLUDED!!",""
"!!DATA EXCLUDED!!","!!DATA EXCLUDED!!","!!DATA EXCLUDED!!",0,"!!DATA EXCLUDED!!","!!DATA EXCLUDED!!",false,"","!!DATA EXCLUDED!!","!!DATA EXCLUDED!!","!!DATA EXCLUDED!!"
"!!DATA EXCLUDED!!","!!DATA EXCLUDED!!","!!DATA EXCLUDED!!",0,"!!DATA EXCLUDED!!","!!DATA EXCLUDED!!",false,"","!!DATA EXCLUDED!!","!!DATA EXCLUDED!!",""
"!!DATA EXCLUDED!!","!!DATA EXCLUDED!!","!!DATA EXCLUDED!!",0,"!!DATA EXCLUDED!!","!!DATA EXCLUDED!!",false,"","!!DATA EXCLUDED!!","!!DATA EXCLUDED!!","!!DATA EXCLUDED!!"
"!!DATA EXCLUDED!!","!!DATA EXCLUDED!!","!!DATA EXCLUDED!!",0,"!!DATA EXCLUDED!!","!!DATA EXCLUDED!!",false,"","!!DATA EXCLUDED!!","!!DATA EXCLUDED!!",""
"!!DATA EXCLUDED!!","!!DATA EXCLUDED!!","!!DATA EXCLUDED!!",0,"!!DATA EXCLUDED!!","!!DATA EXCLUDED!!",false,"","!!DATA EXCLUDED!!","!!DATA EXCLUDED!!","!!DATA EXCLUDED!!"
"!!DATA EXCLUDED!!","!!DATA EXCLUDED!!","!!DATA EXCLUDED!!",0,"!!DATA EXCLUDED!!","!!DATA EXCLUDED!!",false,"","!!DATA EXCLUDED!!","!!DATA EXCLUDED!!",""
"!!DATA EXCLUDED!!","!!DATA EXCLUDED!!","!!DATA EXCLUDED!!",0,"!!DATA EXCLUDED!!","!!DATA EXCLUDED!!",false,"","!!DATA EXCLUDED!!","!!DATA EXCLUDED!!","!!DATA EXCLUDED!!"
"!!DATA EXCLUDED!!","!!DATA EXCLUDED!!","!!DATA EXCLUDED!!",0,"!!DATA EXCLUDED!!","!!DATA EXCLUDED!!",false,"","!!DATA EXCLUDED!!","!!DATA EXCLUDED!!",""
"!!DATA EXCLUDED!!","!!DATA EXCLUDED!!","!!DATA EXCLUDED!!",0,"!!DATA EXCLUDED!!","!!DATA EXCLUDED!!",false,"","!!DATA EXCLUDED!!","!!DATA EXCLUDED!!","!!DATA EXCLUDED!!"
"!!DATA EXCLUDED!!","!!DATA EXCLUDED!!","!!DATA EXCLUDED!!",0,"!!DATA EXCLUDED!!","!!DATA EXCLUDED!!",false,"","!!DATA EXCLUDED!!","!!DATA EXCLUDED!!","!!DATA EXCLUDED!!"
"!!DATA EXCLUDED!!","!!DATA EXCLUDED!!","!!DATA EXCLUDED!!",0,"!!DATA EXCLUDED!!","!!DATA EXCLUDED!!",false,"","!!DATA EXCLUDED!!","!!DATA EXCLUDED!!","!!DATA EXCLUDED!!"
"!!DATA EXCLUDED!!","!!DATA EXCLUDED!!","!!DATA EXCLUDED!!",0,"!!DATA EXCLUDED!!","!!DATA EXCLUDED!!",false,"","!!DATA EXCLUDED!!","!!DATA EXCLUDED!!","!!DATA EXCLUDED!!"
"!!DATA EXCLUDED!!","!!DATA EXCLUDED!!","!!DATA EXCLUDED!!",0,"!!DATA EXCLUDED!!","!!DATA EXCLUDED!!",false,"","!!DATA EXCLUDED!!","!!DATA EXCLUDED!!","!!DATA EXCLUDED!!"
"!!DATA EXCLUDED!!","!!DATA EXCLUDED!!","!!DATA EXCLUDED!!",0,"!!DATA EXCLUDED!!","!!DATA EXCLUDED!!",false,"","!!DATA EXCLUDED!!","!!DATA EXCLUDED!!","!!DATA EXCLUDED!!"
"!!DATA EXCLUDED!!","!!DATA EXCLUDED!!","!!DATA EXCLUDED!!",0,"!!DATA EXCLUDED!!","!!DATA EXCLUDED!!",false,"","!!DATA EXCLUDED!!","!!DATA EXCLUDED!!","!!DATA EXCLUDED!!"
"!!DATA EXCLUDED!!","!!DATA EXCLUDED!!","!!DATA EXCLUDED!!",0,"!!DATA EXCLUDED!!","!!DATA EXCLUDED!!",false,"","!!DATA EXCLUDED!!","!!DATA EXCLUDED!!","!!DATA EXCLUDED!!"
"!!DATA EXCLUDED!!","!!DATA EXCLUDED!!","!!DATA EXCLUDED!!",0,"!!DATA EXCLUDED!!","!!DATA EXCLUDED!!",false,"","!!DATA EXCLUDED!!","!!DATA EXCLUDED!!","!!DATA EXCLUDED!!"
"!!DATA EXCLUDED!!","!!DATA EXCLUDED!!","!!DATA EXCLUDED!!",0,"!!DATA EXCLUDED!!","!!DATA EXCLUDED!!",false,"","!!DATA EXCLUDED!!","!!DATA EXCLUDED!!","!!DATA EXCLUDED!!"
"!!DATA EXCLUDED!!","!!DATA EXCLUDED!!","!!DATA EXCLUDED!!",0,"!!DATA EXCLUDED!!","!!DATA EXCLUDED!!",false,"","!!DATA EXCLUDED!!","!!DATA EXCLUDED!!","!!DATA EXCLUDED!!"
"!!DATA EXCLUDED!!","!!DATA EXCLUDED!!","!!DATA EXCLUDED!!",0,"!!DATA EXCLUDED!!","!!DATA EXCLUDED!!",false,"","!!DATA EXCLUDED!!","!!DATA EXCLUDED!!","!!DATA EXCLUDED!!"
"!!DATA EXCLUDED!!","!!DATA EXCLUDED!!","!!DATA EXCLUDED!!",0,"!!DATA EXCLUDED!!","!!DATA EXCLUDED!!",false,"","!!DATA EXCLUDED!!","!!DATA EXCLUDED!!","!!DATA EXCLUDED!!"
"!!DATA EXCLUDED!!","!!DATA EXCLUDED!!","!!DATA EXCLUDED!!",0,"!!DATA EXCLUDED!!","!!DATA EXCLUDED!!",false,"","!!DATA EXCLUDED!!","!!DATA EXCLUDED!!","!!DATA EXCLUDED!!"
"!!DATA EXCLUDED!!","!!DATA EXCLUDED!!","!!DATA EXCLUDED!!",0,"!!DATA EXCLUDED!!","!!DATA EXCLUDED!!",false,"","!!DATA EXCLUDED!!","!!DATA EXCLUDED!!",""
"!!DATA EXCLUDED!!","!!DATA EXCLUDED!!","!!DATA EXCLUDED!!",0,"!!DATA EXCLUDED!!","!!DATA EXCLUDED!!",false,"","!!DATA EXCLUDED!!","!!DATA EXCLUDED!!","!!DATA EXCLUDED!!"
"!!DATA EXCLUDED!!","!!DATA EXCLUDED!!","!!DATA EXCLUDED!!",0,"!!DATA EXCLUDED!!","!!DATA EXCLUDED!!",false,"","!!DATA EXCLUDED!!","!!DATA EXCLUDED!!","!!DATA EXCLUDED!!"
"!!DATA EXCLUDED!!","!!DATA EXCLUDED!!","!!DATA EXCLUDED!!",0,"!!DATA EXCLUDED!!","!!DATA EXCLUDED!!",false,"","!!DATA EXCLUDED!!","!!DATA EXCLUDED!!","!!DATA EXCLUDED!!"
"!!DATA EXCLUDED!!","!!DATA EXCLUDED!!","!!DATA EXCLUDED!!",0,"!!DATA EXCLUDED!!","!!DATA EXCLUDED!!",false,"","!!DATA EXCLUDED!!","!!DATA EXCLUDED!!","!!DATA EXCLUDED!!"
"!!DATA EXCLUDED!!","!!DATA EXCLUDED!!","!!DATA EXCLUDED!!",0,"!!DATA EXCLUDED!!","!!DATA EXCLUDED!!",false,"","!!DATA EXCLUDED!!","!!DATA EXCLUDED!!","!!DATA EXCLUDED!!"
"!!DATA EXCLUDED!!","!!DATA EXCLUDED!!","!!DATA EXCLUDED!!",0,"!!DATA EXCLUDED!!","!!DATA EXCLUDED!!",false,"","!!DATA EXCLUDED!!","!!DATA EXCLUDED!!","!!DATA EXCLUDED!!"
"!!DATA EXCLUDED!!","!!DATA EXCLUDED!!","!!DATA EXCLUDED!!",0,"!!DATA EXCLUDED!!","!!DATA EXCLUDED!!",false,"","!!DATA EXCLUDED!!","!!DATA EXCLUDED!!","!!DATA EXCLUDED!!"
"!!DATA EXCLUDED!!","!!DATA EXCLUDED!!","!!DATA EXCLUDED!!",0,"!!DATA EXCLUDED!!","!!DATA EXCLUDED!!",false,"","!!DATA EXCLUDED!!","!!DATA EXCLUDED!!","!!DATA EXCLUDED!!"
"!!DATA EXCLUDED!!","!!DATA EXCLUDED!!","!!DATA EXCLUDED!!",0,"!!DATA EXCLUDED!!","!!DATA EXCLUDED!!",false,"","!!DATA EXCLUDED!!","!!DATA EXCLUDED!!","!!DATA EXCLUDED!!"
"!!DATA EXCLUDED!!","!!DATA EXCLUDED!!","!!DATA EXCLUDED!!",0,"!!DATA EXCLUDED!!","!!DATA EXCLUDED!!",false,"","!!DATA EXCLUDED!!","!!DATA EXCLUDED!!","!!DATA EXCLUDED!!"
"!!DATA EXCLUDED!!","!!DATA EXCLUDED!!","!!DATA EXCLUDED!!",0,"!!DATA EXCLUDED!!","!!DATA EXCLUDED!!",false,"","!!DATA EXCLUDED!!","!!DATA EXCLUDED!!","!!DATA EXCLUDED!!"
"!!DATA EXCLUDED!!","!!DATA EXCLUDED!!","!!DATA EXCLUDED!!",0,"!!DATA EXCLUDED!!","!!DATA EXCLUDED!!",false,"","!!DATA EXCLUDED!!","!!DATA EXCLUDED!!","!!DATA EXCLUDED!!"
"!!DATA EXCLUDED!!","!!DATA EXCLUDED!!","!!DATA EXCLUDED!!",0,"!!DATA EXCLUDED!!","!!DATA EXCLUDED!!",false,"","!!DATA EXCLUDED!!","!!DATA EXCLUDED!!","!!DATA EXCLUDED!!"
"!!DATA EXCLUDED!!","!!DATA EXCLUDED!!","!!DATA EXCLUDED!!",0,"!!DATA EXCLUDED!!","!!DATA EXCLUDED!!",false,"","!!DATA EXCLUDED!!","!!DATA EXCLUDED!!",""
"!!DATA EXCLUDED!!","!!DATA EXCLUDED!!","!!DATA EXCLUDED!!",0,"!!DATA EXCLUDED!!","!!DATA EXCLUDED!!",false,"","!!DATA EXCLUDED!!","!!DATA EXCLUDED!!","!!DATA EXCLUDED!!"
"!!DATA EXCLUDED!!","!!DATA EXCLUDED!!","!!DATA EXCLUDED!!",0,"!!DATA EXCLUDED!!","!!DATA EXCLUDED!!",false,"","!!DATA EXCLUDED!!","!!DATA EXCLUDED!!","!!DATA EXCLUDED!!"
"!!DATA EXCLUDED!!","!!DATA EXCLUDED!!","!!DATA EXCLUDED!!",0,"!!DATA EXCLUDED!!","!!DATA EXCLUDED!!",false,"","!!DATA EXCLUDED!!","!!DATA EXCLUDED!!","!!DATA EXCLUDED!!"
"!!DATA EXCLUDED!!","!!DATA EXCLUDED!!","!!DATA EXCLUDED!!",0,"!!DATA EXCLUDED!!","!!DATA EXCLUDED!!",false,"","!!DATA EXCLUDED!!","!!DATA EXCLUDED!!","!!DATA EXCLUDED!!"
"!!DATA EXCLUDED!!","!!DATA EXCLUDED!!","!!DATA EXCLUDED!!",0,"!!DATA EXCLUDED!!","!!DATA EXCLUDED!!",false,"","!!DATA EXCLUDED!!","!!DATA EXCLUDED!!","!!DATA EXCLUDED!!"
"!!DATA EXCLUDED!!","!!DATA EXCLUDED!!","!!DATA EXCLUDED!!",0,"!!DATA EXCLUDED!!","!!DATA EXCLUDED!!",false,"","!!DATA EXCLUDED!!","!!DATA EXCLUDED!!","!!DATA EXCLUDED!!"
"!!DATA EXCLUDED!!","!!DATA EXCLUDED!!","!!DATA EXCLUDED!!",0,"!!DATA EXCLUDED!!","!!DATA EXCLUDED!!",false,"","!!DATA EXCLUDED!!","!!DATA EXCLUDED!!","!!DATA EXCLUDED!!"
"!!DATA EXCLUDED!!","!!DATA EXCLUDED!!","!!DATA EXCLUDED!!",0,"!!DATA EXCLUDED!!","!!DATA EXCLUDED!!",false,"","!!DATA EXCLUDED!!","!!DATA EXCLUDED!!","!!DATA EXCLUDED!!"
"!!DATA EXCLUDED!!","!!DATA EXCLUDED!!","!!DATA EXCLUDED!!",0,"!!DATA EXCLUDED!!","!!DATA EXCLUDED!!",false,"","!!DATA EXCLUDED!!","!!DATA EXCLUDED!!","!!DATA EXCLUDED!!"
"!!DATA EXCLUDED!!","!!DATA EXCLUDED!!","!!DATA EXCLUDED!!",0,"!!DATA EXCLUDED!!","!!DATA EXCLUDED!!",false,"","!!DATA EXCLUDED!!","!!DATA EXCLUDED!!","!!DATA EXCLUDED!!"
"!!DATA EXCLUDED!!","!!DATA EXCLUDED!!","!!DATA EXCLUDED!!",10,"!!DATA EXCLUDED!!","!!DATA EXCLUDED!!",false,"","!!DATA EXCLUDED!!","!!DATA EXCLUDED!!",""
"!!DATA EXCLUDED!!","!!DATA EXCLUDED!!","!!DATA EXCLUDED!!",10,"!!DATA EXCLUDED!!","!!DATA EXCLUDED!!",false,"","!!DATA EXCLUDED!!","!!DATA EXCLUDED!!","!!DATA EXCLUDED!!"
"!!DATA EXCLUDED!!","!!DATA EXCLUDED!!","!!DATA EXCLUDED!!",10,"!!DATA EXCLUDED!!","!!DATA EXCLUDED!!",false,"","!!DATA EXCLUDED!!","!!DATA EXCLUDED!!","!!DATA EXCLUDED!!"
"!!DATA EXCLUDED!!","!!DATA EXCLUDED!!","!!DATA EXCLUDED!!",10,"!!DATA EXCLUDED!!","!!DATA EXCLUDED!!",false,"","!!DATA EXCLUDED!!","!!DATA EXCLUDED!!",""
"!!DATA EXCLUDED!!","!!DATA EXCLUDED!!","!!DATA EXCLUDED!!",10,"!!DATA EXCLUDED!!","!!DATA EXCLUDED!!",false,"","!!DATA EXCLUDED!!","!!DATA EXCLUDED!!","!!DATA EXCLUDED!!"
"!!DATA EXCLUDED!!","!!DATA EXCLUDED!!","!!DATA EXCLUDED!!",10,"!!DATA EXCLUDED!!","!!DATA EXCLUDED!!",false,"","!!DATA EXCLUDED!!","!!DATA EXCLUDED!!","!!DATA EXCLUDED!!"
"!!DATA EXCLUDED!!","!!DATA EXCLUDED!!","!!DATA EXCLUDED!!",10,"!!DATA EXCLUDED!!","!!DATA EXCLUDED!!",false,"","!!DATA EXCLUDED!!","!!DATA EXCLUDED!!",""
"!!DATA EXCLUDED!!","!!DATA EXCLUDED!!","!!DATA EXCLUDED!!",10,"!!DATA EXCLUDED!!","!!DATA EXCLUDED!!",false,"","!!DATA EXCLUDED!!","!!DATA EXCLUDED!!","!!DATA EXCLUDED!!"
"!!DATA EXCLUDED!!","!!DATA EXCLUDED!!","!!DATA EXCLUDED!!",10,"!!DATA EXCLUDED!!","!!DATA EXCLUDED!!",false,"","!!DATA EXCLUDED!!","!!DATA EXCLUDED!!","!!DATA EXCLUDED!!"
"!!DATA EXCLUDED!!","!!DATA EXCLUDED!!","!!DATA EXCLUDED!!",10,"!!DATA EXCLUDED!!","!!DATA EXCLUDED!!",false,"","!!DATA EXCLUDED!!","!!DATA EXCLUDED!!",""
"!!DATA EXCLUDED!!","!!DATA EXCLUDED!!","!!DATA EXCLUDED!!",10,"!!DATA EXCLUDED!!","!!DATA EXCLUDED!!",false,"","!!DATA EXCLUDED!!","!!DATA EXCLUDED!!","!!DATA EXCLUDED!!"
"!!DATA EXCLUDED!!","!!DATA EXCLUDED!!","!!DATA EXCLUDED!!",10,"!!DATA EXCLUDED!!","!!DATA EXCLUDED!!",false,"","!!DATA EXCLUDED!!","!!DATA EXCLUDED!!","!!DATA EXCLUDED!!"
"!!DATA EXCLUDED!!","!!DATA EXCLUDED!!","!!DATA EXCLUDED!!",5,"!!DATA EXCLUDED!!","!!DATA EXCLUDED!!",false,"","!!DATA EXCLUDED!!","!!DATA EXCLUDED!!",""
"!!DATA EXCLUDED!!","!!DATA EXCLUDED!!","!!DATA EXCLUDED!!",5,"!!DATA EXCLUDED!!","!!DATA EXCLUDED!!",false,"","!!DATA EXCLUDED!!","!!DATA EXCLUDED!!","!!DATA EXCLUDED!!"
"!!DATA EXCLUDED!!","!!DATA EXCLUDED!!","!!DATA EXCLUDED!!",5,"!!DATA EXCLUDED!!","!!DATA EXCLUDED!!",false,"","!!DATA EXCLUDED!!","!!DATA EXCLUDED!!","!!DATA EXCLUDED!!"
"!!DATA EXCLUDED!!","!!DATA EXCLUDED!!","!!DATA EXCLUDED!!",5,"!!DATA EXCLUDED!!","!!DATA EXCLUDED!!",false,"","!!DATA EXCLUDED!!","!!DATA EXCLUDED!!","!!DATA EXCLUDED!!"
"!!DATA EXCLUDED!!","!!DATA EXCLUDED!!","!!DATA EXCLUDED!!",5,"!!DATA EXCLUDED!!","!!DATA EXCLUDED!!",false,"","!!DATA EXCLUDED!!","!!DATA EXCLUDED!!","!!DATA EXCLUDED!!"
"!!DATA EXCLUDED!!","!!DATA EXCLUDED!!","!!DATA EXCLUDED!!",5,"!!DATA EXCLUDED!!","!!DATA EXCLUDED!!",false,"","!!DATA EXCLUDED!!","!!DATA EXCLUDED!!","!!DATA EXCLUDED!!"
"!!DATA EXCLUDED!!","!!DATA EXCLUDED!!","!!DATA EXCLUDED!!",5,"!!DATA EXCLUDED!!","!!DATA EXCLUDED!!",false,"","!!DATA EXCLUDED!!","!!DATA EXCLUDED!!","!!DATA EXCLUDED!!"
"!!DATA EXCLUDED!!","!!DATA EXCLUDED!!","!!DATA EXCLUDED!!",5,"!!DATA EXCLUDED!!","!!DATA EXCLUDED!!",false,"","!!DATA EXCLUDED!!","!!DATA EXCLUDED!!","!!DATA EXCLUDED!!"
"!!DATA EXCLUDED!!","!!DATA EXCLUDED!!","!!DATA EXCLUDED!!",5,"!!DATA EXCLUDED!!","!!DATA EXCLUDED!!",false,"","!!DATA EXCLUDED!!","!!DATA EXCLUDED!!","!!DATA EXCLUDED!!"
"!!DATA EXCLUDED!!","!!DATA EXCLUDED!!","!!DATA EXCLUDED!!",5,"!!DATA EXCLUDED!!","!!DATA EXCLUDED!!",false,"","!!DATA EXCLUDED!!","!!DATA EXCLUDED!!","!!DATA EXCLUDED!!"
"!!DATA EXCLUDED!!","!!DATA EXCLUDED!!","!!DATA EXCLUDED!!",5,"!!DATA EXCLUDED!!","!!DATA EXCLUDED!!",false,"","!!DATA EXCLUDED!!","!!DATA EXCLUDED!!","!!DATA EXCLUDED!!"
"!!DATA EXCLUDED!!","!!DATA EXCLUDED!!","!!DATA EXCLUDED!!",5,"!!DATA EXCLUDED!!","!!DATA EXCLUDED!!",false,"","!!DATA EXCLUDED!!","!!DATA EXCLUDED!!","!!DATA EXCLUDED!!"
"!!DATA EXCLUDED!!","!!DATA EXCLUDED!!","!!DATA EXCLUDED!!",5,"!!DATA EXCLUDED!!","!!DATA EXCLUDED!!",false,"","!!DATA EXCLUDED!!","!!DATA EXCLUDED!!","!!DATA EXCLUDED!!"
"!!DATA EXCLUDED!!","!!DATA EXCLUDED!!","!!DATA EXCLUDED!!",5,"!!DATA EXCLUDED!!","!!DATA EXCLUDED!!",false,"","!!DATA EXCLUDED!!","!!DATA EXCLUDED!!","!!DATA EXCLUDED!!"
"!!DATA EXCLUDED!!","!!DATA EXCLUDED!!","!!DATA EXCLUDED!!",5,"!!DATA EXCLUDED!!","!!DATA EXCLUDED!!",false,"","!!DATA EXCLUDED!!","!!DATA EXCLUDED!!","!!DATA EXCLUDED!!"
"!!DATA EXCLUDED!!","!!DATA EXCLUDED!!","!!DATA EXCLUDED!!",0,"!!DATA EXCLUDED!!","!!DATA EXCLUDED!!",false,"","!!DATA EXCLUDED!!","!!DATA EXCLUDED!!",""
"!!DATA EXCLUDED!!","!!DATA EXCLUDED!!","!!DATA EXCLUDED!!",0,"!!DATA EXCLUDED!!","!!DATA EXCLUDED!!",false,"","!!DATA EXCLUDED!!","!!DATA EXCLUDED!!","!!DATA EXCLUDED!!"
"!!DATA EXCLUDED!!","!!DATA EXCLUDED!!","!!DATA EXCLUDED!!",0,"!!DATA EXCLUDED!!","!!DATA EXCLUDED!!",false,"","!!DATA EXCLUDED!!","!!DATA EXCLUDED!!","!!DATA EXCLUDED!!"
"!!DATA EXCLUDED!!","!!DATA EXCLUDED!!","!!DATA EXCLUDED!!",0,"!!DATA EXCLUDED!!","!!DATA EXCLUDED!!",false,"","!!DATA EXCLUDED!!","!!DATA EXCLUDED!!","!!DATA EXCLUDED!!"
"!!DATA EXCLUDED!!","!!DATA EXCLUDED!!","!!DATA EXCLUDED!!",0,"!!DATA EXCLUDED!!","!!DATA EXCLUDED!!",false,"","!!DATA EXCLUDED!!","!!DATA EXCLUDED!!","!!DATA EXCLUDED!!"
"!!DATA EXCLUDED!!","!!DATA EXCLUDED!!","!!DATA EXCLUDED!!",0,"!!DATA EXCLUDED!!","!!DATA EXCLUDED!!",false,"","!!DATA EXCLUDED!!","!!DATA EXCLUDED!!","!!DATA EXCLUDED!!"
"!!DATA EXCLUDED!!","!!DATA EXCLUDED!!","!!DATA EXCLUDED!!",0,"!!DATA EXCLUDED!!","!!DATA EXCLUDED!!",false,"","!!DATA EXCLUDED!!","!!DATA EXCLUDED!!","!!DATA EXCLUDED!!"
"!!DATA EXCLUDED!!","!!DATA EXCLUDED!!","!!DATA EXCLUDED!!",10,"!!DATA EXCLUDED!!","!!DATA EXCLUDED!!",false,"","!!DATA EXCLUDED!!","!!DATA EXCLUDED!!","!!DATA EXCLUDED!!"
"!!DATA EXCLUDED!!","!!DATA EXCLUDED!!","!!DATA EXCLUDED!!",10,"!!DATA EXCLUDED!!","!!DATA EXCLUDED!!",false,"","!!DATA EXCLUDED!!","!!DATA EXCLUDED!!","!!DATA EXCLUDED!!"
"!!DATA EXCLUDED!!","!!DATA EXCLUDED!!","!!DATA EXCLUDED!!",10,"!!DATA EXCLUDED!!","!!DATA EXCLUDED!!",false,"","!!DATA EXCLUDED!!","!!DATA EXCLUDED!!","!!DATA EXCLUDED!!"
"!!DATA EXCLUDED!!","!!DATA EXCLUDED!!","!!DATA EXCLUDED!!",10,"!!DATA EXCLUDED!!","!!DATA EXCLUDED!!",false,"","!!DATA EXCLUDED!!","!!DATA EXCLUDED!!","!!DATA EXCLUDED!!"
"!!DATA EXCLUDED!!","!!DATA EXCLUDED!!","!!DATA EXCLUDED!!",10,"!!DATA EXCLUDED!!","!!DATA EXCLUDED!!",false,"","!!DATA EXCLUDED!!","!!DATA EXCLUDED!!","!!DATA EXCLUDED!!"
"!!DATA EXCLUDED!!","!!DATA EXCLUDED!!","!!DATA EXCLUDED!!",10,"!!DATA EXCLUDED!!","!!DATA EXCLUDED!!",false,"","!!DATA EXCLUDED!!","!!DATA EXCLUDED!!","!!DATA EXCLUDED!!"
"!!DATA EXCLUDED!!","!!DATA EXCLUDED!!","!!DATA EXCLUDED!!",10,"!!DATA EXCLUDED!!","!!DATA EXCLUDED!!",false,"","!!DATA EXCLUDED!!","!!DATA EXCLUDED!!","!!DATA EXCLUDED!!"
"!!DATA EXCLUDED!!","!!DATA EXCLUDED!!","!!DATA EXCLUDED!!",10,"!!DATA EXCLUDED!!","!!DATA EXCLUDED!!",false,"","!!DATA EXCLUDED!!","!!DATA EXCLUDED!!","!!DATA EXCLUDED!!"
"!!DATA EXCLUDED!!","!!DATA EXCLUDED!!","!!DATA EXCLUDED!!",10,"!!DATA EXCLUDED!!","!!DATA EXCLUDED!!",false,"","!!DATA EXCLUDED!!","!!DATA EXCLUDED!!","!!DATA EXCLUDED!!"
"!!DATA EXCLUDED!!","!!DATA EXCLUDED!!","!!DATA EXCLUDED!!",10,"!!DATA EXCLUDED!!","!!DATA EXCLUDED!!",false,"","!!DATA EXCLUDED!!","!!DATA EXCLUDED!!","!!DATA EXCLUDED!!"
"!!DATA EXCLUDED!!","!!DATA EXCLUDED!!","!!DATA EXCLUDED!!",10,"!!DATA EXCLUDED!!","!!DATA EXCLUDED!!",false,"","!!DATA EXCLUDED!!","!!DATA EXCLUDED!!","!!DATA EXCLUDED!!"
"!!DATA EXCLUDED!!","!!DATA EXCLUDED!!","!!DATA EXCLUDED!!",5,"!!DATA EXCLUDED!!","!!DATA EXCLUDED!!",false,"","!!DATA EXCLUDED!!","!!DATA EXCLUDED!!",""
"!!DATA EXCLUDED!!","!!DATA EXCLUDED!!","!!DATA EXCLUDED!!",5,"!!DATA EXCLUDED!!","!!DATA EXCLUDED!!",false,"","!!DATA EXCLUDED!!","!!DATA EXCLUDED!!","!!DATA EXCLUDED!!"
"!!DATA EXCLUDED!!","!!DATA EXCLUDED!!","!!DATA EXCLUDED!!",5,"!!DATA EXCLUDED!!","!!DATA EXCLUDED!!",false,"","!!DATA EXCLUDED!!","!!DATA EXCLUDED!!",""
"!!DATA EXCLUDED!!","!!DATA EXCLUDED!!","!!DATA EXCLUDED!!",5,"!!DATA EXCLUDED!!","!!DATA EXCLUDED!!",false,"","!!DATA EXCLUDED!!","!!DATA EXCLUDED!!","!!DATA EXCLUDED!!"
"!!DATA EXCLUDED!!","!!DATA EXCLUDED!!","!!DATA EXCLUDED!!",5,"!!DATA EXCLUDED!!","!!DATA EXCLUDED!!",false,"","!!DATA EXCLUDED!!","!!DATA EXCLUDED!!",""
"!!DATA EXCLUDED!!","!!DATA EXCLUDED!!","!!DATA EXCLUDED!!",5,"!!DATA EXCLUDED!!","!!DATA EXCLUDED!!",false,"","!!DATA EXCLUDED!!","!!DATA EXCLUDED!!","!!DATA EXCLUDED!!"
"!!DATA EXCLUDED!!","!!DATA EXCLUDED!!","!!DATA EXCLUDED!!",5,"!!DATA EXCLUDED!!","!!DATA EXCLUDED!!",false,"","!!DATA EXCLUDED!!","!!DATA EXCLUDED!!",""
"!!DATA EXCLUDED!!","!!DATA EXCLUDED!!","!!DATA EXCLUDED!!",5,"!!DATA EXCLUDED!!","!!DATA EXCLUDED!!",false,"","!!DATA EXCLUDED!!","!!DATA EXCLUDED!!","!!DATA EXCLUDED!!"
"!!DATA EXCLUDED!!","!!DATA EXCLUDED!!","!!DATA EXCLUDED!!",5,"!!DATA EXCLUDED!!","!!DATA EXCLUDED!!",false,"","!!DATA EXCLUDED!!","!!DATA EXCLUDED!!","!!DATA EXCLUDED!!"
"!!DATA EXCLUDED!!","!!DATA EXCLUDED!!","!!DATA EXCLUDED!!",5,"!!DATA EXCLUDED!!","!!DATA EXCLUDED!!",false,"","!!DATA EXCLUDED!!","!!DATA EXCLUDED!!",""
"!!DATA EXCLUDED!!","!!DATA EXCLUDED!!","!!DATA EXCLUDED!!",5,"!!DATA EXCLUDED!!","!!DATA EXCLUDED!!",false,"","!!DATA EXCLUDED!!","!!DATA EXCLUDED!!","!!DATA EXCLUDED!!"
"!!DATA EXCLUDED!!","!!DATA EXCLUDED!!","!!DATA EXCLUDED!!",5,"!!DATA EXCLUDED!!","!!DATA EXCLUDED!!",false,"","!!DATA EXCLUDED!!","!!DATA EXCLUDED!!",""
"!!DATA EXCLUDED!!","!!DATA EXCLUDED!!","!!DATA EXCLUDED!!",5,"!!DATA EXCLUDED!!","!!DATA EXCLUDED!!",false,"","!!DATA EXCLUDED!!","!!DATA EXCLUDED!!","!!DATA EXCLUDED!!"
"!!DATA EXCLUDED!!","!!DATA EXCLUDED!!","!!DATA EXCLUDED!!",5,"!!DATA EXCLUDED!!","!!DATA EXCLUDED!!",false,"","!!DATA EXCLUDED!!","!!DATA EXCLUDED!!",""
"!!DATA EXCLUDED!!","!!DATA EXCLUDED!!","!!DATA EXCLUDED!!",5,"!!DATA EXCLUDED!!","!!DATA EXCLUDED!!",false,"","!!DATA EXCLUDED!!","!!DATA EXCLUDED!!","!!DATA EXCLUDED!!"
"!!DATA EXCLUDED!!","!!DATA EXCLUDED!!","!!DATA EXCLUDED!!",5,"!!DATA EXCLUDED!!","!!DATA EXCLUDED!!",false,"","!!DATA EXCLUDED!!","!!DATA EXCLUDED!!","!!DATA EXCLUDED!!"
"!!DATA EXCLUDED!!","!!DATA EXCLUDED!!","!!DATA EXCLUDED!!",5,"!!DATA EXCLUDED!!","!!DATA EXCLUDED!!",false,"","!!DATA EXCLUDED!!","!!DATA EXCLUDED!!",""
"!!DATA EXCLUDED!!","!!DATA EXCLUDED!!","!!DATA EXCLUDED!!",5,"!!DATA EXCLUDED!!","!!DATA EXCLUDED!!",false,"","!!DATA EXCLUDED!!","!!DATA EXCLUDED!!","!!DATA EXCLUDED!!"
"!!DATA EXCLUDED!!","!!DATA EXCLUDED!!","!!DATA EXCLUDED!!",5,"!!DATA EXCLUDED!!","!!DATA EXCLUDED!!",false,"","!!DATA EXCLUDED!!","!!DATA EXCLUDED!!",""
"!!DATA EXCLUDED!!","!!DATA EXCLUDED!!","!!DATA EXCLUDED!!",5,"!!DATA EXCLUDED!!","!!DATA EXCLUDED!!",false,"","!!DATA EXCLUDED!!","!!DATA EXCLUDED!!","!!DATA EXCLUDED!!"
"!!DATA EXCLUDED!!","!!DATA EXCLUDED!!","!!DATA EXCLUDED!!",5,"!!DATA EXCLUDED!!","!!DATA EXCLUDED!!",false,"","!!DATA EXCLUDED!!","!!DATA EXCLUDED!!",""
"!!DATA EXCLUDED!!","!!DATA EXCLUDED!!","!!DATA EXCLUDED!!",5,"!!DATA EXCLUDED!!","!!DATA EXCLUDED!!",false,"","!!DATA EXCLUDED!!","!!DATA EXCLUDED!!","!!DATA EXCLUDED!!"
"!!DATA EXCLUDED!!","!!DATA EXCLUDED!!","!!DATA EXCLUDED!!",0,"!!DATA EXCLUDED!!","!!DATA EXCLUDED!!",false,"","!!DATA EXCLUDED!!","!!DATA EXCLUDED!!",""
"!!DATA EXCLUDED!!","!!DATA EXCLUDED!!","!!DATA EXCLUDED!!",0,"!!DATA EXCLUDED!!","!!DATA EXCLUDED!!",false,"","!!DATA EXCLUDED!!","!!DATA EXCLUDED!!","!!DATA EXCLUDED!!"
"!!DATA EXCLUDED!!","!!DATA EXCLUDED!!","!!DATA EXCLUDED!!",0,"!!DATA EXCLUDED!!","!!DATA EXCLUDED!!",false,"","!!DATA EXCLUDED!!","!!DATA EXCLUDED!!","!!DATA EXCLUDED!!"
"!!DATA EXCLUDED!!","!!DATA EXCLUDED!!","!!DATA EXCLUDED!!",0,"!!DATA EXCLUDED!!","!!DATA EXCLUDED!!",false,"","!!DATA EXCLUDED!!","!!DATA EXCLUDED!!","!!DATA EXCLUDED!!"
"!!DATA EXCLUDED!!","!!DATA EXCLUDED!!","!!DATA EXCLUDED!!",0,"!!DATA EXCLUDED!!","!!DATA EXCLUDED!!",false,"","!!DATA EXCLUDED!!","!!DATA EXCLUDED!!",""
"!!DATA EXCLUDED!!","!!DATA EXCLUDED!!","!!DATA EXCLUDED!!",0,"!!DATA EXCLUDED!!","!!DATA EXCLUDED!!",false,"","!!DATA EXCLUDED!!","!!DATA EXCLUDED!!","!!DATA EXCLUDED!!"
"!!DATA EXCLUDED!!","!!DATA EXCLUDED!!","!!DATA EXCLUDED!!",0,"!!DATA EXCLUDED!!","!!DATA EXCLUDED!!",false,"","!!DATA EXCLUDED!!","!!DATA EXCLUDED!!","!!DATA EXCLUDED!!"
"!!DATA EXCLUDED!!","!!DATA EXCLUDED!!","!!DATA EXCLUDED!!",0,"!!DATA EXCLUDED!!","!!DATA EXCLUDED!!",false,"","!!DATA EXCLUDED!!","!!DATA EXCLUDED!!","!!DATA EXCLUDED!!"
"!!DATA EXCLUDED!!","!!DATA EXCLUDED!!","!!DATA EXCLUDED!!",0,"!!DATA EXCLUDED!!","!!DATA EXCLUDED!!",false,"","!!DATA EXCLUDED!!","!!DATA EXCLUDED!!","!!DATA EXCLUDED!!"
"!!DATA EXCLUDED!!","!!DATA EXCLUDED!!","!!DATA EXCLUDED!!",0,"!!DATA EXCLUDED!!","!!DATA EXCLUDED!!",false,"","!!DATA EXCLUDED!!","!!DATA EXCLUDED!!","!!DATA EXCLUDED!!"
"!!DATA EXCLUDED!!","!!DATA EXCLUDED!!","!!DATA EXCLUDED!!",0,"!!DATA EXCLUDED!!","!!DATA EXCLUDED!!",false,"","!!DATA EXCLUDED!!","!!DATA EXCLUDED!!",""
"!!DATA EXCLUDED!!","!!DATA EXCLUDED!!","!!DATA EXCLUDED!!",0,"!!DATA EXCLUDED!!","!!DATA EXCLUDED!!",false,"","!!DATA EXCLUDED!!","!!DATA EXCLUDED!!","!!DATA EXCLUDED!!"
"!!DATA EXCLUDED!!","!!DATA EXCLUDED!!","!!DATA EXCLUDED!!",0,"!!DATA EXCLUDED!!","!!DATA EXCLUDED!!",false,"","!!DATA EXCLUDED!!","!!DATA EXCLUDED!!","!!DATA EXCLUDED!!"
"!!DATA EXCLUDED!!","!!DATA EXCLUDED!!","!!DATA EXCLUDED!!",0,"!!DATA EXCLUDED!!","!!DATA EXCLUDED!!",false,"","!!DATA EXCLUDED!!","!!DATA EXCLUDED!!","!!DATA EXCLUDED!!"
"!!DATA EXCLUDED!!","!!DATA EXCLUDED!!","!!DATA EXCLUDED!!",0,"!!DATA EXCLUDED!!","!!DATA EXCLUDED!!",false,"","!!DATA EXCLUDED!!","!!DATA EXCLUDED!!","!!DATA EXCLUDED!!"
"!!DATA EXCLUDED!!","!!DATA EXCLUDED!!","!!DATA EXCLUDED!!",0,"!!DATA EXCLUDED!!","!!DATA EXCLUDED!!",false,"","!!DATA EXCLUDED!!","!!DATA EXCLUDED!!",""
"!!DATA EXCLUDED!!","!!DATA EXCLUDED!!","!!DATA EXCLUDED!!",0,"!!DATA EXCLUDED!!","!!DATA EXCLUDED!!",false,"","!!DATA EXCLUDED!!","!!DATA EXCLUDED!!","!!DATA EXCLUDED!!"
"!!DATA EXCLUDED!!","!!DATA EXCLUDED!!","!!DATA EXCLUDED!!",0,"!!DATA EXCLUDED!!","!!DATA EXCLUDED!!",false,"","!!DATA EXCLUDED!!","!!DATA EXCLUDED!!","!!DATA EXCLUDED!!"
"!!DATA EXCLUDED!!","!!DATA EXCLUDED!!","!!DATA EXCLUDED!!",0,"!!DATA EXCLUDED!!","!!DATA EXCLUDED!!",false,"","!!DATA EXCLUDED!!","!!DATA EXCLUDED!!","!!DATA EXCLUDED!!"
"!!DATA EXCLUDED!!","!!DATA EXCLUDED!!","!!DATA EXCLUDED!!",0,"!!DATA EXCLUDED!!","!!DATA EXCLUDED!!",false,"","!!DATA EXCLUDED!!","!!DATA EXCLUDED!!","!!DATA EXCLUDED!!"
"!!DATA EXCLUDED!!","!!DATA EXCLUDED!!","!!DATA EXCLUDED!!",0,"!!DATA EXCLUDED!!","!!DATA EXCLUDED!!",false,"","!!DATA EXCLUDED!!","!!DATA EXCLUDED!!","!!DATA EXCLUDED!!"
"!!DATA EXCLUDED!!","!!DATA EXCLUDED!!","!!DATA EXCLUDED!!",0,"!!DATA EXCLUDED!!","!!DATA EXCLUDED!!",false,"","!!DATA EXCLUDED!!","!!DATA EXCLUDED!!",""
"!!DATA EXCLUDED!!","!!DATA EXCLUDED!!","!!DATA EXCLUDED!!",0,"!!DATA EXCLUDED!!","!!DATA EXCLUDED!!",false,"","!!DATA EXCLUDED!!","!!DATA EXCLUDED!!",""
"!!DATA EXCLUDED!!","!!DATA EXCLUDED!!","!!DATA EXCLUDED!!",0,"!!DATA EXCLUDED!!","!!DATA EXCLUDED!!",false,"","!!DATA EXCLUDED!!","!!DATA EXCLUDED!!",""
"!!DATA EXCLUDED!!","!!DATA EXCLUDED!!","!!DATA EXCLUDED!!",0,"!!DATA EXCLUDED!!","!!DATA EXCLUDED!!",false,"","!!DATA EXCLUDED!!","!!DATA EXCLUDED!!",""
"!!DATA EXCLUDED!!","!!DATA EXCLUDED!!","!!DATA EXCLUDED!!",0,"!!DATA EXCLUDED!!","!!DATA EXCLUDED!!",false,"","!!DATA EXCLUDED!!","!!DATA EXCLUDED!!",""
"!!DATA EXCLUDED!!","!!DATA EXCLUDED!!","!!DATA EXCLUDED!!",0,"!!DATA EXCLUDED!!","!!DATA EXCLUDED!!",false,"","!!DATA EXCLUDED!!","!!DATA EXCLUDED!!",""
"!!DATA EXCLUDED!!","!!DATA EXCLUDED!!","!!DATA EXCLUDED!!",0,"!!DATA EXCLUDED!!","!!DATA EXCLUDED!!",false,"","!!DATA EXCLUDED!!","!!DATA EXCLUDED!!",""
"!!DATA EXCLUDED!!","!!DATA EXCLUDED!!","!!DATA EXCLUDED!!",0,"!!DATA EXCLUDED!!","!!DATA EXCLUDED!!",false,"","!!DATA EXCLUDED!!","!!DATA EXCLUDED!!",""
"!!DATA EXCLUDED!!","!!DATA EXCLUDED!!","!!DATA EXCLUDED!!",0,"!!DATA EXCLUDED!!","!!DATA EXCLUDED!!",false,"","!!DATA EXCLUDED!!","!!DATA EXCLUDED!!","!!DATA EXCLUDED!!"
"!!DATA EXCLUDED!!","!!DATA EXCLUDED!!","!!DATA EXCLUDED!!",0,"!!DATA EXCLUDED!!","!!DATA EXCLUDED!!",false,"","!!DATA EXCLUDED!!","!!DATA EXCLUDED!!","!!DATA EXCLUDED!!"
"!!DATA EXCLUDED!!","!!DATA EXCLUDED!!","!!DATA EXCLUDED!!",0,"!!DATA EXCLUDED!!","!!DATA EXCLUDED!!",false,"","!!DATA EXCLUDED!!","!!DATA EXCLUDED!!","!!DATA EXCLUDED!!"
"!!DATA EXCLUDED!!","!!DATA EXCLUDED!!","!!DATA EXCLUDED!!",0,"!!DATA EXCLUDED!!","!!DATA EXCLUDED!!",false,"","!!DATA EXCLUDED!!","!!DATA EXCLUDED!!","!!DATA EXCLUDED!!"
"!!DATA EXCLUDED!!","!!DATA EXCLUDED!!","!!DATA EXCLUDED!!",0,"!!DATA EXCLUDED!!","!!DATA EXCLUDED!!",false,"","!!DATA EXCLUDED!!","!!DATA EXCLUDED!!","!!DATA EXCLUDED!!"
"!!DATA EXCLUDED!!","!!DATA EXCLUDED!!","!!DATA EXCLUDED!!",0,"!!DATA EXCLUDED!!","!!DATA EXCLUDED!!",false,"","!!DATA EXCLUDED!!","!!DATA EXCLUDED!!","!!DATA EXCLUDED!!"
"!!DATA EXCLUDED!!","!!DATA EXCLUDED!!","!!DATA EXCLUDED!!",0,"!!DATA EXCLUDED!!","!!DATA EXCLUDED!!",false,"","!!DATA EXCLUDED!!","!!DATA EXCLUDED!!","!!DATA EXCLUDED!!"
"!!DATA EXCLUDED!!","!!DATA EXCLUDED!!","!!DATA EXCLUDED!!",0,"!!DATA EXCLUDED!!","!!DATA EXCLUDED!!",false,"","","!!DATA EXCLUDED!!",""
"!!DATA EXCLUDED!!","!!DATA EXCLUDED!!","!!DATA EXCLUDED!!",0,"!!DATA EXCLUDED!!","!!DATA EXCLUDED!!",false,"","","!!DATA EXCLUDED!!",""
"!!DATA EXCLUDED!!","!!DATA EXCLUDED!!","!!DATA EXCLUDED!!",0,"!!DATA EXCLUDED!!","!!DATA EXCLUDED!!",false,"","","!!DATA EXCLUDED!!",""
"!!DATA EXCLUDED!!","!!DATA EXCLUDED!!","!!DATA EXCLUDED!!",0,"!!DATA EXCLUDED!!","!!DATA EXCLUDED!!",false,"","","!!DATA EXCLUDED!!",""
"!!DATA EXCLUDED!!","!!DATA EXCLUDED!!","!!DATA EXCLUDED!!",0,"!!DATA EXCLUDED!!","!!DATA EXCLUDED!!",false,"","!!DATA EXCLUDED!!","!!DATA EXCLUDED!!","!!DATA EXCLUDED!!"
"!!DATA EXCLUDED!!","!!DATA EXCLUDED!!","!!DATA EXCLUDED!!",0,"!!DATA EXCLUDED!!","!!DATA EXCLUDED!!",false,"","!!DATA EXCLUDED!!","!!DATA EXCLUDED!!","!!DATA EXCLUDED!!"
"!!DATA EXCLUDED!!","!!DATA EXCLUDED!!","!!DATA EXCLUDED!!",0,"!!DATA EXCLUDED!!","!!DATA EXCLUDED!!",false,"","!!DATA EXCLUDED!!","!!DATA EXCLUDED!!","!!DATA EXCLUDED!!"
"!!DATA EXCLUDED!!","!!DATA EXCLUDED!!","!!DATA EXCLUDED!!",0,"!!DATA EXCLUDED!!","!!DATA EXCLUDED!!",false,"","!!DATA EXCLUDED!!","!!DATA EXCLUDED!!","!!DATA EXCLUDED!!"
"xx","","",0,"","",false,"","","",""
"xx","","",0,"","",false,"","","",""
"!!DATA EXCLUDED!!","!!DATA EXCLUDED!!","!!DATA EXCLUDED!!",20,"!!DATA EXCLUDED!!","!!DATA EXCLUDED!!",false,"","!!DATA EXCLUDED!!","!!DATA EXCLUDED!!",""
"!!DATA EXCLUDED!!","!!DATA EXCLUDED!!","!!DATA EXCLUDED!!",20,"!!DATA EXCLUDED!!","!!DATA EXCLUDED!!",false,"","!!DATA EXCLUDED!!","!!DATA EXCLUDED!!",""
"!!DATA EXCLUDED!!","!!DATA EXCLUDED!!","!!DATA EXCLUDED!!",20,"!!DATA EXCLUDED!!","!!DATA EXCLUDED!!",false,"","!!DATA EXCLUDED!!","!!DATA EXCLUDED!!",""
"!!DATA EXCLUDED!!","!!DATA EXCLUDED!!","!!DATA EXCLUDED!!",20,"!!DATA EXCLUDED!!","!!DATA EXCLUDED!!",false,"","!!DATA EXCLUDED!!","!!DATA EXCLUDED!!",""
"!!DATA EXCLUDED!!","!!DATA EXCLUDED!!","!!DATA EXCLUDED!!",20,"!!DATA EXCLUDED!!","!!DATA EXCLUDED!!",false,"","!!DATA EXCLUDED!!","!!DATA EXCLUDED!!",""
"!!DATA EXCLUDED!!","!!DATA EXCLUDED!!","!!DATA EXCLUDED!!",20,"!!DATA EXCLUDED!!","!!DATA EXCLUDED!!",false,"","!!DATA EXCLUDED!!","!!DATA EXCLUDED!!",""
"!!DATA EXCLUDED!!","!!DATA EXCLUDED!!","!!DATA EXCLUDED!!",20,"!!DATA EXCLUDED!!","!!DATA EXCLUDED!!",false,"","!!DATA EXCLUDED!!","!!DATA EXCLUDED!!",""
"!!DATA EXCLUDED!!","!!DATA EXCLUDED!!","!!DATA EXCLUDED!!",20,"!!DATA EXCLUDED!!","!!DATA EXCLUDED!!",false,"","!!DATA EXCLUDED!!","!!DATA EXCLUDED!!",""
"!!DATA EXCLUDED!!","!!DATA EXCLUDED!!","!!DATA EXCLUDED!!",20,"!!DATA EXCLUDED!!","!!DATA EXCLUDED!!",false,"","!!DATA EXCLUDED!!","!!DATA EXCLUDED!!",""
"!!DATA EXCLUDED!!","!!DATA EXCLUDED!!","!!DATA EXCLUDED!!",20,"!!DATA EXCLUDED!!","!!DATA EXCLUDED!!",false,"","!!DATA EXCLUDED!!","!!DATA EXCLUDED!!",""
"!!DATA EXCLUDED!!","!!DATA EXCLUDED!!","!!DATA EXCLUDED!!",20,"!!DATA EXCLUDED!!","!!DATA EXCLUDED!!",false,"","!!DATA EXCLUDED!!","!!DATA EXCLUDED!!",""
"!!DATA EXCLUDED!!","!!DATA EXCLUDED!!","!!DATA EXCLUDED!!",20,"!!DATA EXCLUDED!!","!!DATA EXCLUDED!!",false,"","!!DATA EXCLUDED!!","!!DATA EXCLUDED!!",""
"!!DATA EXCLUDED!!","!!DATA EXCLUDED!!","!!DATA EXCLUDED!!",20,"!!DATA EXCLUDED!!","!!DATA EXCLUDED!!",false,"","!!DATA EXCLUDED!!","!!DATA EXCLUDED!!",""
"!!DATA EXCLUDED!!","!!DATA EXCLUDED!!","!!DATA EXCLUDED!!",20,"!!DATA EXCLUDED!!","!!DATA EXCLUDED!!",false,"","!!DATA EXCLUDED!!","!!DATA EXCLUDED!!",""
"!!DATA EXCLUDED!!","!!DATA EXCLUDED!!","!!DATA EXCLUDED!!",20,"!!DATA EXCLUDED!!","!!DATA EXCLUDED!!",false,"","!!DATA EXCLUDED!!","!!DATA EXCLUDED!!",""
"!!DATA EXCLUDED!!","!!DATA EXCLUDED!!","!!DATA EXCLUDED!!",20,"!!DATA EXCLUDED!!","!!DATA EXCLUDED!!",false,"","!!DATA EXCLUDED!!","!!DATA EXCLUDED!!",""
"!!DATA EXCLUDED!!","!!DATA EXCLUDED!!","!!DATA EXCLUDED!!",20,"!!DATA EXCLUDED!!","!!DATA EXCLUDED!!",false,"","!!DATA EXCLUDED!!","!!DATA EXCLUDED!!",""
"!!DATA EXCLUDED!!","!!DATA EXCLUDED!!","!!DATA EXCLUDED!!",20,"!!DATA EXCLUDED!!","!!DATA EXCLUDED!!",false,"","!!DATA EXCLUDED!!","!!DATA EXCLUDED!!",""
"!!DATA EXCLUDED!!","!!DATA EXCLUDED!!","!!DATA EXCLUDED!!",20,"!!DATA EXCLUDED!!","!!DATA EXCLUDED!!",false,"","!!DATA EXCLUDED!!","!!DATA EXCLUDED!!",""
"!!DATA EXCLUDED!!","!!DATA EXCLUDED!!","!!DATA EXCLUDED!!",20,"!!DATA EXCLUDED!!","!!DATA EXCLUDED!!",false,"","!!DATA EXCLUDED!!","!!DATA EXCLUDED!!",""
"!!DATA EXCLUDED!!","!!DATA EXCLUDED!!","!!DATA EXCLUDED!!",20,"!!DATA EXCLUDED!!","!!DATA EXCLUDED!!",false,"","!!DATA EXCLUDED!!","!!DATA EXCLUDED!!",""
"!!DATA EXCLUDED!!","!!DATA EXCLUDED!!","!!DATA EXCLUDED!!",20,"!!DATA EXCLUDED!!","!!DATA EXCLUDED!!",false,"","!!DATA EXCLUDED!!","!!DATA EXCLUDED!!",""
"!!DATA EXCLUDED!!","!!DATA EXCLUDED!!","!!DATA EXCLUDED!!",20,"!!DATA EXCLUDED!!","!!DATA EXCLUDED!!",false,"","!!DATA EXCLUDED!!","!!DATA EXCLUDED!!",""
"!!DATA EXCLUDED!!","!!DATA EXCLUDED!!","!!DATA EXCLUDED!!",20,"!!DATA EXCLUDED!!","!!DATA EXCLUDED!!",false,"","!!DATA EXCLUDED!!","!!DATA EXCLUDED!!",""
"!!DATA EXCLUDED!!","!!DATA EXCLUDED!!","!!DATA EXCLUDED!!",10,"!!DATA EXCLUDED!!","!!DATA EXCLUDED!!",false,"","!!DATA EXCLUDED!!","!!DATA EXCLUDED!!",""
"!!DATA EXCLUDED!!","!!DATA EXCLUDED!!","!!DATA EXCLUDED!!",10,"!!DATA EXCLUDED!!","!!DATA EXCLUDED!!",false,"","!!DATA EXCLUDED!!","!!DATA EXCLUDED!!",""
"!!DATA EXCLUDED!!","!!DATA EXCLUDED!!","!!DATA EXCLUDED!!",10,"!!DATA EXCLUDED!!","!!DATA EXCLUDED!!",false,"","!!DATA EXCLUDED!!","!!DATA EXCLUDED!!",""
"!!DATA EXCLUDED!!","!!DATA EXCLUDED!!","!!DATA EXCLUDED!!",10,"!!DATA EXCLUDED!!","!!DATA EXCLUDED!!",false,"","!!DATA EXCLUDED!!","!!DATA EXCLUDED!!",""
"!!DATA EXCLUDED!!","!!DATA EXCLUDED!!","!!DATA EXCLUDED!!",10,"!!DATA EXCLUDED!!","!!DATA EXCLUDED!!",false,"","!!DATA EXCLUDED!!","!!DATA EXCLUDED!!",""
"!!DATA EXCLUDED!!","!!DATA EXCLUDED!!","!!DATA EXCLUDED!!",10,"!!DATA EXCLUDED!!","!!DATA EXCLUDED!!",false,"","!!DATA EXCLUDED!!","!!DATA EXCLUDED!!",""
"!!DATA EXCLUDED!!","!!DATA EXCLUDED!!","!!DATA EXCLUDED!!",10,"!!DATA EXCLUDED!!","!!DATA EXCLUDED!!",false,"","!!DATA EXCLUDED!!","!!DATA EXCLUDED!!",""
"!!DATA EXCLUDED!!","!!DATA EXCLUDED!!","!!DATA EXCLUDED!!",10,"!!DATA EXCLUDED!!","!!DATA EXCLUDED!!",false,"","!!DATA EXCLUDED!!","!!DATA EXCLUDED!!",""
"!!DATA EXCLUDED!!","!!DATA EXCLUDED!!","!!DATA EXCLUDED!!",10,"!!DATA EXCLUDED!!","!!DATA EXCLUDED!!",false,"","!!DATA EXCLUDED!!","!!DATA EXCLUDED!!",""
"!!DATA EXCLUDED!!","!!DATA EXCLUDED!!","!!DATA EXCLUDED!!",10,"!!DATA EXCLUDED!!","!!DATA EXCLUDED!!",false,"","!!DATA EXCLUDED!!","!!DATA EXCLUDED!!",""
"!!DATA EXCLUDED!!","!!DATA EXCLUDED!!","!!DATA EXCLUDED!!",10,"!!DATA EXCLUDED!!","!!DATA EXCLUDED!!",false,"","!!DATA EXCLUDED!!","!!DATA EXCLUDED!!",""
"!!DATA EXCLUDED!!","!!DATA EXCLUDED!!","!!DATA EXCLUDED!!",20,"!!DATA EXCLUDED!!","!!DATA EXCLUDED!!",false,"","!!DATA EXCLUDED!!","!!DATA EXCLUDED!!",""
"!!DATA EXCLUDED!!","!!DATA EXCLUDED!!","!!DATA EXCLUDED!!",20,"!!DATA EXCLUDED!!","!!DATA EXCLUDED!!",false,"","!!DATA EXCLUDED!!","!!DATA EXCLUDED!!",""
"!!DATA EXCLUDED!!","!!DATA EXCLUDED!!","!!DATA EXCLUDED!!",20,"!!DATA EXCLUDED!!","!!DATA EXCLUDED!!",false,"","!!DATA EXCLUDED!!","!!DATA EXCLUDED!!",""
"!!DATA EXCLUDED!!","!!DATA EXCLUDED!!","!!DATA EXCLUDED!!",20,"!!DATA EXCLUDED!!","!!DATA EXCLUDED!!",false,"","!!DATA EXCLUDED!!","!!DATA EXCLUDED!!",""
"!!DATA EXCLUDED!!","!!DATA EXCLUDED!!","!!DATA EXCLUDED!!",20,"!!DATA EXCLUDED!!","!!DATA EXCLUDED!!",false,"","!!DATA EXCLUDED!!","!!DATA EXCLUDED!!",""
"!!DATA EXCLUDED!!","!!DATA EXCLUDED!!","!!DATA EXCLUDED!!",20,"!!DATA EXCLUDED!!","!!DATA EXCLUDED!!",false,"","!!DATA EXCLUDED!!","!!DATA EXCLUDED!!",""
"!!DATA EXCLUDED!!","!!DATA EXCLUDED!!","!!DATA EXCLUDED!!",20,"!!DATA EXCLUDED!!","!!DATA EXCLUDED!!",false,"","!!DATA EXCLUDED!!","!!DATA EXCLUDED!!",""
"!!DATA EXCLUDED!!","!!DATA EXCLUDED!!","!!DATA EXCLUDED!!",20,"!!DATA EXCLUDED!!","!!DATA EXCLUDED!!",false,"","!!DATA EXCLUDED!!","!!DATA EXCLUDED!!",""
"!!DATA EXCLUDED!!","!!DATA EXCLUDED!!","!!DATA EXCLUDED!!",20,"!!DATA EXCLUDED!!","!!DATA EXCLUDED!!",false,"","!!DATA EXCLUDED!!","!!DATA EXCLUDED!!",""
"!!DATA EXCLUDED!!","!!DATA EXCLUDED!!","!!DATA EXCLUDED!!",20,"!!DATA EXCLUDED!!","!!DATA EXCLUDED!!",false,"","!!DATA EXCLUDED!!","!!DATA EXCLUDED!!",""
"!!DATA EXCLUDED!!","!!DATA EXCLUDED!!","!!DATA EXCLUDED!!",20,"!!DATA EXCLUDED!!","!!DATA EXCLUDED!!",false,"","!!DATA EXCLUDED!!","!!DATA EXCLUDED!!",""
"!!DATA EXCLUDED!!","!!DATA EXCLUDED!!","!!DATA EXCLUDED!!",20,"!!DATA EXCLUDED!!","!!DATA EXCLUDED!!",false,"","!!DATA EXCLUDED!!","!!DATA EXCLUDED!!",""
"!!DATA EXCLUDED!!","!!DATA EXCLUDED!!","!!DATA EXCLUDED!!",20,"!!DATA EXCLUDED!!","!!DATA EXCLUDED!!",false,"","!!DATA EXCLUDED!!","!!DATA EXCLUDED!!",""
"!!DATA EXCLUDED!!","!!DATA EXCLUDED!!","!!DATA EXCLUDED!!",20,"!!DATA EXCLUDED!!","!!DATA EXCLUDED!!",false,"","!!DATA EXCLUDED!!","!!DATA EXCLUDED!!",""
"!!DATA EXCLUDED!!","!!DATA EXCLUDED!!","!!DATA EXCLUDED!!",20,"!!DATA EXCLUDED!!","!!DATA EXCLUDED!!",false,"","!!DATA EXCLUDED!!","!!DATA EXCLUDED!!",""
"!!DATA EXCLUDED!!","!!DATA EXCLUDED!!","!!DATA EXCLUDED!!",20,"!!DATA EXCLUDED!!","!!DATA EXCLUDED!!",false,"","!!DATA EXCLUDED!!","!!DATA EXCLUDED!!",""
"!!DATA EXCLUDED!!","!!DATA EXCLUDED!!","!!DATA EXCLUDED!!",10,"!!DATA EXCLUDED!!","!!DATA EXCLUDED!!",false,"","!!DATA EXCLUDED!!","!!DATA EXCLUDED!!",""
"!!DATA EXCLUDED!!","!!DATA EXCLUDED!!","!!DATA EXCLUDED!!",10,"!!DATA EXCLUDED!!","!!DATA EXCLUDED!!",false,"","!!DATA EXCLUDED!!","!!DATA EXCLUDED!!",""
"!!DATA EXCLUDED!!","!!DATA EXCLUDED!!","!!DATA EXCLUDED!!",10,"!!DATA EXCLUDED!!","!!DATA EXCLUDED!!",false,"","!!DATA EXCLUDED!!","!!DATA EXCLUDED!!",""
"!!DATA EXCLUDED!!","!!DATA EXCLUDED!!","!!DATA EXCLUDED!!",10,"!!DATA EXCLUDED!!","!!DATA EXCLUDED!!",false,"","!!DATA EXCLUDED!!","!!DATA EXCLUDED!!",""
"!!DATA EXCLUDED!!","!!DATA EXCLUDED!!","!!DATA EXCLUDED!!",10,"!!DATA EXCLUDED!!","!!DATA EXCLUDED!!",false,"","!!DATA EXCLUDED!!","!!DATA EXCLUDED!!",""
"!!DATA EXCLUDED!!","!!DATA EXCLUDED!!","!!DATA EXCLUDED!!",10,"!!DATA EXCLUDED!!","!!DATA EXCLUDED!!",false,"","!!DATA EXCLUDED!!","!!DATA EXCLUDED!!",""
"!!DATA EXCLUDED!!","!!DATA EXCLUDED!!","!!DATA EXCLUDED!!",10,"!!DATA EXCLUDED!!","!!DATA EXCLUDED!!",false,"","!!DATA EXCLUDED!!","!!DATA EXCLUDED!!",""
"!!DATA EXCLUDED!!","!!DATA EXCLUDED!!","!!DATA EXCLUDED!!",10,"!!DATA EXCLUDED!!","!!DATA EXCLUDED!!",false,"","!!DATA EXCLUDED!!","!!DATA EXCLUDED!!",""
"!!DATA EXCLUDED!!","!!DATA EXCLUDED!!","!!DATA EXCLUDED!!",10,"!!DATA EXCLUDED!!","!!DATA EXCLUDED!!",false,"","!!DATA EXCLUDED!!","!!DATA EXCLUDED!!",""
"!!DATA EXCLUDED!!","!!DATA EXCLUDED!!","!!DATA EXCLUDED!!",10,"!!DATA EXCLUDED!!","!!DATA EXCLUDED!!",false,"","!!DATA EXCLUDED!!","!!DATA EXCLUDED!!",""
"!!DATA EXCLUDED!!","!!DATA EXCLUDED!!","!!DATA EXCLUDED!!",10,"!!DATA EXCLUDED!!","!!DATA EXCLUDED!!",false,"","!!DATA EXCLUDED!!","!!DATA EXCLUDED!!",""
"!!DATA EXCLUDED!!","!!DATA EXCLUDED!!","!!DATA EXCLUDED!!",10,"!!DATA EXCLUDED!!","!!DATA EXCLUDED!!",false,"","!!DATA EXCLUDED!!","!!DATA EXCLUDED!!",""
"!!DATA EXCLUDED!!","!!DATA EXCLUDED!!","!!DATA EXCLUDED!!",10,"!!DATA EXCLUDED!!","!!DATA EXCLUDED!!",false,"","!!DATA EXCLUDED!!","!!DATA EXCLUDED!!",""
"!!DATA EXCLUDED!!","!!DATA EXCLUDED!!","!!DATA EXCLUDED!!",10,"!!DATA EXCLUDED!!","!!DATA EXCLUDED!!",false,"","!!DATA EXCLUDED!!","!!DATA EXCLUDED!!",""
"!!DATA EXCLUDED!!","!!DATA EXCLUDED!!","!!DATA EXCLUDED!!",10,"!!DATA EXCLUDED!!","!!DATA EXCLUDED!!",false,"","!!DATA EXCLUDED!!","!!DATA EXCLUDED!!",""
"!!DATA EXCLUDED!!","!!DATA EXCLUDED!!","!!DATA EXCLUDED!!",10,"!!DATA EXCLUDED!!","!!DATA EXCLUDED!!",false,"","!!DATA EXCLUDED!!","!!DATA EXCLUDED!!",""
"!!DATA EXCLUDED!!","!!DATA EXCLUDED!!","!!DATA EXCLUDED!!",10,"!!DATA EXCLUDED!!","!!DATA EXCLUDED!!",false,"","!!DATA EXCLUDED!!","!!DATA EXCLUDED!!",""
"!!DATA EXCLUDED!!","!!DATA EXCLUDED!!","!!DATA EXCLUDED!!",10,"!!DATA EXCLUDED!!","!!DATA EXCLUDED!!",false,"","!!DATA EXCLUDED!!","!!DATA EXCLUDED!!",""
"!!DATA EXCLUDED!!","!!DATA EXCLUDED!!","!!DATA EXCLUDED!!",10,"!!DATA EXCLUDED!!","!!DATA EXCLUDED!!",false,"","!!DATA EXCLUDED!!","!!DATA EXCLUDED!!",""
"!!DATA EXCLUDED!!","!!DATA EXCLUDED!!","!!DATA EXCLUDED!!",10,"!!DATA EXCLUDED!!","!!DATA EXCLUDED!!",false,"","!!DATA EXCLUDED!!","!!DATA EXCLUDED!!",""
"!!DATA EXCLUDED!!","!!DATA EXCLUDED!!","!!DATA EXCLUDED!!",10,"!!DATA EXCLUDED!!","!!DATA EXCLUDED!!",false,"","!!DATA EXCLUDED!!","!!DATA EXCLUDED!!",""
"!!DATA EXCLUDED!!","!!DATA EXCLUDED!!","!!DATA EXCLUDED!!",10,"!!DATA EXCLUDED!!","!!DATA EXCLUDED!!",false,"","!!DATA EXCLUDED!!","!!DATA EXCLUDED!!",""
"!!DATA EXCLUDED!!","!!DATA EXCLUDED!!","!!DATA EXCLUDED!!",10,"!!DATA EXCLUDED!!","!!DATA EXCLUDED!!",false,"","!!DATA EXCLUDED!!","!!DATA EXCLUDED!!",""
"!!DATA EXCLUDED!!","!!DATA EXCLUDED!!","!!DATA EXCLUDED!!",10,"!!DATA EXCLUDED!!","!!DATA EXCLUDED!!",false,"","!!DATA EXCLUDED!!","!!DATA EXCLUDED!!",""
"!!DATA EXCLUDED!!","!!DATA EXCLUDED!!","!!DATA EXCLUDED!!",10,"!!DATA EXCLUDED!!","!!DATA EXCLUDED!!",false,"","!!DATA EXCLUDED!!","!!DATA EXCLUDED!!",""
"!!DATA EXCLUDED!!","!!DATA EXCLUDED!!","!!DATA EXCLUDED!!",10,"!!DATA EXCLUDED!!","!!DATA EXCLUDED!!",false,"","!!DATA EXCLUDED!!","!!DATA EXCLUDED!!",""
"!!DATA EXCLUDED!!","!!DATA EXCLUDED!!","!!DATA EXCLUDED!!",10,"!!DATA EXCLUDED!!","!!DATA EXCLUDED!!",false,"","!!DATA EXCLUDED!!","!!DATA EXCLUDED!!",""
"!!DATA EXCLUDED!!","!!DATA EXCLUDED!!","!!DATA EXCLUDED!!",10,"!!DATA EXCLUDED!!","!!DATA EXCLUDED!!",false,"","!!DATA EXCLUDED!!","!!DATA EXCLUDED!!",""
"!!DATA EXCLUDED!!","!!DATA EXCLUDED!!","!!DATA EXCLUDED!!",10,"!!DATA EXCLUDED!!","!!DATA EXCLUDED!!",false,"","!!DATA EXCLUDED!!","!!DATA EXCLUDED!!",""
"!!DATA EXCLUDED!!","!!DATA EXCLUDED!!","!!DATA EXCLUDED!!",10,"!!DATA EXCLUDED!!","!!DATA EXCLUDED!!",false,"","!!DATA EXCLUDED!!","!!DATA EXCLUDED!!",""
"!!DATA EXCLUDED!!","!!DATA EXCLUDED!!","!!DATA EXCLUDED!!",10,"!!DATA EXCLUDED!!","!!DATA EXCLUDED!!",false,"","!!DATA EXCLUDED!!","!!DATA EXCLUDED!!",""
"!!DATA EXCLUDED!!","!!DATA EXCLUDED!!","!!DATA EXCLUDED!!",10,"!!DATA EXCLUDED!!","!!DATA EXCLUDED!!",false,"","!!DATA EXCLUDED!!","!!DATA EXCLUDED!!",""
"!!DATA EXCLUDED!!","!!DATA EXCLUDED!!","!!DATA EXCLUDED!!",10,"!!DATA EXCLUDED!!","!!DATA EXCLUDED!!",false,"","!!DATA EXCLUDED!!","!!DATA EXCLUDED!!",""
"!!DATA EXCLUDED!!","!!DATA EXCLUDED!!","!!DATA EXCLUDED!!",10,"!!DATA EXCLUDED!!","!!DATA EXCLUDED!!",false,"","!!DATA EXCLUDED!!","!!DATA EXCLUDED!!",""
"!!DATA EXCLUDED!!","!!DATA EXCLUDED!!","!!DATA EXCLUDED!!",10,"!!DATA EXCLUDED!!","!!DATA EXCLUDED!!",false,"","!!DATA EXCLUDED!!","!!DATA EXCLUDED!!",""
"!!DATA EXCLUDED!!","!!DATA EXCLUDED!!","!!DATA EXCLUDED!!",10,"!!DATA EXCLUDED!!","!!DATA EXCLUDED!!",false,"","!!DATA EXCLUDED!!","!!DATA EXCLUDED!!",""
"!!DATA EXCLUDED!!","!!DATA EXCLUDED!!","!!DATA EXCLUDED!!",10,"!!DATA EXCLUDED!!","!!DATA EXCLUDED!!",false,"","!!DATA EXCLUDED!!","!!DATA EXCLUDED!!",""
"!!DATA EXCLUDED!!","!!DATA EXCLUDED!!","!!DATA EXCLUDED!!",10,"!!DATA EXCLUDED!!","!!DATA EXCLUDED!!",false,"","!!DATA EXCLUDED!!","!!DATA EXCLUDED!!",""
"!!DATA EXCLUDED!!","!!DATA EXCLUDED!!","!!DATA EXCLUDED!!",10,"!!DATA EXCLUDED!!","!!DATA EXCLUDED!!",false,"","!!DATA EXCLUDED!!","!!DATA EXCLUDED!!",""
"!!DATA EXCLUDED!!","!!DATA EXCLUDED!!","!!DATA EXCLUDED!!",10,"!!DATA EXCLUDED!!","!!DATA EXCLUDED!!",false,"","!!DATA EXCLUDED!!","!!DATA EXCLUDED!!",""
"!!DATA EXCLUDED!!","!!DATA EXCLUDED!!","!!DATA EXCLUDED!!",10,"!!DATA EXCLUDED!!","!!DATA EXCLUDED!!",false,"","!!DATA EXCLUDED!!","!!DATA EXCLUDED!!",""
"!!DATA EXCLUDED!!","!!DATA EXCLUDED!!","!!DATA EXCLUDED!!",10,"!!DATA EXCLUDED!!","!!DATA EXCLUDED!!",false,"","!!DATA EXCLUDED!!","!!DATA EXCLUDED!!",""
"!!DATA EXCLUDED!!","!!DATA EXCLUDED!!","!!DATA EXCLUDED!!",10,"!!DATA EXCLUDED!!","!!DATA EXCLUDED!!",false,"","!!DATA EXCLUDED!!","!!DATA EXCLUDED!!",""
"!!DATA EXCLUDED!!","!!DATA EXCLUDED!!","!!DATA EXCLUDED!!",10,"!!DATA EXCLUDED!!","!!DATA EXCLUDED!!",false,"","!!DATA EXCLUDED!!","!!DATA EXCLUDED!!",""
"!!DATA EXCLUDED!!","!!DATA EXCLUDED!!","!!DATA EXCLUDED!!",10,"!!DATA EXCLUDED!!","!!DATA EXCLUDED!!",false,"","!!DATA EXCLUDED!!","!!DATA EXCLUDED!!",""
"!!DATA EXCLUDED!!","!!DATA EXCLUDED!!","!!DATA EXCLUDED!!",10,"!!DATA EXCLUDED!!","!!DATA EXCLUDED!!",false,"","!!DATA EXCLUDED!!","!!DATA EXCLUDED!!",""
"!!DATA EXCLUDED!!","!!DATA EXCLUDED!!","!!DATA EXCLUDED!!",10,"!!DATA EXCLUDED!!","!!DATA EXCLUDED!!",false,"","!!DATA EXCLUDED!!","!!DATA EXCLUDED!!",""
"!!DATA EXCLUDED!!","!!DATA EXCLUDED!!","!!DATA EXCLUDED!!",10,"!!DATA EXCLUDED!!","!!DATA EXCLUDED!!",false,"","!!DATA EXCLUDED!!","!!DATA EXCLUDED!!",""
"!!DATA EXCLUDED!!","!!DATA EXCLUDED!!","!!DATA EXCLUDED!!",10,"!!DATA EXCLUDED!!","!!DATA EXCLUDED!!",false,"","!!DATA EXCLUDED!!","!!DATA EXCLUDED!!",""
"!!DATA EXCLUDED!!","!!DATA EXCLUDED!!","!!DATA EXCLUDED!!",10,"!!DATA EXCLUDED!!","!!DATA EXCLUDED!!",false,"","!!DATA EXCLUDED!!","!!DATA EXCLUDED!!",""
"!!DATA EXCLUDED!!","!!DATA EXCLUDED!!","!!DATA EXCLUDED!!",10,"!!DATA EXCLUDED!!","!!DATA EXCLUDED!!",false,"","!!DATA EXCLUDED!!","!!DATA EXCLUDED!!",""
"!!DATA EXCLUDED!!","!!DATA EXCLUDED!!","!!DATA EXCLUDED!!",10,"!!DATA EXCLUDED!!","!!DATA EXCLUDED!!",false,"","!!DATA EXCLUDED!!","!!DATA EXCLUDED!!",""
"!!DATA EXCLUDED!!","!!DATA EXCLUDED!!","!!DATA EXCLUDED!!",10,"!!DATA EXCLUDED!!","!!DATA EXCLUDED!!",false,"","!!DATA EXCLUDED!!","!!DATA EXCLUDED!!",""
"!!DATA EXCLUDED!!","!!DATA EXCLUDED!!","!!DATA EXCLUDED!!",10,"!!DATA EXCLUDED!!","!!DATA EXCLUDED!!",false,"","!!DATA EXCLUDED!!","!!DATA EXCLUDED!!",""
"!!DATA EXCLUDED!!","!!DATA EXCLUDED!!","!!DATA EXCLUDED!!",10,"!!DATA EXCLUDED!!","!!DATA EXCLUDED!!",false,"","!!DATA EXCLUDED!!","!!DATA EXCLUDED!!",""
"!!DATA EXCLUDED!!","!!DATA EXCLUDED!!","!!DATA EXCLUDED!!",10,"!!DATA EXCLUDED!!","!!DATA EXCLUDED!!",false,"","!!DATA EXCLUDED!!","!!DATA EXCLUDED!!",""
"!!DATA EXCLUDED!!","!!DATA EXCLUDED!!","!!DATA EXCLUDED!!",10,"!!DATA EXCLUDED!!","!!DATA EXCLUDED!!",false,"","!!DATA EXCLUDED!!","!!DATA EXCLUDED!!",""
"!!DATA EXCLUDED!!","!!DATA EXCLUDED!!","!!DATA EXCLUDED!!",10,"!!DATA EXCLUDED!!","!!DATA EXCLUDED!!",false,"","!!DATA EXCLUDED!!","!!DATA EXCLUDED!!",""
"!!DATA EXCLUDED!!","!!DATA EXCLUDED!!","!!DATA EXCLUDED!!",10,"!!DATA EXCLUDED!!","!!DATA EXCLUDED!!",false,"","!!DATA EXCLUDED!!","!!DATA EXCLUDED!!",""
"!!DATA EXCLUDED!!","!!DATA EXCLUDED!!","!!DATA EXCLUDED!!",10,"!!DATA EXCLUDED!!","!!DATA EXCLUDED!!",false,"","!!DATA EXCLUDED!!","!!DATA EXCLUDED!!",""
"!!DATA EXCLUDED!!","!!DATA EXCLUDED!!","!!DATA EXCLUDED!!",10,"!!DATA EXCLUDED!!","!!DATA EXCLUDED!!",false,"","!!DATA EXCLUDED!!","!!DATA EXCLUDED!!",""
"!!DATA EXCLUDED!!","!!DATA EXCLUDED!!","!!DATA EXCLUDED!!",10,"!!DATA EXCLUDED!!","!!DATA EXCLUDED!!",false,"","!!DATA EXCLUDED!!","!!DATA EXCLUDED!!",""
"!!DATA EXCLUDED!!","!!DATA EXCLUDED!!","!!DATA EXCLUDED!!",10,"!!DATA EXCLUDED!!","!!DATA EXCLUDED!!",false,"","!!DATA EXCLUDED!!","!!DATA EXCLUDED!!",""
"!!DATA EXCLUDED!!","!!DATA EXCLUDED!!","!!DATA EXCLUDED!!",10,"!!DATA EXCLUDED!!","!!DATA EXCLUDED!!",false,"","!!DATA EXCLUDED!!","!!DATA EXCLUDED!!",""
"!!DATA EXCLUDED!!","!!DATA EXCLUDED!!","!!DATA EXCLUDED!!",10,"!!DATA EXCLUDED!!","!!DATA EXCLUDED!!",false,"","!!DATA EXCLUDED!!","!!DATA EXCLUDED!!",""
"!!DATA EXCLUDED!!","!!DATA EXCLUDED!!","!!DATA EXCLUDED!!",10,"!!DATA EXCLUDED!!","!!DATA EXCLUDED!!",false,"","!!DATA EXCLUDED!!","!!DATA EXCLUDED!!",""
"!!DATA EXCLUDED!!","!!DATA EXCLUDED!!","!!DATA EXCLUDED!!",10,"!!DATA EXCLUDED!!","!!DATA EXCLUDED!!",false,"","!!DATA EXCLUDED!!","!!DATA EXCLUDED!!",""
"!!DATA EXCLUDED!!","!!DATA EXCLUDED!!","!!DATA EXCLUDED!!",10,"!!DATA EXCLUDED!!","!!DATA EXCLUDED!!",false,"","!!DATA EXCLUDED!!","!!DATA EXCLUDED!!",""
"!!DATA EXCLUDED!!","!!DATA EXCLUDED!!","!!DATA EXCLUDED!!",10,"!!DATA EXCLUDED!!","!!DATA EXCLUDED!!",false,"","!!DATA EXCLUDED!!","!!DATA EXCLUDED!!",""
"!!DATA EXCLUDED!!","!!DATA EXCLUDED!!","!!DATA EXCLUDED!!",10,"!!DATA EXCLUDED!!","!!DATA EXCLUDED!!",false,"","!!DATA EXCLUDED!!","!!DATA EXCLUDED!!",""
"!!DATA EXCLUDED!!","!!DATA EXCLUDED!!","!!DATA EXCLUDED!!",10,"!!DATA EXCLUDED!!","!!DATA EXCLUDED!!",false,"","!!DATA EXCLUDED!!","!!DATA EXCLUDED!!",""
"!!DATA EXCLUDED!!","!!DATA EXCLUDED!!","!!DATA EXCLUDED!!",10,"!!DATA EXCLUDED!!","!!DATA EXCLUDED!!",false,"","!!DATA EXCLUDED!!","!!DATA EXCLUDED!!",""
"!!DATA EXCLUDED!!","!!DATA EXCLUDED!!","!!DATA EXCLUDED!!",10,"!!DATA EXCLUDED!!","!!DATA EXCLUDED!!",false,"","!!DATA EXCLUDED!!","!!DATA EXCLUDED!!",""
"!!DATA EXCLUDED!!","!!DATA EXCLUDED!!","!!DATA EXCLUDED!!",10,"!!DATA EXCLUDED!!","!!DATA EXCLUDED!!",false,"","!!DATA EXCLUDED!!","!!DATA EXCLUDED!!",""
"!!DATA EXCLUDED!!","!!DATA EXCLUDED!!","!!DATA EXCLUDED!!",10,"!!DATA EXCLUDED!!","!!DATA EXCLUDED!!",false,"","!!DATA EXCLUDED!!","!!DATA EXCLUDED!!",""
"!!DATA EXCLUDED!!","!!DATA EXCLUDED!!","!!DATA EXCLUDED!!",10,"!!DATA EXCLUDED!!","!!DATA EXCLUDED!!",false,"","!!DATA EXCLUDED!!","!!DATA EXCLUDED!!",""
"!!DATA EXCLUDED!!","!!DATA EXCLUDED!!","!!DATA EXCLUDED!!",10,"!!DATA EXCLUDED!!","!!DATA EXCLUDED!!",false,"","!!DATA EXCLUDED!!","!!DATA EXCLUDED!!",""
"!!DATA EXCLUDED!!","!!DATA EXCLUDED!!","!!DATA EXCLUDED!!",10,"!!DATA EXCLUDED!!","!!DATA EXCLUDED!!",false,"","!!DATA EXCLUDED!!","!!DATA EXCLUDED!!",""
"!!DATA EXCLUDED!!","!!DATA EXCLUDED!!","!!DATA EXCLUDED!!",0,"!!DATA EXCLUDED!!","!!DATA EXCLUDED!!",false,"","!!DATA EXCLUDED!!","!!DATA EXCLUDED!!",""
"!!DATA EXCLUDED!!","!!DATA EXCLUDED!!","!!DATA EXCLUDED!!",0,"!!DATA EXCLUDED!!","!!DATA EXCLUDED!!",false,"","!!DATA EXCLUDED!!","!!DATA EXCLUDED!!",""
"!!DATA EXCLUDED!!","!!DATA EXCLUDED!!","!!DATA EXCLUDED!!",0,"!!DATA EXCLUDED!!","!!DATA EXCLUDED!!",false,"","!!DATA EXCLUDED!!","!!DATA EXCLUDED!!",""
"!!DATA EXCLUDED!!","!!DATA EXCLUDED!!","!!DATA EXCLUDED!!",0,"!!DATA EXCLUDED!!","!!DATA EXCLUDED!!",false,"","!!DATA EXCLUDED!!","!!DATA EXCLUDED!!",""
"!!DATA EXCLUDED!!","!!DATA EXCLUDED!!","!!DATA EXCLUDED!!",0,"!!DATA EXCLUDED!!","!!DATA EXCLUDED!!",false,"","!!DATA EXCLUDED!!","!!DATA EXCLUDED!!",""
"!!DATA EXCLUDED!!","!!DATA EXCLUDED!!","!!DATA EXCLUDED!!",0,"!!DATA EXCLUDED!!","!!DATA EXCLUDED!!",false,"","!!DATA EXCLUDED!!","!!DATA EXCLUDED!!",""
"!!DATA EXCLUDED!!","!!DATA EXCLUDED!!","!!DATA EXCLUDED!!",0,"!!DATA EXCLUDED!!","!!DATA EXCLUDED!!",false,"","!!DATA EXCLUDED!!","!!DATA EXCLUDED!!",""
"!!DATA EXCLUDED!!","!!DATA EXCLUDED!!","!!DATA EXCLUDED!!",0,"!!DATA EXCLUDED!!","!!DATA EXCLUDED!!",false,"","!!DATA EXCLUDED!!","!!DATA EXCLUDED!!",""
"!!DATA EXCLUDED!!","!!DATA EXCLUDED!!","!!DATA EXCLUDED!!",0,"!!DATA EXCLUDED!!","!!DATA EXCLUDED!!",false,"","!!DATA EXCLUDED!!","!!DATA EXCLUDED!!",""
"!!DATA EXCLUDED!!","!!DATA EXCLUDED!!","!!DATA EXCLUDED!!",0,"!!DATA EXCLUDED!!","!!DATA EXCLUDED!!",false,"","!!DATA EXCLUDED!!","!!DATA EXCLUDED!!",""
"!!DATA EXCLUDED!!","!!DATA EXCLUDED!!","!!DATA EXCLUDED!!",15,"!!DATA EXCLUDED!!","!!DATA EXCLUDED!!",false,"","!!DATA EXCLUDED!!","!!DATA EXCLUDED!!",""
"!!DATA EXCLUDED!!","!!DATA EXCLUDED!!","!!DATA EXCLUDED!!",15,"!!DATA EXCLUDED!!","!!DATA EXCLUDED!!",false,"","!!DATA EXCLUDED!!","!!DATA EXCLUDED!!",""
"!!DATA EXCLUDED!!","!!DATA EXCLUDED!!","!!DATA EXCLUDED!!",15,"!!DATA EXCLUDED!!","!!DATA EXCLUDED!!",false,"","!!DATA EXCLUDED!!","!!DATA EXCLUDED!!",""
"!!DATA EXCLUDED!!","!!DATA EXCLUDED!!","!!DATA EXCLUDED!!",15,"!!DATA EXCLUDED!!","!!DATA EXCLUDED!!",false,"","!!DATA EXCLUDED!!","!!DATA EXCLUDED!!",""
"!!DATA EXCLUDED!!","!!DATA EXCLUDED!!","!!DATA EXCLUDED!!",15,"!!DATA EXCLUDED!!","!!DATA EXCLUDED!!",false,"","!!DATA EXCLUDED!!","!!DATA EXCLUDED!!",""
"!!DATA EXCLUDED!!","!!DATA EXCLUDED!!","!!DATA EXCLUDED!!",15,"!!DATA EXCLUDED!!","!!DATA EXCLUDED!!",false,"","!!DATA EXCLUDED!!","!!DATA EXCLUDED!!",""
"!!DATA EXCLUDED!!","!!DATA EXCLUDED!!","!!DATA EXCLUDED!!",15,"!!DATA EXCLUDED!!","!!DATA EXCLUDED!!",false,"","!!DATA EXCLUDED!!","!!DATA EXCLUDED!!",""
"!!DATA EXCLUDED!!","!!DATA EXCLUDED!!","!!DATA EXCLUDED!!",15,"!!DATA EXCLUDED!!","!!DATA EXCLUDED!!",false,"","!!DATA EXCLUDED!!","!!DATA EXCLUDED!!",""
"!!DATA EXCLUDED!!","!!DATA EXCLUDED!!","!!DATA EXCLUDED!!",15,"!!DATA EXCLUDED!!","!!DATA EXCLUDED!!",false,"","!!DATA EXCLUDED!!","!!DATA EXCLUDED!!",""
"!!DATA EXCLUDED!!","!!DATA EXCLUDED!!","!!DATA EXCLUDED!!",15,"!!DATA EXCLUDED!!","!!DATA EXCLUDED!!",false,"","!!DATA EXCLUDED!!","!!DATA EXCLUDED!!",""
"!!DATA EXCLUDED!!","!!DATA EXCLUDED!!","!!DATA EXCLUDED!!",15,"!!DATA EXCLUDED!!","!!DATA EXCLUDED!!",false,"","!!DATA EXCLUDED!!","!!DATA EXCLUDED!!",""
"!!DATA EXCLUDED!!","!!DATA EXCLUDED!!","!!DATA EXCLUDED!!",15,"!!DATA EXCLUDED!!","!!DATA EXCLUDED!!",false,"","!!DATA EXCLUDED!!","!!DATA EXCLUDED!!",""
"!!DATA EXCLUDED!!","!!DATA EXCLUDED!!","!!DATA EXCLUDED!!",15,"!!DATA EXCLUDED!!","!!DATA EXCLUDED!!",false,"","!!DATA EXCLUDED!!","!!DATA EXCLUDED!!",""
"!!DATA EXCLUDED!!","!!DATA EXCLUDED!!","!!DATA EXCLUDED!!",15,"!!DATA EXCLUDED!!","!!DATA EXCLUDED!!",false,"","!!DATA EXCLUDED!!","!!DATA EXCLUDED!!",""
"!!DATA EXCLUDED!!","!!DATA EXCLUDED!!","!!DATA EXCLUDED!!",15,"!!DATA EXCLUDED!!","!!DATA EXCLUDED!!",false,"","!!DATA EXCLUDED!!","!!DATA EXCLUDED!!",""
"!!DATA EXCLUDED!!","!!DATA EXCLUDED!!","!!DATA EXCLUDED!!",15,"!!DATA EXCLUDED!!","!!DATA EXCLUDED!!",false,"","!!DATA EXCLUDED!!","!!DATA EXCLUDED!!",""
"!!DATA EXCLUDED!!","!!DATA EXCLUDED!!","!!DATA EXCLUDED!!",15,"!!DATA EXCLUDED!!","!!DATA EXCLUDED!!",false,"","!!DATA EXCLUDED!!","!!DATA EXCLUDED!!",""
"!!DATA EXCLUDED!!","!!DATA EXCLUDED!!","!!DATA EXCLUDED!!",15,"!!DATA EXCLUDED!!","!!DATA EXCLUDED!!",false,"","!!DATA EXCLUDED!!","!!DATA EXCLUDED!!",""
"!!DATA EXCLUDED!!","!!DATA EXCLUDED!!","!!DATA EXCLUDED!!",15,"!!DATA EXCLUDED!!","!!DATA EXCLUDED!!",false,"","!!DATA EXCLUDED!!","!!DATA EXCLUDED!!",""
"!!DATA EXCLUDED!!","!!DATA EXCLUDED!!","!!DATA EXCLUDED!!",15,"!!DATA EXCLUDED!!","!!DATA EXCLUDED!!",false,"","!!DATA EXCLUDED!!","!!DATA EXCLUDED!!",""
"!!DATA EXCLUDED!!","!!DATA EXCLUDED!!","!!DATA EXCLUDED!!",15,"!!DATA EXCLUDED!!","!!DATA EXCLUDED!!",false,"","!!DATA EXCLUDED!!","!!DATA EXCLUDED!!",""
"!!DATA EXCLUDED!!","!!DATA EXCLUDED!!","!!DATA EXCLUDED!!",15,"!!DATA EXCLUDED!!","!!DATA EXCLUDED!!",false,"","!!DATA EXCLUDED!!","!!DATA EXCLUDED!!",""
"!!DATA EXCLUDED!!","!!DATA EXCLUDED!!","!!DATA EXCLUDED!!",15,"!!DATA EXCLUDED!!","!!DATA EXCLUDED!!",false,"","!!DATA EXCLUDED!!","!!DATA EXCLUDED!!",""
"!!DATA EXCLUDED!!","!!DATA EXCLUDED!!","!!DATA EXCLUDED!!",15,"!!DATA EXCLUDED!!","!!DATA EXCLUDED!!",false,"","!!DATA EXCLUDED!!","!!DATA EXCLUDED!!",""
"!!DATA EXCLUDED!!","!!DATA EXCLUDED!!","!!DATA EXCLUDED!!",15,"!!DATA EXCLUDED!!","!!DATA EXCLUDED!!",false,"","!!DATA EXCLUDED!!","!!DATA EXCLUDED!!",""
"!!DATA EXCLUDED!!","!!DATA EXCLUDED!!","!!DATA EXCLUDED!!",15,"!!DATA EXCLUDED!!","!!DATA EXCLUDED!!",false,"","!!DATA EXCLUDED!!","!!DATA EXCLUDED!!",""
"!!DATA EXCLUDED!!","!!DATA EXCLUDED!!","!!DATA EXCLUDED!!",15,"!!DATA EXCLUDED!!","!!DATA EXCLUDED!!",false,"","!!DATA EXCLUDED!!","!!DATA EXCLUDED!!",""
"!!DATA EXCLUDED!!","!!DATA EXCLUDED!!","!!DATA EXCLUDED!!",15,"!!DATA EXCLUDED!!","!!DATA EXCLUDED!!",false,"","!!DATA EXCLUDED!!","!!DATA EXCLUDED!!",""
"!!DATA EXCLUDED!!","!!DATA EXCLUDED!!","!!DATA EXCLUDED!!",10,"!!DATA EXCLUDED!!","!!DATA EXCLUDED!!",false,"","!!DATA EXCLUDED!!","!!DATA EXCLUDED!!",""
"!!DATA EXCLUDED!!","!!DATA EXCLUDED!!","!!DATA EXCLUDED!!",10,"!!DATA EXCLUDED!!","!!DATA EXCLUDED!!",false,"","!!DATA EXCLUDED!!","!!DATA EXCLUDED!!",""
"!!DATA EXCLUDED!!","!!DATA EXCLUDED!!","!!DATA EXCLUDED!!",10,"!!DATA EXCLUDED!!","!!DATA EXCLUDED!!",false,"","!!DATA EXCLUDED!!","!!DATA EXCLUDED!!",""
"!!DATA EXCLUDED!!","!!DATA EXCLUDED!!","!!DATA EXCLUDED!!",10,"!!DATA EXCLUDED!!","!!DATA EXCLUDED!!",false,"","!!DATA EXCLUDED!!","!!DATA EXCLUDED!!",""
"!!DATA EXCLUDED!!","!!DATA EXCLUDED!!","!!DATA EXCLUDED!!",10,"!!DATA EXCLUDED!!","!!DATA EXCLUDED!!",false,"","!!DATA EXCLUDED!!","!!DATA EXCLUDED!!",""
"!!DATA EXCLUDED!!","!!DATA EXCLUDED!!","!!DATA EXCLUDED!!",10,"!!DATA EXCLUDED!!","!!DATA EXCLUDED!!",false,"","!!DATA EXCLUDED!!","!!DATA EXCLUDED!!",""
"!!DATA EXCLUDED!!","!!DATA EXCLUDED!!","!!DATA EXCLUDED!!",10,"!!DATA EXCLUDED!!","!!DATA EXCLUDED!!",false,"","!!DATA EXCLUDED!!","!!DATA EXCLUDED!!",""
"!!DATA EXCLUDED!!","!!DATA EXCLUDED!!","!!DATA EXCLUDED!!",10,"!!DATA EXCLUDED!!","!!DATA EXCLUDED!!",false,"","!!DATA EXCLUDED!!","!!DATA EXCLUDED!!",""
"!!DATA EXCLUDED!!","!!DATA EXCLUDED!!","!!DATA EXCLUDED!!",10,"!!DATA EXCLUDED!!","!!DATA EXCLUDED!!",false,"","!!DATA EXCLUDED!!","!!DATA EXCLUDED!!",""
"!!DATA EXCLUDED!!","!!DATA EXCLUDED!!","!!DATA EXCLUDED!!",10,"!!DATA EXCLUDED!!","!!DATA EXCLUDED!!",false,"","!!DATA EXCLUDED!!","!!DATA EXCLUDED!!",""
"!!DATA EXCLUDED!!","!!DATA EXCLUDED!!","!!DATA EXCLUDED!!",10,"!!DATA EXCLUDED!!","!!DATA EXCLUDED!!",false,"","!!DATA EXCLUDED!!","!!DATA EXCLUDED!!",""
"!!DATA EXCLUDED!!","!!DATA EXCLUDED!!","!!DATA EXCLUDED!!",10,"!!DATA EXCLUDED!!","!!DATA EXCLUDED!!",false,"","!!DATA EXCLUDED!!","!!DATA EXCLUDED!!",""
"!!DATA EXCLUDED!!","!!DATA EXCLUDED!!","!!DATA EXCLUDED!!",10,"!!DATA EXCLUDED!!","!!DATA EXCLUDED!!",false,"","!!DATA EXCLUDED!!","!!DATA EXCLUDED!!",""
"!!DATA EXCLUDED!!","!!DATA EXCLUDED!!","!!DATA EXCLUDED!!",10,"!!DATA EXCLUDED!!","!!DATA EXCLUDED!!",false,"","!!DATA EXCLUDED!!","!!DATA EXCLUDED!!",""
"!!DATA EXCLUDED!!","!!DATA EXCLUDED!!","!!DATA EXCLUDED!!",10,"!!DATA EXCLUDED!!","!!DATA EXCLUDED!!",false,"","!!DATA EXCLUDED!!","!!DATA EXCLUDED!!",""
"!!DATA EXCLUDED!!","!!DATA EXCLUDED!!","!!DATA EXCLUDED!!",10,"!!DATA EXCLUDED!!","!!DATA EXCLUDED!!",false,"","!!DATA EXCLUDED!!","!!DATA EXCLUDED!!",""
"!!DATA EXCLUDED!!","!!DATA EXCLUDED!!","!!DATA EXCLUDED!!",10,"!!DATA EXCLUDED!!","!!DATA EXCLUDED!!",false,"","!!DATA EXCLUDED!!","!!DATA EXCLUDED!!",""
"!!DATA EXCLUDED!!","!!DATA EXCLUDED!!","!!DATA EXCLUDED!!",10,"!!DATA EXCLUDED!!","!!DATA EXCLUDED!!",false,"","!!DATA EXCLUDED!!","!!DATA EXCLUDED!!",""
"!!DATA EXCLUDED!!","!!DATA EXCLUDED!!","!!DATA EXCLUDED!!",10,"!!DATA EXCLUDED!!","!!DATA EXCLUDED!!",false,"","!!DATA EXCLUDED!!","!!DATA EXCLUDED!!",""
"!!DATA EXCLUDED!!","!!DATA EXCLUDED!!","!!DATA EXCLUDED!!",10,"!!DATA EXCLUDED!!","!!DATA EXCLUDED!!",false,"","!!DATA EXCLUDED!!","!!DATA EXCLUDED!!",""
"!!DATA EXCLUDED!!","!!DATA EXCLUDED!!","!!DATA EXCLUDED!!",10,"!!DATA EXCLUDED!!","!!DATA EXCLUDED!!",false,"","!!DATA EXCLUDED!!","!!DATA EXCLUDED!!",""
"!!DATA EXCLUDED!!","!!DATA EXCLUDED!!","!!DATA EXCLUDED!!",10,"!!DATA EXCLUDED!!","!!DATA EXCLUDED!!",false,"","!!DATA EXCLUDED!!","!!DATA EXCLUDED!!",""
"!!DATA EXCLUDED!!","!!DATA EXCLUDED!!","!!DATA EXCLUDED!!",10,"!!DATA EXCLUDED!!","!!DATA EXCLUDED!!",false,"","!!DATA EXCLUDED!!","!!DATA EXCLUDED!!",""
"!!DATA EXCLUDED!!","!!DATA EXCLUDED!!","!!DATA EXCLUDED!!",10,"!!DATA EXCLUDED!!","!!DATA EXCLUDED!!",false,"","!!DATA EXCLUDED!!","!!DATA EXCLUDED!!",""
"!!DATA EXCLUDED!!","!!DATA EXCLUDED!!","!!DATA EXCLUDED!!",10,"!!DATA EXCLUDED!!","!!DATA EXCLUDED!!",false,"","!!DATA EXCLUDED!!","!!DATA EXCLUDED!!",""
"!!DATA EXCLUDED!!","!!DATA EXCLUDED!!","!!DATA EXCLUDED!!",10,"!!DATA EXCLUDED!!","!!DATA EXCLUDED!!",false,"","!!DATA EXCLUDED!!","!!DATA EXCLUDED!!",""
"!!DATA EXCLUDED!!","!!DATA EXCLUDED!!","!!DATA EXCLUDED!!",10,"!!DATA EXCLUDED!!","!!DATA EXCLUDED!!",false,"","!!DATA EXCLUDED!!","!!DATA EXCLUDED!!",""
"!!DATA EXCLUDED!!","!!DATA EXCLUDED!!","!!DATA EXCLUDED!!",10,"!!DATA EXCLUDED!!","!!DATA EXCLUDED!!",false,"","!!DATA EXCLUDED!!","!!DATA EXCLUDED!!",""
"xx","","",0,"","",false,"","","",""
"xx","Host_AI_S09E04_SoundEvent","S09E04_Banner",0,"#HOST_AI","TEAM_MILITIA",false,"","S09E04 Sound Event","",""
"xx","","",0,"","",false,"","","",""
"xx","Host_Armory_Activated_01","diag_ap_aiNotify_armoryActivated_01_01",10,"#HOST_AI","TEAM_MILITIA",false,"","Cargo access requested. Validating credentials.","ARMORY_ACCESS_REQUESTED",""
"xx","Host_Armory_Activated_02","diag_ap_aiNotify_armoryActivated_02_01",10,"#HOST_AI","TEAM_MILITIA",false,"","Cargo access requested.","ARMORY_ACCESS_REQUESTED",""
"xx","Host_Armory_Threat_Detected_01","diag_ap_aiNotify_armoryWave1st_01_01",10,"#HOST_AI","TEAM_MILITIA",false,"","Alert. Threat detected.","ARMORY_THREAT_DETECTED",""
"xx","Host_Armory_Threat_Detected_02","diag_ap_aiNotify_armoryWave1st_02_01",10,"#HOST_AI","TEAM_MILITIA",false,"","Threat detected. Activating defense protocols.","ARMORY_THREAT_DETECTED",""
"xx","Host_Armory_Wave_Activated_01","diag_ap_aiNotify_armoryWaveNext_01_01",10,"#HOST_AI","TEAM_MILITIA",false,"","Activating reserve sentries.","ARMORY_WAVE_ACTIVATED",""
"xx","Host_Armory_Wave_Activated_02","diag_ap_aiNotify_armoryWaveNext_02_01",10,"#HOST_AI","TEAM_MILITIA",false,"","Alert. Activating reserve defenders.","ARMORY_WAVE_ACTIVATED",""
"xx","Host_Armory_Thirty_Seconds_01","diag_ap_aiNotify_armoryWaveEscalate30sec_01_01",10,"#HOST_AI","TEAM_MILITIA",false,"","Threat level escalating in 30 seconds.","ARMORY_30_SECONDS",""
"xx","Host_Armory_Thirty_Seconds_02","diag_ap_aiNotify_armoryWaveEscalate30sec_02_01",10,"#HOST_AI","TEAM_MILITIA",false,"","Escalating threat level in 30 seconds.","ARMORY_30_SECONDS",""
"xx","Host_Armory_Ten_Seconds_01","diag_ap_aiNotify_armoryWaveEscalate10sec_01_01",10,"#HOST_AI","TEAM_MILITIA",false,"","Threat level escalating in 10 seconds.","ARMORY_10_SECONDS",""
"xx","Host_Armory_Ten_Seconds_02","diag_ap_aiNotify_armoryWaveEscalate10sec_02_01",10,"#HOST_AI","TEAM_MILITIA",false,"","Escalating threat level in 10 seconds.","ARMORY_10_SECONDS",""
"xx","Host_Armory_Panic_Button_01","diag_ap_aiNotify_armoryWaveEscape_01_01",10,"#HOST_AI","TEAM_MILITIA",false,"","Commensing emergency evacuation procedures.","ARMORY_PANIC_BUTTON",""
"xx","Host_Armory_Panic_Button_02","diag_ap_aiNotify_armoryWaveEscape_02_01",10,"#HOST_AI","TEAM_MILITIA",false,"","Alert. Emergency evacuation in progress.","ARMORY_PANIC_BUTTON",""
"xx","Host_Armory_Success_01","diag_ap_aiNotify_armoryVictory_01_01",10,"#HOST_AI","TEAM_MILITIA",false,"","Security clearance verified. Cargo access granted.","ARMORY_SUCCESS",""
"xx","Host_Armory_Success_02","diag_ap_aiNotify_armoryVictory_02_01",10,"#HOST_AI","TEAM_MILITIA",false,"","Clearance verified. Releasing cargo.","ARMORY_SUCCESS",""
"xx","Host_Armory_Redeploy_01","diag_ap_aiNotify_armoryExit_01_01",10,"#HOST_AI","TEAM_MILITIA",false,"","Please watch your step as you exit.","ARMORY_REDEPLOY",""
"xx","Host_Armory_Redeploy_02","diag_ap_aiNotify_armoryExit_02_01",10,"#HOST_AI","TEAM_MILITIA",false,"","Cargo delivered. You may now exit.","ARMORY_REDEPLOY",""
"xx","Host_Armory_ArmoryOpening_01","diag_ap_aiNotify_armoryOpening_01_01",10,"#HOST_AI","TEAM_MILITIA",false,"","Attention: Armory will open in 30 seconds.","ARMORY_OPENING",""
"xx","Host_Armory_ArmoryOpening_02","diag_ap_aiNotify_armoryOpening_02_01",10,"#HOST_AI","TEAM_MILITIA",false,"","Attention: Armory will open in 30 seconds.","ARMORY_OPENING",""
"xx","Host_Armory_ArmoryOpening_03","diag_ap_aiNotify_armoryOpening_03_01",10,"#HOST_AI","TEAM_MILITIA",false,"","In 30 seconds, Armory will open automatically.","ARMORY_OPENING",""
"xx","Host_Armory_ArmoryOpening_04","diag_ap_aiNotify_armoryOpening_04_01",10,"#HOST_AI","TEAM_MILITIA",false,"","In 30 seconds, Armory will open automatically.","ARMORY_OPENING",""
"xx","","",0,"","",false,"","","",""
"xx","Host_AI_Control_Care_Package_01_01","diag_ap_aiNotify_ctrlDroppingCarePack_01_01",10,"#HOST_AI","TEAM_MILITIA",false,"","Care Package Being Delivered, sponsored by Chevrex","SPONSORED_CARE_PACKAGE_DROPPING",""
"xx","Host_AI_Control_Care_Package_01_02","diag_ap_aiNotify_ctrlDroppingCarePack_01_02",10,"#HOST_AI","TEAM_MILITIA",false,"","Care Package Being Delivered, sponsored by Chevrex","SPONSORED_CARE_PACKAGE_DROPPING",""
"xx","Host_AI_Control_Care_Package_02_01","diag_ap_aiNotify_ctrlDroppingCarePack_02_01",10,"#HOST_AI","TEAM_MILITIA",false,"","Attention delivering care package, sponsored by Chevrex","SPONSORED_CARE_PACKAGE_DROPPING",""
"xx","Host_AI_Control_Care_Package_02_02","diag_ap_aiNotify_ctrlDroppingCarePack_02_02",10,"#HOST_AI","TEAM_MILITIA",false,"","Attention delivering care package, sponsored by Chevrex","SPONSORED_CARE_PACKAGE_DROPPING",""
"xx","Host_AI_Control_Capture_Bonus_Generic_01_01","diag_ap_aiNotify_ctrlCaptureBonus_01_01",10,"#HOST_AI","TEAM_MILITIA",false,"","A capture bonus is available","CONTROL_CAPTURE_BONUS_GENERIC",""
"xx","Host_AI_Control_Capture_Bonus_Generic_01_02","diag_ap_aiNotify_ctrlCaptureBonus_01_02",10,"#HOST_AI","TEAM_MILITIA",false,"","A capture bonus is available","CONTROL_CAPTURE_BONUS_GENERIC",""
"xx","Host_AI_Control_Capture_Bonus_Generic_02_01","diag_ap_aiNotify_ctrlCaptureBonus_02_01",10,"#HOST_AI","TEAM_MILITIA",false,"","A capture bonus is available","CONTROL_CAPTURE_BONUS_GENERIC",""
"xx","Host_AI_Control_Capture_Bonus_Generic_02_02","diag_ap_aiNotify_ctrlCaptureBonus_02_02",10,"#HOST_AI","TEAM_MILITIA",false,"","A capture bonus is available","CONTROL_CAPTURE_BONUS_GENERIC",""
"xx","Host_AI_Control_Capture_Bonus_Generic_03_01","diag_ap_aiNotify_ctrlCaptureBonus_03_01",10,"#HOST_AI","TEAM_MILITIA",false,"","A capture bonus is available","CONTROL_CAPTURE_BONUS_GENERIC",""
"xx","Host_AI_Control_Capture_Bonus_Generic_03_02","diag_ap_aiNotify_ctrlCaptureBonus_03_02",10,"#HOST_AI","TEAM_MILITIA",false,"","A capture bonus is available","CONTROL_CAPTURE_BONUS_GENERIC",""
"xx","Host_AI_Control_Capture_Bonus_Generic_04_01","diag_ap_aiNotify_ctrlCaptureBonus_04_01",10,"#HOST_AI","TEAM_MILITIA",false,"","A capture bonus is available","CONTROL_CAPTURE_BONUS_GENERIC",""
"xx","Host_AI_Control_Capture_Bonus_Generic_04_02","diag_ap_aiNotify_ctrlCaptureBonus_04_02",10,"#HOST_AI","TEAM_MILITIA",false,"","A capture bonus is available","CONTROL_CAPTURE_BONUS_GENERIC",""
"xx","Host_AI_Control_Capture_Bonus_Generic_05_01","diag_ap_aiNotify_ctrlCaptureBonus_05_01",10,"#HOST_AI","TEAM_MILITIA",false,"","A capture bonus is available","CONTROL_CAPTURE_BONUS_GENERIC",""
"xx","Host_AI_Control_Capture_Bonus_Generic_05_02","diag_ap_aiNotify_ctrlCaptureBonus_05_02",10,"#HOST_AI","TEAM_MILITIA",false,"","A capture bonus is available","CONTROL_CAPTURE_BONUS_GENERIC",""
"xx","Host_AI_Control_Capture_Bonus_A_01_01","diag_ap_aiNotify_ctrlCaptureBonusA_01_01",10,"#HOST_AI","TEAM_MILITIA",false,"","A capture bonus has been added to zone A, sponsored by Silva Pharmaceuticals","CONTROL_CAPTURE_BONUS_A",""
"xx","Host_AI_Control_Capture_Bonus_A_01_02","diag_ap_aiNotify_ctrlCaptureBonusA_01_02",10,"#HOST_AI","TEAM_MILITIA",false,"","A capture bonus has been added to zone A, sponsored by Silva Pharmaceuticals","CONTROL_CAPTURE_BONUS_A",""
"xx","Host_AI_Control_Capture_Bonus_A_02_01","diag_ap_aiNotify_ctrlCaptureBonusA_02_01",10,"#HOST_AI","TEAM_MILITIA",false,"","A capture bonus has been added to zone A, sponsored by Silva Pharmaceuticals","CONTROL_CAPTURE_BONUS_A",""
"xx","Host_AI_Control_Capture_Bonus_A_02_02","diag_ap_aiNotify_ctrlCaptureBonusA_02_02",10,"#HOST_AI","TEAM_MILITIA",false,"","A capture bonus has been added to zone A, sponsored by Silva Pharmaceuticals","CONTROL_CAPTURE_BONUS_A",""
"xx","Host_AI_Control_Capture_Bonus_A_03_01","diag_ap_aiNotify_ctrlCaptureBonusA_03_01",10,"#HOST_AI","TEAM_MILITIA",false,"","A capture bonus has been added to zone A, sponsored by Silva Pharmaceuticals","CONTROL_CAPTURE_BONUS_A",""
"xx","Host_AI_Control_Capture_Bonus_A_03_02","diag_ap_aiNotify_ctrlCaptureBonusA_03_02",10,"#HOST_AI","TEAM_MILITIA",false,"","A capture bonus has been added to zone A, sponsored by Silva Pharmaceuticals","CONTROL_CAPTURE_BONUS_A",""
"xx","Host_AI_Control_Capture_Bonus_B_01_01","diag_ap_aiNotify_ctrlCaptureBonusB_01_01",10,"#HOST_AI","TEAM_MILITIA",false,"","A capture bonus has been added to zone B, sponsored by Silva Pharmaceuticals","CONTROL_CAPTURE_BONUS_B",""
"xx","Host_AI_Control_Capture_Bonus_B_01_02","diag_ap_aiNotify_ctrlCaptureBonusB_01_02",10,"#HOST_AI","TEAM_MILITIA",false,"","A capture bonus has been added to zone B, sponsored by Silva Pharmaceuticals","CONTROL_CAPTURE_BONUS_B",""
"xx","Host_AI_Control_Capture_Bonus_B_02_01","diag_ap_aiNotify_ctrlCaptureBonusB_02_01",10,"#HOST_AI","TEAM_MILITIA",false,"","A capture bonus has been added to zone B, sponsored by Silva Pharmaceuticals","CONTROL_CAPTURE_BONUS_B",""
"xx","Host_AI_Control_Capture_Bonus_B_02_02","diag_ap_aiNotify_ctrlCaptureBonusB_02_02",10,"#HOST_AI","TEAM_MILITIA",false,"","A capture bonus has been added to zone B, sponsored by Silva Pharmaceuticals","CONTROL_CAPTURE_BONUS_B",""
"xx","Host_AI_Control_Capture_Bonus_B_03_01","diag_ap_aiNotify_ctrlCaptureBonusB_03_01",10,"#HOST_AI","TEAM_MILITIA",false,"","A capture bonus has been added to zone B, sponsored by Silva Pharmaceuticals","CONTROL_CAPTURE_BONUS_B",""
"xx","Host_AI_Control_Capture_Bonus_B_03_02","diag_ap_aiNotify_ctrlCaptureBonusB_03_02",10,"#HOST_AI","TEAM_MILITIA",false,"","A capture bonus has been added to zone B, sponsored by Silva Pharmaceuticals","CONTROL_CAPTURE_BONUS_B",""
"xx","Host_AI_Control_Capture_Bonus_C_01_01","diag_ap_aiNotify_ctrlCaptureBonusC_01_01",10,"#HOST_AI","TEAM_MILITIA",false,"","A capture bonus has been added to zone C, sponsored by Silva Pharmaceuticals","CONTROL_CAPTURE_BONUS_C",""
"xx","Host_AI_Control_Capture_Bonus_C_01_02","diag_ap_aiNotify_ctrlCaptureBonusC_01_02",10,"#HOST_AI","TEAM_MILITIA",false,"","A capture bonus has been added to zone C, sponsored by Silva Pharmaceuticals","CONTROL_CAPTURE_BONUS_C",""
"xx","Host_AI_Control_Capture_Bonus_C_02_01","diag_ap_aiNotify_ctrlCaptureBonusC_02_01",10,"#HOST_AI","TEAM_MILITIA",false,"","A capture bonus has been added to zone C, sponsored by Silva Pharmaceuticals","CONTROL_CAPTURE_BONUS_C",""
"xx","Host_AI_Control_Capture_Bonus_C_02_02","diag_ap_aiNotify_ctrlCaptureBonusC_02_02",10,"#HOST_AI","TEAM_MILITIA",false,"","A capture bonus has been added to zone C, sponsored by Silva Pharmaceuticals","CONTROL_CAPTURE_BONUS_C",""
"xx","Host_AI_Control_Capture_Bonus_C_03_01","diag_ap_aiNotify_ctrlCaptureBonusC_03_01",10,"#HOST_AI","TEAM_MILITIA",false,"","A capture bonus has been added to zone C, sponsored by Silva Pharmaceuticals","CONTROL_CAPTURE_BONUS_C",""
"xx","Host_AI_Control_Capture_Bonus_C_03_02","diag_ap_aiNotify_ctrlCaptureBonusC_03_02",10,"#HOST_AI","TEAM_MILITIA",false,"","A capture bonus has been added to zone C, sponsored by Silva Pharmaceuticals","CONTROL_CAPTURE_BONUS_C",""
"xx","Host_AI_Control_Capture_Bonus_Ending_01","diag_ap_aiNotify_ctrlCaptureBonusEnding_01_01",10,"#HOST_AI","TEAM_MILITIA",false,"","A capture bonus is ending shortly","CONTROL_CAPTURE_BONUS_ENDING",""
"xx","Host_AI_Control_Capture_Bonus_Ending_02","diag_ap_aiNotify_ctrlCaptureBonusEnding_02_01",10,"#HOST_AI","TEAM_MILITIA",false,"","A capture bonus is ending shortly","CONTROL_CAPTURE_BONUS_ENDING",""
"xx","Host_AI_Control_All_Zones_Owned_01","diag_ap_aiNotify_ctrlZonesAllOwned_01_01",10,"#HOST_AI","TEAM_MILITIA",false,"","A team controls all zones","CONTROL_ALL_ZONES_OWNED",""
"xx","Host_AI_Control_All_Zones_Owned_02","diag_ap_aiNotify_ctrlZonesAllOwned_02_01",10,"#HOST_AI","TEAM_MILITIA",false,"","A team controls all zones","CONTROL_ALL_ZONES_OWNED",""
"xx","Host_AI_Control_Rating_Leader_New_01","diag_ap_aiNotify_ctrlRatingsLeaderNew_01_01",10,"#HOST_AI","TEAM_MILITIA",false,"","New ratings leader appointed","CONTROL_NEW_RATINGS_LEADER",""
"xx","Host_AI_Control_Rating_Leader_New_02","diag_ap_aiNotify_ctrlRatingsLeaderNew_02_01",10,"#HOST_AI","TEAM_MILITIA",false,"","New ratings leader appointed","CONTROL_NEW_RATINGS_LEADER",""
"xx","Host_AI_Control_Rating_Leader_Killed_01","diag_ap_aiNotify_ctrlRatingsLeaderEliminated_01_01",10,"#HOST_AI","TEAM_MILITIA",false,"","Ratings Leader eliminated","CONTROL_RATINGS_LEADER_ELIMINATED",""
"xx","Host_AI_Control_Rating_Leader_Killed_02","diag_ap_aiNotify_ctrlRatingsLeaderEliminated_02_01",10,"#HOST_AI","TEAM_MILITIA",false,"","Ratings Leader eliminated","CONTROL_RATINGS_LEADER_ELIMINATED",""
"xx","Host_AI_Control_Base_Camper_01_01","diag_ap_aiNotify_ctrlBaseCamper_01_01",10,"#HOST_AI","TEAM_MILITIA",false,"","Warning: Base camper detected","CONTROL_BASE_CAMPER_DETECTED",""
"xx","Host_AI_Control_Base_Camper_01_02","diag_ap_aiNotify_ctrlBaseCamper_01_02",10,"#HOST_AI","TEAM_MILITIA",false,"","Warning: Base camper detected","CONTROL_BASE_CAMPER_DETECTED",""
"xx","Host_AI_Control_Base_Camper_02_01","diag_ap_aiNotify_ctrlBaseCamper_02_01",10,"#HOST_AI","TEAM_MILITIA",false,"","Warning: Base camper detected","CONTROL_BASE_CAMPER_DETECTED",""
"xx","Host_AI_Control_Base_Camper_02_02","diag_ap_aiNotify_ctrlBaseCamper_02_02",10,"#HOST_AI","TEAM_MILITIA",false,"","Warning: Base camper detected","CONTROL_BASE_CAMPER_DETECTED",""
"xx","Host_AI_Control_A_Captured_01_01","diag_ap_aiNotify_ctrlZoneACaptured_01_01",10,"#HOST_AI","TEAM_MILITIA",false,"","Zone A Captured","CONTROL_A_CAPTURED",""
"xx","Host_AI_Control_A_Captured_01_02","diag_ap_aiNotify_ctrlZoneACaptured_01_02",10,"#HOST_AI","TEAM_MILITIA",false,"","Zone A Captured","CONTROL_A_CAPTURED",""
"xx","Host_AI_Control_A_Captured_02_01","diag_ap_aiNotify_ctrlZoneACaptured_02_01",10,"#HOST_AI","TEAM_MILITIA",false,"","Zone A Captured","CONTROL_A_CAPTURED",""
"xx","Host_AI_Control_A_Captured_02_02","diag_ap_aiNotify_ctrlZoneACaptured_02_02",10,"#HOST_AI","TEAM_MILITIA",false,"","Zone A Captured","CONTROL_A_CAPTURED",""
"xx","Host_AI_Control_A_Neutralized_01_01","diag_ap_aiNotify_ctrlZoneANeutralized_01_01",10,"#HOST_AI","TEAM_MILITIA",false,"","Zone A Neutralized","CONTROL_A_NEUTRALIZED",""
"xx","Host_AI_Control_A_Neutralized_01_02","diag_ap_aiNotify_ctrlZoneANeutralized_01_02",10,"#HOST_AI","TEAM_MILITIA",false,"","Zone A Neutralized","CONTROL_A_NEUTRALIZED",""
"xx","Host_AI_Control_A_Neutralized_02_01","diag_ap_aiNotify_ctrlZoneANeutralized_02_01",10,"#HOST_AI","TEAM_MILITIA",false,"","Zone A Neutralized","CONTROL_A_NEUTRALIZED",""
"xx","Host_AI_Control_A_Neutralized_02_02","diag_ap_aiNotify_ctrlZoneANeutralized_02_02",10,"#HOST_AI","TEAM_MILITIA",false,"","Zone A Neutralized","CONTROL_A_NEUTRALIZED",""
"xx","Host_AI_Control_B_Captured_01_01","diag_ap_aiNotify_ctrlZoneBCaptured_01_01",10,"#HOST_AI","TEAM_MILITIA",false,"","Zone B Captured","CONTROL_B_CAPTURED",""
"xx","Host_AI_Control_B_Captured_01_02","diag_ap_aiNotify_ctrlZoneBCaptured_01_02",10,"#HOST_AI","TEAM_MILITIA",false,"","Zone B Captured","CONTROL_B_CAPTURED",""
"xx","Host_AI_Control_B_Captured_02_01","diag_ap_aiNotify_ctrlZoneBCaptured_02_01",10,"#HOST_AI","TEAM_MILITIA",false,"","Zone B Captured","CONTROL_B_CAPTURED",""
"xx","Host_AI_Control_B_Captured_02_02","diag_ap_aiNotify_ctrlZoneBCaptured_02_02",10,"#HOST_AI","TEAM_MILITIA",false,"","Zone B Captured","CONTROL_B_CAPTURED",""
"xx","Host_AI_Control_B_Neutralized_01_01","diag_ap_aiNotify_ctrlZoneBNeutralized_01_01",10,"#HOST_AI","TEAM_MILITIA",false,"","Zone B Neutralized","CONTROL_B_NEUTRALIZED",""
"xx","Host_AI_Control_B_Neutralized_01_02","diag_ap_aiNotify_ctrlZoneBNeutralized_01_02",10,"#HOST_AI","TEAM_MILITIA",false,"","Zone B Neutralized","CONTROL_B_NEUTRALIZED",""
"xx","Host_AI_Control_B_Neutralized_02_01","diag_ap_aiNotify_ctrlZoneBNeutralized_02_01",10,"#HOST_AI","TEAM_MILITIA",false,"","Zone B Neutralized","CONTROL_B_NEUTRALIZED",""
"xx","Host_AI_Control_B_Neutralized_02_02","diag_ap_aiNotify_ctrlZoneBNeutralized_02_02",10,"#HOST_AI","TEAM_MILITIA",false,"","Zone B Neutralized","CONTROL_B_NEUTRALIZED",""
"xx","Host_AI_Control_C_Captured_01_01","diag_ap_aiNotify_ctrlZoneCCaptured_01_01",10,"#HOST_AI","TEAM_MILITIA",false,"","Zone C Captured","CONTROL_C_CAPTURED",""
"xx","Host_AI_Control_C_Captured_01_02","diag_ap_aiNotify_ctrlZoneCCaptured_01_02",10,"#HOST_AI","TEAM_MILITIA",false,"","Zone C Captured","CONTROL_C_CAPTURED",""
"xx","Host_AI_Control_C_Captured_02_01","diag_ap_aiNotify_ctrlZoneCCaptured_02_01",10,"#HOST_AI","TEAM_MILITIA",false,"","Zone C Captured","CONTROL_C_CAPTURED",""
"xx","Host_AI_Control_C_Captured_02_02","diag_ap_aiNotify_ctrlZoneCCaptured_02_02",10,"#HOST_AI","TEAM_MILITIA",false,"","Zone C Captured","CONTROL_C_CAPTURED",""
"xx","Host_AI_Control_C_Neutralized_01_01","diag_ap_aiNotify_ctrlZoneCNeutralized_01_01",10,"#HOST_AI","TEAM_MILITIA",false,"","Zone C Neutralized","CONTROL_C_NEUTRALIZED",""
"xx","Host_AI_Control_C_Neutralized_01_02","diag_ap_aiNotify_ctrlZoneCNeutralized_01_02",10,"#HOST_AI","TEAM_MILITIA",false,"","Zone C Neutralized","CONTROL_C_NEUTRALIZED",""
"xx","Host_AI_Control_C_Neutralized_02_01","diag_ap_aiNotify_ctrlZoneCNeutralized_02_01",10,"#HOST_AI","TEAM_MILITIA",false,"","Zone C Neutralized","CONTROL_C_NEUTRALIZED",""
"xx","Host_AI_Control_C_Neutralized_02_02","diag_ap_aiNotify_ctrlZoneCNeutralized_02_02",10,"#HOST_AI","TEAM_MILITIA",false,"","Zone C Neutralized","CONTROL_C_NEUTRALIZED",""
"xx","Host_AI_Control_Lockout_Begin_01_01","diag_ap_aiNotify_ctrlLockoutBegin_01_01",10,"#HOST_AI","TEAM_MILITIA",false,"","Lockout Started","CONTROL_LOCKOUT_BEGIN",""
"xx","Host_AI_Control_Lockout_Begin_02_01","diag_ap_aiNotify_ctrlLockoutBegin_02_01",10,"#HOST_AI","TEAM_MILITIA",false,"","Lockout Started","CONTROL_LOCKOUT_BEGIN",""
"xx","Host_AI_Control_Lockout_Begin_03_01","diag_ap_aiNotify_ctrlLockoutBegin_03_01",10,"#HOST_AI","TEAM_MILITIA",false,"","Lockout Started","CONTROL_LOCKOUT_BEGIN",""
"xx","Host_AI_Control_Lockout_Begin_04_01","diag_ap_aiNotify_ctrlLockoutBegin_04_01",10,"#HOST_AI","TEAM_MILITIA",false,"","Lockout Started","CONTROL_LOCKOUT_BEGIN",""
"xx","Host_AI_Control_Lockout_Complete_01_01","diag_ap_aiNotify_ctrlLockoutComplete_01_01",10,"#HOST_AI","TEAM_MILITIA",false,"","Lockout Completed","CONTROL_LOCKOUT_COMPLETE",""
"xx","Host_AI_Control_Lockout_Complete_02_01","diag_ap_aiNotify_ctrlLockoutComplete_02_01",10,"#HOST_AI","TEAM_MILITIA",false,"","Lockout Completed","CONTROL_LOCKOUT_COMPLETE",""
"xx","Host_AI_Control_Lockout_Complete_03_01","diag_ap_aiNotify_ctrlLockoutComplete_03_01",10,"#HOST_AI","TEAM_MILITIA",false,"","Lockout Completed","CONTROL_LOCKOUT_COMPLETE",""
"xx","Host_AI_Control_Lockout_Complete_04_01","diag_ap_aiNotify_ctrlLockoutComplete_04_01",10,"#HOST_AI","TEAM_MILITIA",false,"","Lockout Completed","CONTROL_LOCKOUT_COMPLETE",""
"xx","Host_AI_Control_Lockout_Broken_01_01","diag_ap_aiNotify_ctrlLockoutBroken_01_01",10,"#HOST_AI","TEAM_MILITIA",false,"","Lockout Broken","CONTROL_LOCKOUT_BROKEN",""
"xx","Host_AI_Control_Lockout_Broken_02_01","diag_ap_aiNotify_ctrlLockoutBroken_02_01",10,"#HOST_AI","TEAM_MILITIA",false,"","Lockout Broken","CONTROL_LOCKOUT_BROKEN",""
"xx","Host_AI_Control_Lockout_Broken_03_01","diag_ap_aiNotify_ctrlLockoutBroken_03_01",10,"#HOST_AI","TEAM_MILITIA",false,"","Lockout Broken","CONTROL_LOCKOUT_BROKEN",""
"xx","Host_AI_Control_Lockout_Broken_04_01","diag_ap_aiNotify_ctrlLockoutBroken_04_01",10,"#HOST_AI","TEAM_MILITIA",false,"","Lockout Broken","CONTROL_LOCKOUT_BROKEN",""
"xx","Host_AI_Control_MRB_Event_Start_01_01","diag_ap_aiNotify_ctrlMRBStart_01_01",10,"#HOST_AI","TEAM_MILITIA",false,"","MRB Timed Event is starting","CONTROL_MRB_TIMEDEVENT_START",""
"xx","Host_AI_Control_MRB_Event_Start_02_01","diag_ap_aiNotify_ctrlMRBStart_02_01",10,"#HOST_AI","TEAM_MILITIA",false,"","MRB Timed Event is starting","CONTROL_MRB_TIMEDEVENT_START",""
"xx","Host_AI_Control_MRB_Event_Start_03_01","diag_ap_aiNotify_ctrlMRBStart_03_01",10,"#HOST_AI","TEAM_MILITIA",false,"","MRB Timed Event is starting","CONTROL_MRB_TIMEDEVENT_START",""
"xx","Host_AI_Control_MRB_Event_Start_04_01","diag_ap_aiNotify_ctrlMRBStart_04_01",10,"#HOST_AI","TEAM_MILITIA",false,"","MRB Timed Event is starting","CONTROL_MRB_TIMEDEVENT_START",""
"xx","Host_AI_Control_MRB_Event_MRB_Secured_01_01","diag_ap_aiNotify_ctrlMRBEnd_01_01",10,"#HOST_AI","TEAM_MILITIA",false,"","MRB Secured ( picked up)","CONTROL_MRB_TIMEDEVENT_MRB_SECURED",""
"xx","Host_AI_Control_MRB_Event_MRB_Secured_02_01","diag_ap_aiNotify_ctrlMRBEnd_02_01",10,"#HOST_AI","TEAM_MILITIA",false,"","MRB Secured ( picked up)","CONTROL_MRB_TIMEDEVENT_MRB_SECURED",""
"xx","Host_AI_Control_MRB_Event_MRB_Secured_03_01","diag_ap_aiNotify_ctrlMRBEnd_03_01",10,"#HOST_AI","TEAM_MILITIA",false,"","MRB Secured ( picked up)","CONTROL_MRB_TIMEDEVENT_MRB_SECURED",""
"xx","Host_AI_Control_MRB_Event_MRB_Secured_04_01","diag_ap_aiNotify_ctrlMRBEnd_04_01",10,"#HOST_AI","TEAM_MILITIA",false,"","MRB Secured ( picked up)","CONTROL_MRB_TIMEDEVENT_MRB_SECURED",""
"xx","Host_AI_Control_MRB_Event_MRB_Deployed_01_01","diag_ap_aiNotify_ctrlMRBArriving_01_01",10,"#HOST_AI","TEAM_MILITIA",false,"","MRB Delivered","CONTROL_MRB_TIMEDEVENT_MRB_DEPLOYED",""
"xx","Host_AI_Control_MRB_Event_MRB_Deployed_02_01","diag_ap_aiNotify_ctrlMRBArriving_02_01",10,"#HOST_AI","TEAM_MILITIA",false,"","MRB Delivered","CONTROL_MRB_TIMEDEVENT_MRB_DEPLOYED",""
"xx","Host_AI_Control_MRB_Event_MRB_CalledIn_01_01","diag_ap_aiNotify_ctrlMRBArriving_03_01",10,"#HOST_AI","TEAM_MILITIA",false,"","MRB Being Delivered","CONTROL_MRB_TIMEDEVENT_MRB_CALLED_IN",""
"xx","Host_AI_Control_MRB_Event_MRB_CalledIn_02_01","diag_ap_aiNotify_ctrlMRBArriving_04_01",10,"#HOST_AI","TEAM_MILITIA",false,"","MRB Being Delivered","CONTROL_MRB_TIMEDEVENT_MRB_CALLED_IN",""
"xx","Host_AI_Control_MRB_Event_MRB_Expired_01_01","diag_ap_aiNotify_ctrlMRBExpired_01_01",10,"#HOST_AI","TEAM_MILITIA",false,"","MRB Spawn has expired","CONTROL_MRB_TIMEDEVENT_MRB_EXPIRED",""
"xx","Host_AI_Control_MRB_Event_MRB_Expired_02_01","diag_ap_aiNotify_ctrlMRBExpired_02_01",10,"#HOST_AI","TEAM_MILITIA",false,"","MRB Spawn has expired","CONTROL_MRB_TIMEDEVENT_MRB_EXPIRED",""
"xx","Host_AI_Control_MRB_Event_MRB_Expired_03_01","diag_ap_aiNotify_ctrlMRBExpired_03_01",10,"#HOST_AI","TEAM_MILITIA",false,"","MRB Spawn has expired","CONTROL_MRB_TIMEDEVENT_MRB_EXPIRED",""
"xx","Host_AI_Control_MRB_Event_MRB_Expired_04_01","diag_ap_aiNotify_ctrlMRBExpired_04_01",10,"#HOST_AI","TEAM_MILITIA",false,"","MRB Spawn has expired","CONTROL_MRB_TIMEDEVENT_MRB_EXPIRED",""
"xx","Host_AI_FreeDM_Team_Halfway_01_01","diag_ap_aiNotify_gungameTeamLeading_01_01",10,"#HOST_AI","TEAM_MILITIA",false,"","Attention, a team has half the points needed to win","FREEDM_TEAM_HALFWAY",""
"xx","Host_AI_FreeDM_Team_Halfway_02_01","diag_ap_aiNotify_gungameTeamLeading_02_01",10,"#HOST_AI","TEAM_MILITIA",false,"","Attention, a team has half the points needed to win","FREEDM_TEAM_HALFWAY",""
"xx","Host_AI_FreeDM_Team_Halfway_03_01","diag_ap_aiNotify_gungameTeamLeading_03_01",10,"#HOST_AI","TEAM_MILITIA",false,"","A team has reached half the ways necessary for victory","FREEDM_TEAM_HALFWAY",""
"xx","Host_AI_FreeDM_Team_Halfway_04_01","diag_ap_aiNotify_gungameTeamLeading_04_01",10,"#HOST_AI","TEAM_MILITIA",false,"","A team has reached half the ways necessary for victory","FREEDM_TEAM_HALFWAY",""
"xx","Host_AI_FreeDM_Team_Winning_01_01","diag_ap_ainotify_gungameteamwinning_01_01",10,"#HOST_AI","TEAM_MILITIA",false,"","Attention, a team is nearing victory","FREEDM_TEAM_NEAR_WINNING",""
"xx","Host_AI_FreeDM_Team_Winning_02_01","diag_ap_ainotify_gungameteamwinning_02_01",10,"#HOST_AI","TEAM_MILITIA",false,"","Attention, a team is nearing victory","FREEDM_TEAM_NEAR_WINNING",""
"xx","Host_AI_FreeDM_Team_Winning_03_01","diag_ap_ainotify_gungameteamwinning_03_01",10,"#HOST_AI","TEAM_MILITIA",false,"","A team is 5 points from victory","FREEDM_TEAM_NEAR_WINNING",""
"string","string","string","int","string","string","bool","asset_noprecache","string","string","string"