"featureFlag","event","notes","menuText","shortText","chatText","attachmentPoints","aliasSubname","hasCalm","hasCalmFar","hasUrgent","hasUrgentFar","subEvent","flavorEvent","defaultIcon","pingAsset","hasForcedTempVoice"
"xx","BLANK","","","","","","",false,false,false,false,"","","","",false
"xx","PING_WEAPON_KRABER","","","","#PING_LOOT","","ping_foundKraber",true,false,true,false,"","FLAVOR_WEAPON_KRABER","","",false
"xx","PING_WEAPON_MASTIFF","","","","#PING_LOOT","","ping_foundMastiff",true,false,true,false,"","FLAVOR_WEAPON_MASTIFF","","",false
"xx","PING_WEAPON_LSTAR","","","","#PING_LOOT","","ping_foundLstar",true,false,true,false,"","FLAVOR_WEAPON_LSTAR","","",false
"xx","PING_WEAPON_ENERGY_AR","! [jnel] hooked up Havoc instead of enery ar / energy weapon.","","","#PING_LOOT","","ping_foundHavoc",true,false,true,false,"","FLAVOR_WEAPON_ENERGY_AR","","",false
"xx","PING_WEAPON_DEVOTION","","","","#PING_LOOT","","ping_foundDevotion",true,false,true,false,"","FLAVOR_WEAPON_DEVOTION","","",false
"xx","PING_WEAPON_TRIPLETAKE","","","","#PING_LOOT","","ping_foundTripletake",true,false,true,false,"","FLAVOR_WEAPON_TRIPLETAKE","","",false
"xx","PING_WEAPON_FLATLINE","","","","#PING_LOOT","","ping_foundFlatline",true,false,true,false,"","FLAVOR_WEAPON_FLATLINE","","",false
"xx","PING_WEAPON_HEMLOK","","","","#PING_LOOT","","ping_foundHemlok",true,false,true,false,"","FLAVOR_WEAPON_HEMLOK","","",false
"xx","PING_WEAPON_G7","","","","#PING_LOOT","","ping_foundG7",true,false,true,false,"","FLAVOR_WEAPON_G7","","",false
"xx","PING_WEAPON_ALTERNATOR","","","","#PING_LOOT","","ping_foundAlternator",true,false,true,false,"","FLAVOR_WEAPON_ALTERNATOR","","",false
"xx","PING_WEAPON_R97","! [jnel] this is still r97, but should we hook it to r99?","","","#PING_LOOT","","ping_foundR99",true,false,true,false,"","FLAVOR_WEAPON_R97","","",false
"xx","PING_WEAPON_PROWLER","","","","#PING_LOOT","","ping_foundprowler",true,false,true,false,"","FLAVOR_WEAPON_PROWLER","","",false
"xx","PING_WEAPON_DMR","","","","#PING_LOOT","","ping_foundDmr",true,false,true,false,"","FLAVOR_WEAPON_DMR","","",false
"xx","PING_WEAPON_SPITFIRE","","","","#PING_LOOT","","ping_foundSpitfire",true,false,true,false,"","FLAVOR_WEAPON_SPITFIRE","","",false
"xx","PING_WEAPON_R201","! [jnel] hooked the r301 to this event. Event string is r201.","","","#PING_LOOT","","ping_foundR301",true,false,true,false,"","FLAVOR_WEAPON_R201","","",false
"xx","PING_WEAPON_EVA","","","","#PING_LOOT","","ping_foundEva",true,false,true,false,"","FLAVOR_WEAPON_EVA","","",false
"xx","PING_WEAPON_PEACEKEEPER","","","","#PING_LOOT","","ping_foundpeacekeeper",true,false,true,false,"","FLAVOR_WEAPON_PEACEKEEPER","","",false
"xx","PING_WEAPON_MOZAMBIQUE","","","","#PING_LOOT","","ping_foundMozambique",true,false,true,false,"","FLAVOR_WEAPON_MOZAMBIQUE","","",false
"xx","PING_WEAPON_WINGMAN","","","","#PING_LOOT","","ping_foundWingman",true,false,true,false,"","FLAVOR_WEAPON_WINGMAN","","",false
"xx","PING_WEAPON_SEMIPISTOL","","","","#PING_LOOT","","ping_foundP2020",true,false,true,false,"","FLAVOR_WEAPON_SEMIPISTOL","","",false
"xx","PING_WEAPON_AUTOPISTOL","","","","#PING_LOOT","","ping_foundRE45",true,false,true,false,"","FLAVOR_WEAPON_AUTOPISTOL","","",false
"xx","PING_WEAPON_VOLT_SMG","","","","#PING_LOOT","","ping_foundVoltSmg",true,false,true,false,"","","","",false
"xx","PING_WEAPON_DEFENDER","","","","#PING_LOOT","","ping_foundChargeRifle",true,false,true,false,"","","","",false
"xx","PING_WEAPON_SENTINEL","","","","#PING_LOOT","","ping_foundSentinel",true,false,true,false,"","FLAVOR_WEAPON_SENTINEL","","",false
"xx","PING_WEAPON_BOW","","","","#PING_LOOT","","ping_foundBocek",true,false,true,false,"","FLAVOR_WEAPON_BOCEK","","",false
"!!DATA EXCLUDED!!","!!DATA EXCLUDED!!","","","","!!DATA EXCLUDED!!","","!!DATA EXCLUDED!!",true,false,true,false,"","!!DATA EXCLUDED!!","","",false
"xx","PING_WEAPON_DRAGON","","","","#PING_LOOT","","ping_foundRampage",true,false,true,false,"","FLAVOR_WEAPON_DRAGON","","",false
"xx","PING_WEAPON_CAR","","","","#PING_LOOT","","ping_foundCarsmg",true,false,true,false,"","","","",false
"xx","PING_WEAPON_NEMESIS","","","","#PING_LOOT","","ping_foundNemesis",true,false,true,false,"","FLAVOR_WEAPON_NEMESIS","","",false
"xx","PING_WEAPON_THROWINGKNIFE","","","","#PING_LOOT","","ping_foundThrowingKnife",true,false,true,false,"","FLAVOR_WEAPON_THROWINGKNIFE","","",false
"xx","PING_OFFHAND_GRENADE_FIRESTAR","! [jnel] hooked up foundThermite. Event string is still firestar.","","","#PING_LOOT","","ping_foundThermite",true,false,true,false,"","FLAVOR_OFFHAND_GRENADE_FIRESTAR","","",false
"xx","PING_OFFHAND_GRENADE_FRAG","","","","#PING_LOOT","","ping_foundFrag",true,false,true,false,"","FLAVOR_OFFHAND_GRENADE_FRAG","","",false
"xx","PING_OFFHAND_GRENADE_ARC","! [jnel] hooked up foundArcStar. Event string is still grenade_arc.","","","#PING_LOOT","","ping_foundArcStar",true,false,true,false,"","FLAVOR_OFFHAND_GRENADE_ARC","","",false
"xx","PING_AMMO_BULLET","! [jnel] hooked up foundAmmoLight","","","#PING_LOOT_QTY","","ping_foundAmmoLight",true,false,true,false,"","","","",false
"xx","PING_AMMO_SPECIAL","","","","#PING_LOOT_QTY","","ping_foundAmmoEnergy",true,false,true,false,"","FLAVOR_AMMO_SPECIAL","","",false
"xx","PING_AMMO_SHOTGUN","","","","#PING_LOOT_QTY","","ping_foundAmmoShotgun",true,false,true,false,"","FLAVOR_AMMO_SHOTGUN","","",false
"xx","PING_AMMO_HIGHCAL","! [jnel] hooked up foundAmmoHeavy.","","","#PING_LOOT_QTY","","ping_foundAmmoHeavy",true,false,true,false,"","","","",false
"!!DATA EXCLUDED!!","!!DATA EXCLUDED!!","","","","!!DATA EXCLUDED!!","","!!DATA EXCLUDED!!",true,false,true,false,"","","","",false
"xx","PING_AMMO_SNIPER","","","","#PING_LOOT_QTY","","ping_foundAmmoSniper",true,false,true,false,"","","","",false
"xx","PING_AMMO_ARROWS","","","","#PING_LOOT_QTY","","ping_foundAmmoArrows",true,false,true,false,"","","","",false
"xx","PING_EQUIPMENT_ARMOR_1","","","","#PING_TIERED_LOOT","","ping_foundBodyShield",true,false,true,false,"SUB_TYPE_LEVEL1","FLAVOR_EQUIPMENT_ARMOR_1","","",false
"xx","PING_EQUIPMENT_ARMOR_2","","","","#PING_TIERED_LOOT","","ping_foundBodyShield",true,false,true,false,"SUB_TYPE_LEVEL2","FLAVOR_EQUIPMENT_ARMOR_2","","",false
"xx","PING_EQUIPMENT_ARMOR_3","","","","#PING_TIERED_LOOT","","ping_foundBodyShield",true,false,true,false,"SUB_TYPE_LEVEL3","FLAVOR_EQUIPMENT_ARMOR_3","","",false
"xx","PING_EQUIPMENT_ARMOR_4","","","","#PING_TIERED_LOOT","","ping_foundBodyShield",true,false,true,false,"SUB_TYPE_LEVEL4","FLAVOR_EQUIPMENT_ARMOR_4","","",false
"xx","PING_EQUIPMENT_ARMOR_1_EVO","","","","#PING_TIERED_LOOT","","ping_foundShieldEVO",true,false,true,false,"SUB_TYPE_LEVEL1","FLAVOR_EQUIPMENT_ARMOR_1_EVO","","",false
"xx","PING_EQUIPMENT_ARMOR_2_EVO","","","","#PING_TIERED_LOOT","","ping_foundShieldEVO",true,false,true,false,"SUB_TYPE_LEVEL2","FLAVOR_EQUIPMENT_ARMOR_2_EVO","","",false
"xx","PING_EQUIPMENT_ARMOR_3_EVO","","","","#PING_TIERED_LOOT","","ping_foundShieldEVO",true,false,true,false,"SUB_TYPE_LEVEL3","FLAVOR_EQUIPMENT_ARMOR_3_EVO","","",false
"xx","PING_EQUIPMENT_ARMOR_5_EVO","","","","#PING_TIERED_LOOT","","ping_foundShieldEVO",true,false,true,false,"SUB_TYPE_LEVEL5","FLAVOR_EQUIPMENT_ARMOR_4_EVO","","",false
"xx","PING_EQUIPMENT_HELMET_1","","","","#PING_TIERED_LOOT","","ping_foundHelmet",true,false,true,false,"SUB_TYPE_LEVEL1","FLAVOR_EQUIPMENT_HELMET_1","","",false
"xx","PING_EQUIPMENT_HELMET_2","","","","#PING_TIERED_LOOT","","ping_foundHelmet",true,false,true,false,"SUB_TYPE_LEVEL2","FLAVOR_EQUIPMENT_HELMET_2","","",false
"xx","PING_EQUIPMENT_HELMET_3","","","","#PING_TIERED_LOOT","","ping_foundHelmet",true,false,true,false,"SUB_TYPE_LEVEL3","FLAVOR_EQUIPMENT_HELMET_3","","",false
"xx","PING_EQUIPMENT_HELMET_4","","","","#PING_TIERED_LOOT","","ping_foundHelmet",true,false,true,false,"SUB_TYPE_LEVEL4","FLAVOR_EQUIPMENT_HELMET_4","","",false
"!!DATA EXCLUDED!!","!!DATA EXCLUDED!!","","","","!!DATA EXCLUDED!!","","!!DATA EXCLUDED!!",true,false,true,false,"!!DATA EXCLUDED!!","","","",false
"!!DATA EXCLUDED!!","!!DATA EXCLUDED!!","","","","!!DATA EXCLUDED!!","","!!DATA EXCLUDED!!",true,false,true,false,"!!DATA EXCLUDED!!","","","",false
"!!DATA EXCLUDED!!","!!DATA EXCLUDED!!","","","","!!DATA EXCLUDED!!","","!!DATA EXCLUDED!!",true,false,true,false,"!!DATA EXCLUDED!!","","","",false
"!!DATA EXCLUDED!!","!!DATA EXCLUDED!!","","","","!!DATA EXCLUDED!!","","!!DATA EXCLUDED!!",true,false,true,false,"!!DATA EXCLUDED!!","","","",false
"!!DATA EXCLUDED!!","!!DATA EXCLUDED!!","","","","!!DATA EXCLUDED!!","","!!DATA EXCLUDED!!",true,false,true,false,"!!DATA EXCLUDED!!","","","",false
"!!DATA EXCLUDED!!","!!DATA EXCLUDED!!","","","","!!DATA EXCLUDED!!","","!!DATA EXCLUDED!!",true,false,true,false,"!!DATA EXCLUDED!!","","","",false
"!!DATA EXCLUDED!!","!!DATA EXCLUDED!!","","","","!!DATA EXCLUDED!!","","!!DATA EXCLUDED!!",true,false,true,false,"!!DATA EXCLUDED!!","","","",false
"xx","PING_EQUIPMENT_BACKPACK_1","","","","#PING_TIERED_LOOT","","ping_foundBackpack",true,false,true,false,"SUB_TYPE_LEVEL1","FLAVOR_EQUIPMENT_BACKPACK_1","","",false
"xx","PING_EQUIPMENT_BACKPACK_2","","","","#PING_TIERED_LOOT","","ping_foundBackpack",true,false,true,false,"SUB_TYPE_LEVEL2","FLAVOR_EQUIPMENT_BACKPACK_2","","",false
"xx","PING_EQUIPMENT_BACKPACK_3","","","","#PING_TIERED_LOOT","","ping_foundBackpack",true,false,true,false,"SUB_TYPE_LEVEL3","FLAVOR_EQUIPMENT_BACKPACK_3","","",false
"xx","PING_EQUIPMENT_BACKPACK_4","","","","#PING_TIERED_LOOT","","ping_foundBackpack",true,false,true,false,"SUB_TYPE_LEVEL4","FLAVOR_EQUIPMENT_BACKPACK_4","","",false
"xx","PING_EQUIPMENT_INCAPSHIELD_1","","","","#PING_TIERED_LOOT","","ping_foundShieldKO",true,false,true,false,"SUB_TYPE_LEVEL1","FLAVOR_EQUIPMENT_INCAPSHIELD_1","","",false
"xx","PING_EQUIPMENT_INCAPSHIELD_2","","","","#PING_TIERED_LOOT","","ping_foundShieldKO",true,false,true,false,"SUB_TYPE_LEVEL2","FLAVOR_EQUIPMENT_INCAPSHIELD_2","","",false
"xx","PING_EQUIPMENT_INCAPSHIELD_3","","","","#PING_TIERED_LOOT","","ping_foundShieldKO",true,false,true,false,"SUB_TYPE_LEVEL3","FLAVOR_EQUIPMENT_INCAPSHIELD_3","","",false
"xx","PING_EQUIPMENT_INCAPSHIELD_4","","","","#PING_TIERED_LOOT","","ping_foundShieldKO",true,false,true,false,"SUB_TYPE_LEVEL4","FLAVOR_EQUIPMENT_INCAPSHIELD_4","","",false
"xx","PING_ATTACHMENT_OPTIC_CQ_HCOG_1","","","","#PING_LOOT","sight","ping_foundOptic",true,false,true,false,"SUB_TYPE_RANGECLOSE","FLAVOR_ATTACHMENT_OPTIC_CQ_HCOG_1","","",false
"xx","PING_ATTACHMENT_OPTIC_CQ_HCOG_2","","","","#PING_LOOT","sight","ping_foundOptic",true,false,true,false,"SUB_TYPE_RANGECLOSE","FLAVOR_ATTACHMENT_OPTIC_CQ_HCOG_2","","",false
"xx","PING_ATTACHMENT_OPTIC_CQ_HOLOSIGHT_1","","","","#PING_LOOT","sight","ping_foundOptic",true,false,true,false,"SUB_TYPE_RANGECLOSE","FLAVOR_ATTACHMENT_OPTIC_CQ_HOLOSIGHT_1","","",false
"xx","PING_ATTACHMENT_OPTIC_CQ_HOLOSIGHT_2","","","","#PING_LOOT","sight","ping_foundOptic",true,false,true,false,"SUB_TYPE_RANGECLOSE","FLAVOR_ATTACHMENT_OPTIC_CQ_HOLOSIGHT_2","","",false
"xx","PING_ATTACHMENT_OPTIC_CQ_THREAT","","","","#PING_LOOT","sight","ping_foundOptic",true,false,true,false,"SUB_TYPE_RANGECLOSE","FLAVOR_ATTACHMENT_OPTIC_CQ_THREAT","","",false
"xx","PING_ATTACHMENT_OPTIC_RANGED_HCOG","","","","#PING_LOOT","sight","ping_foundOptic",true,false,true,false,"SUB_TYPE_RANGEMID","FLAVOR_ATTACHMENT_OPTIC_RANGED_HCOG","","",false
"xx","PING_ATTACHMENT_OPTIC_RANGED_AOG","","","","#PING_LOOT","sight","ping_foundOptic",true,false,true,false,"SUB_TYPE_RANGEMID","FLAVOR_ATTACHMENT_OPTIC_RANGED_AOG","","",false
"xx","PING_ATTACHMENT_OPTIC_SNIPER","","","","#PING_LOOT","sight","ping_foundOptic",true,false,true,false,"SUB_TYPE_RANGESNIPER","FLAVOR_ATTACHMENT_OPTIC_SNIPER","","",false
"xx","PING_ATTACHMENT_OPTIC_SNIPER_VARIABLE","","","","#PING_LOOT","sight","ping_foundOptic",true,false,true,false,"SUB_TYPE_RANGESNIPER","FLAVOR_ATTACHMENT_OPTIC_SNIPER_VARIABLE","","",false
"xx","PING_ATTACHMENT_OPTIC_SNIPER_THREAT","","","","#PING_LOOT","sight","ping_foundOptic",true,false,true,false,"SUB_TYPE_RANGESNIPER","FLAVOR_ATTACHMENT_OPTIC_SNIPER_THREAT","","",false
"xx","PING_ATTACHMENT_MAG_BULLET_1","","","","#PING_TIERED_LOOT","mag","ping_foundAmmoMagLight",true,false,true,false,"SUB_TYPE_LEVEL1","FLAVOR_ATTACHMENT_MAG_BULLET_1","","",false
"xx","PING_ATTACHMENT_MAG_BULLET_2","","","","#PING_TIERED_LOOT","mag","ping_foundAmmoMagLight",true,false,true,false,"SUB_TYPE_LEVEL2","FLAVOR_ATTACHMENT_MAG_BULLET_2","","",false
"xx","PING_ATTACHMENT_MAG_BULLET_3","","","","#PING_TIERED_LOOT","mag","ping_foundAmmoMagLight",true,false,true,false,"SUB_TYPE_LEVEL3","FLAVOR_ATTACHMENT_MAG_BULLET_3","","",false
"xx","PING_ATTACHMENT_MAG_BULLET_4","","","","#PING_TIERED_LOOT","mag","ping_foundAmmoMagLight",true,false,true,false,"SUB_TYPE_LEVEL4","","","",false
"xx","PING_ATTACHMENT_MAG_HIGHCAL_1","","","","#PING_TIERED_LOOT","mag","ping_foundAmmoMagHeavy",true,false,true,false,"SUB_TYPE_LEVEL1","FLAVOR_ATTACHMENT_MAG_HIGHCAL_1","","",false
"xx","PING_ATTACHMENT_MAG_HIGHCAL_2","","","","#PING_TIERED_LOOT","mag","ping_foundAmmoMagHeavy",true,false,true,false,"SUB_TYPE_LEVEL2","FLAVOR_ATTACHMENT_MAG_HIGHCAL_2","","",false
"xx","PING_ATTACHMENT_MAG_HIGHCAL_3","","","","#PING_TIERED_LOOT","mag","ping_foundAmmoMagHeavy",true,false,true,false,"SUB_TYPE_LEVEL3","FLAVOR_ATTACHMENT_MAG_HIGHCAL_3","","",false
"xx","PING_ATTACHMENT_MAG_HIGHCAL_4","","","","#PING_TIERED_LOOT","mag","ping_foundAmmoMagHeavy",true,false,true,false,"SUB_TYPE_LEVEL4","","","",false
"xx","PING_ATTACHMENT_MAG_ENERGY_1","","","","#PING_TIERED_LOOT","mag","ping_foundAmmoMagEnergy",true,false,true,false,"SUB_TYPE_LEVEL1","","","",false
"xx","PING_ATTACHMENT_MAG_ENERGY_2","","","","#PING_TIERED_LOOT","mag","ping_foundAmmoMagEnergy",true,false,true,false,"SUB_TYPE_LEVEL2","","","",false
"xx","PING_ATTACHMENT_MAG_ENERGY_3","","","","#PING_TIERED_LOOT","mag","ping_foundAmmoMagEnergy",true,false,true,false,"SUB_TYPE_LEVEL3","","","",false
"xx","PING_ATTACHMENT_MAG_ENERGY_4","","","","#PING_TIERED_LOOT","mag","ping_foundAmmoMagEnergy",true,false,true,false,"SUB_TYPE_LEVEL4","","","",false
"xx","PING_ATTACHMENT_MAG_SNIPER_1","","","","#PING_TIERED_LOOT","mag","ping_foundAmmoMagSniper",true,false,true,false,"SUB_TYPE_LEVEL1","FLAVOR_ATTACHMENT_MAG_SNIPER_1","","",false
"xx","PING_ATTACHMENT_MAG_SNIPER_2","","","","#PING_TIERED_LOOT","mag","ping_foundAmmoMagSniper",true,false,true,false,"SUB_TYPE_LEVEL2","FLAVOR_ATTACHMENT_MAG_SNIPER_2","","",false
"xx","PING_ATTACHMENT_MAG_SNIPER_3","","","","#PING_TIERED_LOOT","mag","ping_foundAmmoMagSniper",true,false,true,false,"SUB_TYPE_LEVEL3","FLAVOR_ATTACHMENT_MAG_SNIPER_3","","",false
"xx","PING_ATTACHMENT_MAG_SNIPER_4","","","","#PING_TIERED_LOOT","mag","ping_foundAmmoMagSniper",true,false,true,false,"SUB_TYPE_LEVEL4","","","",false
"xx","PING_ATTACHMENT_SHOTGUN_BOLT_1","","","","#PING_TIERED_LOOT","mag","ping_foundShotgunBolt",true,false,true,false,"SUB_TYPE_LEVEL1","FLAVOR_ATTACHMENT_SHOTGUN_BOLT_1","","",false
"xx","PING_ATTACHMENT_SHOTGUN_BOLT_2","","","","#PING_TIERED_LOOT","mag","ping_foundShotgunBolt",true,false,true,false,"SUB_TYPE_LEVEL2","FLAVOR_ATTACHMENT_SHOTGUN_BOLT_2","","",false
"xx","PING_ATTACHMENT_SHOTGUN_BOLT_3","","","","#PING_TIERED_LOOT","mag","ping_foundShotgunBolt",true,false,true,false,"SUB_TYPE_LEVEL3","FLAVOR_ATTACHMENT_SHOTGUN_BOLT_3","","",false
"xx","PING_ATTACHMENT_SHOTGUN_BOLT_4","","","","#PING_TIERED_LOOT","mag","ping_foundShotgunBolt",true,false,true,false,"SUB_TYPE_LEVEL4","FLAVOR_ATTACHMENT_SHOTGUN_BOLT_3","","",false
"xx","PING_ATTACHMENT_STOCK_STANDARD_1","","","","#PING_TIERED_LOOT","grip","ping_foundStockTactical",true,false,true,false,"SUB_TYPE_LEVEL1","FLAVOR_ATTACHMENT_STOCK_STANDARD_1","","",false
"xx","PING_ATTACHMENT_STOCK_STANDARD_2","","","","#PING_TIERED_LOOT","grip","ping_foundStockTactical",true,false,true,false,"SUB_TYPE_LEVEL2","FLAVOR_ATTACHMENT_STOCK_STANDARD_2","","",false
"xx","PING_ATTACHMENT_STOCK_STANDARD_3","","","","#PING_TIERED_LOOT","grip","ping_foundStockTactical",true,false,true,false,"SUB_TYPE_LEVEL3","FLAVOR_ATTACHMENT_STOCK_STANDARD_3","","",false
"xx","PING_ATTACHMENT_STOCK_SNIPER_1","","","","#PING_TIERED_LOOT","grip","ping_foundStockSniper",true,false,true,false,"SUB_TYPE_LEVEL1","FLAVOR_ATTACHMENT_STOCK_SNIPER_1","","",false
"xx","PING_ATTACHMENT_STOCK_SNIPER_2","","","","#PING_TIERED_LOOT","grip","ping_foundStockSniper",true,false,true,false,"SUB_TYPE_LEVEL2","FLAVOR_ATTACHMENT_STOCK_SNIPER_2","","",false
"xx","PING_ATTACHMENT_STOCK_SNIPER_3","","","","#PING_TIERED_LOOT","grip","ping_foundStockSniper",true,false,true,false,"SUB_TYPE_LEVEL3","FLAVOR_ATTACHMENT_STOCK_SNIPER_3","","",false
"xx","PING_ATTACHMENT_STOCK_SNIPER_4","","","","#PING_TIERED_LOOT","grip","ping_foundStockSniper",true,false,true,false,"SUB_TYPE_LEVEL4","FLAVOR_ATTACHMENT_STOCK_SNIPER_3","","",false
"xx","PING_ATTACHMENT_BARREL_STABILIZER_1","","","","#PING_TIERED_LOOT","barrel","ping_foundBarrelStabilizer",true,false,true,false,"SUB_TYPE_LEVEL1","FLAVOR_ATTACHMENT_BARREL_STABILIZER_1","","",false
"xx","PING_ATTACHMENT_BARREL_STABILIZER_2","","","","#PING_TIERED_LOOT","barrel","ping_foundBarrelStabilizer",true,false,true,false,"SUB_TYPE_LEVEL2","FLAVOR_ATTACHMENT_BARREL_STABILIZER_2","","",false
"xx","PING_ATTACHMENT_BARREL_STABILIZER_3","","","","#PING_TIERED_LOOT","barrel","ping_foundBarrelStabilizer",true,false,true,false,"SUB_TYPE_LEVEL3","FLAVOR_ATTACHMENT_BARREL_STABILIZER_3","","",false
"xx","PING_ATTACHMENT_BARREL_STABILIZER_4_FLASH_HIDER","! [jnel] updated for Flash Hider vo event","","","#PING_TIERED_LOOT","barrel","ping_foundBarrelStabilizer",true,false,true,false,"SUB_TYPE_LEVEL4","FLAVOR_ATTACHMENT_BARREL_STABILIZER_4_FLASH_HIDER","","",false
"xx","PING_ATTACHMENT_LASER_SIGHT_1","","","","#PING_TIERED_LOOT","barrel","ping_foundLaserSight",true,false,true,false,"SUB_TYPE_LEVEL1","FLAVOR_ATTACHMENT_LASER_SIGHT_1","","",false
"xx","PING_ATTACHMENT_LASER_SIGHT_2","","","","#PING_TIERED_LOOT","barrel","ping_foundLaserSight",true,false,true,false,"SUB_TYPE_LEVEL2","FLAVOR_ATTACHMENT_LASER_SIGHT_2","","",false
"xx","PING_ATTACHMENT_LASER_SIGHT_3","","","","#PING_TIERED_LOOT","barrel","ping_foundLaserSight",true,false,true,false,"SUB_TYPE_LEVEL3","FLAVOR_ATTACHMENT_LASER_SIGHT_3","","",false
"xx","PING_ATTACHMENT_LASER_SIGHT_4","","","","#PING_TIERED_LOOT","barrel","ping_foundLaserSight",true,false,true,false,"SUB_TYPE_LEVEL4","FLAVOR_ATTACHMENT_LASER_SIGHT_4","","",false
"xx","PING_ATTACHMENT_HOPUP_TURBOCHARGER","","","","#PING_LOOT","hopup","ping_foundHopUp",true,false,true,false,"SUB_TYPE_TURBOCHARGER","FLAVOR_ATTACHMENT_HOPUP_TURBOCHARGER","","",false
"xx","PING_ATTACHMENT_HOPUP_SELECTFIRE","","","","#PING_LOOT","hopup","ping_foundHopUp",true,false,true,false,"SUB_TYPE_SELECTFIRE","FLAVOR_ATTACHMENT_HOPUP_SELECTFIRE","","",false
"xx","PING_ATTACHMENT_HOPUP_ENERGY_CHOKE","","","","#PING_LOOT","hopup","ping_foundHopUp",true,false,true,false,"SUB_TYPE_CHOKE","FLAVOR_ATTACHMENT_HOPUP_ENERGY_CHOKE","","",false
"xx","PING_ATTACHMENT_HOPUP_HEADSHOT_DMG","","","","#PING_LOOT","hopup","ping_foundHopUp",true,false,true,false,"SUB_TYPE_SKULLPIERCER","FLAVOR_ATTACHMENT_HOPUP_HEADSHOT_DMG","","",false
"xx","PING_ATTACHMENT_HOPUP_SHIELD_BREAKER","","","","#PING_LOOT","hopup","ping_foundHopUp",true,false,true,false,"SUB_TYPE_DISRUPTOR","","","",false
"xx","PING_ATTACHMENT_HOPUP_UNSHIELDED_DMG","","","","#PING_LOOT","hopup","ping_foundHopUp",true,false,true,false,"SUB_TYPE_HAMMERPOINT","","","",false
"xx","PING_ATTACHMENT_HOPUP_HIGHCAL_ROUNDS","","","","#PING_LOOT","hopup","ping_foundHopUp",true,false,true,false,"SUB_TYPE_HIGHCAL_ROUNDS","","","",false
"xx","PING_ATTACHMENT_HOPUP_DOUBLE_TAP","","","","#PING_LOOT","hopup","ping_foundHopUp",true,false,true,false,"SUB_TYPE_DOUBLE_TAP","","","",false
"xx","PING_ATTACHMENT_HOPUP_PAINTBALL","","","","#PING_LOOT","hopup","ping_foundHopUp",true,false,true,false,"","","","",false
"xx","PING_ATTACHMENT_HOPUP_SMART_RELOAD","","","","#PING_LOOT","hopup","ping_foundHopUp",true,false,true,false,"SUB_TYPE_BOOSTED_LOADER","","","",false
"xx","PING_ATTACHMENT_HOPUP_MARKSMANS_TEMPO","","","","#PING_LOOT","hopup hopupMulti_b","ping_foundHopUp",true,false,true,false,"SUB_TYPE_MARKSMANS_TEMPO","","","",false
"xx","PING_ATTACHMENT_HOPUP_QUICKDRAW_HOLSTER","","","","#PING_LOOT","hopup","ping_foundHopUp",true,false,true,false,"SUB_TYPE_QUICKDRAW_HOLSTER","","","",false
"xx","PING_ATTACHMENT_HOPUP_SHATTER_ROUNDS","","","","#PING_LOOT","hopup hopupMulti_a","ping_foundHopUp",true,false,true,false,"SUB_TYPE_SHATTER_ROUNDS","","","",false
"xx","PING_ATTACHMENT_HOPUP_DUAL_SHELL","","","","#PING_LOOT","hopup","ping_foundHopUp",true,false,true,false,"SUB_TYPE_DUAL_SHELL","","","",false
"xx","PING_ATTACHMENT_HOPUP_KINETIC_FEEDER","","","","#PING_LOOT","hopup","ping_foundHopUp",true,false,true,false,"SUB_TYPE_KINETIC_FEEDER","","","",false
"xx","PING_ITEM_COMBO_FULL","! [jnel] this is the Phoenix Kit.","","","#PING_LOOT","","ping_foundPhoenixKit",true,false,true,false,"","FLAVOR_ITEM_COMBO_FULL","","",false
"xx","PING_ITEM_SHIELD_SMALL","","","","#PING_LOOT","","ping_foundShieldCell",true,false,true,false,"","","","",false
"xx","PING_ITEM_SHIELD_LARGE","","","","#PING_LOOT","","ping_foundShieldBattery",true,false,true,false,"","","","",false
"xx","PING_ITEM_HEALTH_SMALL","","","","#PING_LOOT","","ping_foundSyringe",true,false,true,false,"","FLAVOR_ITEM_HEALTH_SMALL","","",false
"xx","PING_ITEM_HEALTH_MEDIUM","","","","#PING_LOOT","","ping_foundHealthMedium",true,false,true,false,"","FLAVOR_ITEM_HEALTH_MEDIUM","","",false
"xx","PING_ITEM_HEALTH_LARGE","! [jnel] hooked up specific medKit instead of large health. MedKit script string shares with Large Health.","","","#PING_LOOT","","ping_foundMedKit",true,false,true,false,"","FLAVOR_ITEM_HEALTH_LARGE","","",false
"xx","PING_ITEM_HEALTH_SYRINGE","","","","#PING_LOOT","","ping_foundSyringe",true,false,true,false,"","FLAVOR_ITEM_HEALTH_SYRINGE","","",false
"xx","PING_ITEM_ULTIMATE_ENERGY","","","","#PING_LOOT","","ping_foundAccelerant",true,false,true,false,"","FLAVOR_ITEM_ULTIMATE_ENERGY","","",false
"!!DATA EXCLUDED!!","!!DATA EXCLUDED!!","","","","!!DATA EXCLUDED!!","","!!DATA EXCLUDED!!",true,false,true,false,"","","","",false
"xx","PING_MAP_WAYPOINT","","Waypoint","","","","",false,false,false,false,"","","rui/menu/dpad_comms/emoji/exclamation","",false
"xx","PING_ITEM_ARMOR_SMALL","! Needs urgent/calm","","","#PING_LOOT","","",false,false,false,false,"","","","",false
"xx","PING_LOCATION","","#PROMPT_PING_LOCATION","#PROMPT_PING_LOCATION_SHORT","#PING_LOCATION","","ping_spotDefault",true,true,true,true,"","","rui/hud/ping/icon_ping_go_outer","settings/itemflav/ping/ping_go.rpak",false
"xx","PING_DROP_SUGGESTION","","#PROMPT_PING_GO","#PROMPT_PING_GO_SHORT","#PING_GOTO","","ping_waypointDropship",true,false,false,false,"","","rui/hud/ping/icon_ping_go_outer","settings/itemflav/ping/ping_go.rpak",false
"xx","PING_WE_GO","","#PROMPT_PING_GO","#PROMPT_PING_GO_SHORT","#PING_GOTO","","ping_spotDefault",true,true,true,true,"","","rui/hud/ping/icon_ping_go_outer","settings/itemflav/ping/ping_go.rpak",false
"xx","PING_I_GO","","#PROMPT_PING_I_GO","#PROMPT_PING_I_GO_SHORT","#PING_I_GO","","ping_exploreGoPlayer",true,true,true,true,"","","rui/hud/ping/icon_ping_go_outer","settings/itemflav/ping/ping_i_go.rpak",false
"xx","PING_I_WATCHING","! [jnel] hooked up specific vo events for these","#PROMPT_PING_I_WATCHING","#PROMPT_PING_I_WATCHING_SHORT","#PING_I_WATCHING","","ping_watchingHere",true,true,true,true,"","","rui/hud/ping/icon_ping_watch","settings/itemflav/ping/ping_watching.rpak",false
"xx","PING_I_LOOTING","! [jnel] hooked up specific vo events for these","#PROMPT_PING_I_LOOTING","#PROMPT_PING_I_LOOTING_SHORT","#PING_I_LOOTING","","ping_lootingHere",true,true,true,true,"","","rui/hud/ping/icon_ping_loot","settings/itemflav/ping/ping_looting.rpak",false
"xx","PING_I_DEFENDING","! [jnel] hooked up specific vo events for these","#PROMPT_PING_I_DEFENDING","#PROMPT_PING_I_DEFENDING_SHORT","#PING_I_DEFENDING","","ping_defendingHere",true,true,true,true,"","","rui/hud/ping/icon_ping_defense","settings/itemflav/ping/ping_defending.rpak",false
"xx","PING_I_ATTACKING","! [jnel] hooked up specific vo events for these","#PROMPT_PING_I_ATTACKING","#PROMPT_PING_I_ATTACKING_SHORT","#PING_I_ATTACKING","","ping_attackingHere",true,true,true,true,"","","rui/hud/ping/icon_ping_attack","settings/itemflav/ping/ping_attacking.rpak",false
"!!DATA EXCLUDED!!","!!DATA EXCLUDED!!","","!!DATA EXCLUDED!!","!!DATA EXCLUDED!!","!!DATA EXCLUDED!!","","!!DATA EXCLUDED!!",true,true,true,true,"","","!!DATA EXCLUDED!!","!!DATA EXCLUDED!!",true
"!!DATA EXCLUDED!!","!!DATA EXCLUDED!!","","!!DATA EXCLUDED!!","!!DATA EXCLUDED!!","!!DATA EXCLUDED!!","","!!DATA EXCLUDED!!",true,true,true,true,"","","!!DATA EXCLUDED!!","!!DATA EXCLUDED!!",true
"!!DATA EXCLUDED!!","!!DATA EXCLUDED!!","","!!DATA EXCLUDED!!","!!DATA EXCLUDED!!","!!DATA EXCLUDED!!","","!!DATA EXCLUDED!!",true,true,true,true,"","","!!DATA EXCLUDED!!","!!DATA EXCLUDED!!",true
"!!DATA EXCLUDED!!","!!DATA EXCLUDED!!","","!!DATA EXCLUDED!!","!!DATA EXCLUDED!!","!!DATA EXCLUDED!!","","!!DATA EXCLUDED!!",true,true,true,true,"","","!!DATA EXCLUDED!!","!!DATA EXCLUDED!!",true
"!!DATA EXCLUDED!!","!!DATA EXCLUDED!!","","!!DATA EXCLUDED!!","!!DATA EXCLUDED!!","!!DATA EXCLUDED!!","","!!DATA EXCLUDED!!",true,true,true,true,"","","!!DATA EXCLUDED!!","!!DATA EXCLUDED!!",true
"!!DATA EXCLUDED!!","!!DATA EXCLUDED!!","","!!DATA EXCLUDED!!","!!DATA EXCLUDED!!","!!DATA EXCLUDED!!","","!!DATA EXCLUDED!!",true,false,true,false,"","","!!DATA EXCLUDED!!","",true
"!!DATA EXCLUDED!!","!!DATA EXCLUDED!!","","!!DATA EXCLUDED!!","!!DATA EXCLUDED!!","!!DATA EXCLUDED!!","","!!DATA EXCLUDED!!",true,true,true,true,"","","!!DATA EXCLUDED!!","",true
"!!DATA EXCLUDED!!","!!DATA EXCLUDED!!","","!!DATA EXCLUDED!!","!!DATA EXCLUDED!!","!!DATA EXCLUDED!!","","!!DATA EXCLUDED!!",true,true,true,true,"","","!!DATA EXCLUDED!!","!!DATA EXCLUDED!!",true
"!!DATA EXCLUDED!!","!!DATA EXCLUDED!!","","!!DATA EXCLUDED!!","!!DATA EXCLUDED!!","!!DATA EXCLUDED!!","","!!DATA EXCLUDED!!",true,true,true,true,"","","!!DATA EXCLUDED!!","!!DATA EXCLUDED!!",true
"!!DATA EXCLUDED!!","!!DATA EXCLUDED!!","","!!DATA EXCLUDED!!","!!DATA EXCLUDED!!","!!DATA EXCLUDED!!","","!!DATA EXCLUDED!!",true,true,true,true,"","","!!DATA EXCLUDED!!","!!DATA EXCLUDED!!",true
"xx","PING_NEED_HEALTH","","#PROMPT_PING_NEED_HEALTH","#PROMPT_PING_NEED_HEALTH_SHORT","","","ping_needhealth",true,false,true,false,"","","rui/hud/ping/icon_ping_dronemedic","",false
"xx","PING_DEPLOYABLE_MEDIC","","#PROMPT_PING_DEPLOYABLE_MEDIC","#PROMPT_PING_DEPLOYABLE_MEDIC","#PING_FRIENDLY_HEALTH","","ping_healthDrone",true,false,true,false,"","","rui/hud/ping/icon_ping_dronemedic","",false
"xx","PING_HOLD_ON","","#PROMPT_PING_HOLD_ON","#PROMPT_PING_HOLD_ON_SHORT","","","ping_markerWait",true,false,true,false,"","","rui/hud/ping/icon_ping_wait","",false
"xx","PING_ABILITY_ME","! Needs new: "I'm going to do my unique thing"","#PROMPT_PING_ABILITY_ME","#PROMPT_PING_ABILITY_ME_SHORT","#PING_ABILITY_ME","","ping_abilityTacticalPlayer",true,true,true,true,"","","rui/hud/common/objective_marker","",false
"xx","PING_ABILITY_ALLY","! Needs new: "You should do your unique thing"","#PROMPT_PING_ABILITY_ALLY","#PROMPT_PING_ABILITY_ALLY_SHORT","#PING_ABILITY_ALLY","","ping_abilityTacticalTeam",true,false,true,false,"","","rui/hud/common/objective_marker","",false
"xx","PING_AREA_CLEAR","","#PROMPT_PING_AREA_CLEAR","#PROMPT_PING_AREA_CLEAR_SHORT","#PING_AREA_CLEAR","","ping_areaClear",true,true,true,true,"","","rui/menu/dpad_comms/emoji/ok","",false
"xx","PING_AREA_VISITED","! [jnel] hooked up specific vo event for someone's been here","#PROMPT_PING_AREA_VISITED","#PROMPT_PING_AREA_VISITED_SHORT","#PING_AREA_VISITED","","ping_cluePresence",true,true,true,true,"","","rui/hud/ping/icon_ping_someonesbeen","settings/itemflav/ping/ping_area_visited.rpak",false
"xx","PING_DOOR","","#PROMPT_PING_DOOR","#PROMPT_PING_DOOR_SHORT","#PING_DOOR","","ping_doorClosed",true,true,true,true,"","","rui/hud/common/objective_marker","settings/itemflav/ping/ping_go.rpak",false
"xx","PING_DOOR_OPEN","","#PROMPT_PING_DOOR_OPEN","#PROMPT_PING_DOOR_OPEN_SHORT","#PING_DOOR_OPEN","","ping_dooropen",true,true,true,true,"","","rui/hud/ping/icon_ping_someonesbeen","settings/itemflav/ping/ping_area_visited.rpak",false
"xx","PING_DEATHBOX","","#PROMPT_PING_DEATHBOX","#PROMPT_PING_DEATHBOX_SHORT","#PING_DEATHBOX","","ping_deathBox",true,true,true,true,"","","rui/hud/common/objective_marker","settings/itemflav/ping/ping_go.rpak",false
"xx","PING_MY_LAST_DEATHBOX","","#PROMPT_RECOVER_MY_DEATHBOX","#PROMPT_PING_DEATHBOX","#PING_DEATHBOX","","ping_exploreGoPlayer",true,true,false,false,"","","rui/hud/common/objective_marker","settings/itemflav/ping/ping_go.rpak",false
"xx","MARK_MY_LAST_DEATHBOX","","#PROMPT_MARK_MY_LAST_DEATHBOX","#PROMPT_MARK_MY_LAST_DEATHBOX_SHORT","#MARK_MY_LAST_DEATHBOX","","ping_deathBox",false,false,false,false,"","","","",false
"xx","PING_LOOT_CREEP_INFECTED","","#PROMPT_PING_LOOT_CREEP_INFECTED","#PROMPT_PING_LOOT_CREEP_INFECTED","#PING_LOOT_CREEP_INFECTED","","ping_spotInfected",true,true,false,false,"","","rui/hud/ping/icon_ping_loot","settings/itemflav/ping/ping_looting.rpak",false
"xx","PING_LOOT_CREEP_SPIDER","","#PROMPT_PING_LOOT_CREEP_SPIDER","#PROMPT_PING_LOOT_CREEP_SPIDER","#PING_LOOT_CREEP_SPIDER","","ping_spotSpider",true,true,false,false,"","","rui/hud/ping/icon_ping_loot","settings/itemflav/ping/ping_looting.rpak",false
"xx","PING_LOOTBIN","! [jnel] changed ping_crate to ping_lootBin","#PROMPT_PING_LOOTBIN","#PROMPT_PING_LOOTBIN_SHORT","#PING_LOOTBIN","","ping_supplyBin",true,true,true,true,"","","rui/hud/common/objective_marker","settings/itemflav/ping/ping_go.rpak",false
"xx","PING_LOOTBIN_OPEN","! [jnel] changed ping_crate to ping_lootBin","#PROMPT_PING_LOOTBIN_OPEN","#PROMPT_PING_LOOTBIN_OPEN_SHORT","#PING_LOOTBIN_OPEN","","ping_supplyBinOpen",true,true,true,true,"","","rui/hud/common/objective_marker","settings/itemflav/ping/ping_go.rpak",false
"xx","PING_LOOTBIN_EXTENDED","! [jnel] changed ping_crate to ping_lootBin","#PROMPT_PING_LOOTBIN_EXTENDED","#PROMPT_PING_LOOTBIN_EXTENDED_SHORT","#PING_LOOTBIN_EXTENDED","","ping_supplyBinExtended",true,true,true,true,"","","rui/hud/common/objective_marker","settings/itemflav/ping/ping_go.rpak",false
"xx","PING_CAREPACKAGE","","#PROMPT_PING_CAREPACKAGE","#PROMPT_PING_CAREPACKAGE_SHORT","#PING_CAREPACKAGE","","ping_carePackage",true,true,true,true,"","","rui/hud/common/objective_marker","settings/itemflav/ping/ping_go.rpak",false
"xx","PING_MY_CAREPACKAGE","! Line needed ?  (Roger?)","#PROMPT_PING_CAREPACKAGE","#PROMPT_PING_CAREPACKAGE_SHORT","#PING_CAREPACKAGE","","ping_carePackage",true,true,true,true,"","","rui/hud/common/objective_marker","settings/itemflav/ping/ping_go.rpak",false
"xx","PING_CAREPACKAGE_INCOMING","","#PROMPT_PING_CAREPACKAGE","#PROMPT_PING_CAREPACKAGE_SHORT","#PING_CAREPACKAGE","","ping_carePackageincoming",true,false,true,false,"","","rui/hud/common/objective_marker","settings/itemflav/ping/ping_go.rpak",false
"xx","PING_SURVEYBEACON","! [jnel] changed generic ping_beacon to specifc ping_surveyBeacon","#PROMPT_PING_SURVEYBEACON","#PROMPT_PING_SURVEYBEACON_SHORT","#PING_SURVEYBEACON","","ping_surveyBeacon",true,true,true,true,"","","rui/hud/common/objective_marker","settings/itemflav/ping/ping_go.rpak",false
"xx","PING_HOVERTANK","","#PROMPT_PING_HOVERTANK","#PROMPT_PING_HOVERTANK_SHORT","#PING_HOVERTANK","","ping_supplyShip",true,true,true,true,"","","rui/hud/common/objective_marker","settings/itemflav/ping/ping_go.rpak",false
"xx","PING_FLYER","","#PROMPT_PING_FLYER","#PROMPT_PING_FLYER_SHORT","#PING_FLYER","","ping_flyer",true,true,true,true,"","","rui/hud/common/objective_marker","settings/itemflav/ping/ping_go.rpak",false
"xx","PING_FLYER_CAGED","","#PROMPT_PING_FLYER_CAGED","#PROMPT_PING_FLYER_CAGED_SHORT","#PING_FLYER_CAGED","","ping_flyerCaged",true,false,true,false,"","","rui/hud/common/objective_marker","settings/itemflav/ping/ping_go.rpak",false
"xx","PING_JUMPTOWER","","#PROMPT_PING_JUMPTOWER","#PROMPT_PING_JUMPTOWER_SHORT","#PING_JUMPTOWER","","ping_jumpTower",true,true,true,true,"","","rui/hud/common/objective_marker","settings/itemflav/ping/ping_go.rpak",false
"xx","PING_ZIPLINE","","#PROMPT_PING_ZIPLINE","#PROMPT_PING_ZIPLINE_SHORT","#PING_ZIPLINE","","ping_zipline",true,true,true,true,"","","rui/hud/common/objective_marker","settings/itemflav/ping/ping_go.rpak",false
"xx","PING_ZIPRAIL","","#PROMPT_PING_ZIPRAIL","#PROMPT_PING_ZIPRAIL_SHORT","#PING_ZIPRAIL","","ping_ziprail",true,true,true,true,"","","rui/hud/common/objective_marker","settings/itemflav/ping/ping_go.rpak",false
"xx","PING_ENEMY_SPOTTED_GENERAL","","#PROMPT_PING_ENEMY_SPOTTED_GENERAL","#PROMPT_PING_ENEMY_SPOTTED_GENERAL_SHORT","#PING_ENEMY_SPOTTED_GENERAL","","ping_spotEnemy",true,true,true,true,"","","rui/hud/ping/icon_ping_enemy","settings/itemflav/ping/ping_enemy.rpak",false
"xx","PING_ENEMY_SPOTTED_SPECIFIC","","#PROMPT_PING_ENEMY_SPOTTED_SPECIFIC","#PROMPT_PING_ENEMY_SPOTTED_SPECIFIC_SHORT","#PING_ENEMY_SPOTTED_SPECIFIC","","ping_spotEnemy",true,true,true,true,"","","rui/hud/ping/icon_ping_enemy","settings/itemflav/ping/ping_enemy.rpak",false
"!!DATA EXCLUDED!!","!!DATA EXCLUDED!!","","!!DATA EXCLUDED!!","!!DATA EXCLUDED!!","!!DATA EXCLUDED!!","","!!DATA EXCLUDED!!",true,false,false,false,"","","!!DATA EXCLUDED!!","!!DATA EXCLUDED!!",false
"!!DATA EXCLUDED!!","!!DATA EXCLUDED!!","","!!DATA EXCLUDED!!","!!DATA EXCLUDED!!","!!DATA EXCLUDED!!","","!!DATA EXCLUDED!!",true,false,false,false,"","","!!DATA EXCLUDED!!","!!DATA EXCLUDED!!",false
"xx","PING_ENEMY_SPOTTED_REVIVING","","#PROMPT_PING_ENEMY_SPOTTED_REVIVING","#PROMPT_PING_ENEMY_SPOTTED_REVIVING_SHORT","#PING_ENEMY_REVIVING","","ping_enemyReviving",true,true,true,true,"","","rui/hud/ping/icon_ping_enemy_reviving","settings/itemflav/ping/ping_enemy_reviving.rpak",false
"xx","PING_DEATHBOX_FROM_MAP_BY_DATAKNIFE","","#PROMPT_PING_DEATHBOX","#PROMPT_PING_DEATHBOX_SHORT","#PING_DEATHBOX_FROM_MAP_DATAKNIFE","","ping_deathBox",true,true,true,true,"","","rui/hud/common/objective_marker","settings/itemflav/ping/ping_go.rpak",false
"xx","PING_ENEMY_MARKED_BY_DATAKNIFE","","#PROMPT_PING_ENEMY_MARKED_DATAKNIFE","#PROMPT_PING_ENEMY_MARKED_DATAKNIFE_SHORT","#PING_ENEMY_MARKED_DATAKNIFE","","",true,true,true,true,"","","rui/hud/ping/icon_ping_enemy","settings/itemflav/ping/ping_enemy.rpak",false
"xx","PING_DEATHBOX_MARKED_BY_DATAKNIFE","","#PROMPT_PING_DEATHBOX","#PROMPT_PING_DEATHBOX_SHORT","#PING_DEATHBOX_MARKED_DATAKNIFE","","",true,true,true,true,"","","rui/hud/common/objective_marker","settings/itemflav/ping/ping_go.rpak",false
"xx","PING_ENEMY_SPOTTED_SHADOW","","#PROMPT_PING_ENEMY_SHADOW","#PROMPT_PING_ENEMY_SHADOW_SHORT","#PROMPT_PING_ENEMY_SHADOW","","ping_spotShadow",true,true,true,true,"","","rui/hud/ping/icon_ping_enemy","settings/itemflav/ping/ping_enemy.rpak",false
"!!DATA EXCLUDED!!","!!DATA EXCLUDED!!","","!!DATA EXCLUDED!!","!!DATA EXCLUDED!!","!!DATA EXCLUDED!!","","!!DATA EXCLUDED!!",true,true,false,false,"","","!!DATA EXCLUDED!!","!!DATA EXCLUDED!!",false
"xx","PING_ENEMY_NPC_SPECTRE","","#NPC_SPECTRE","#NPC_SPECTRE","#PING_ENEMY_NPC_SPECTRE","","ping_spotSpectre",true,true,true,true,"","","rui/hud/ping/icon_ping_enemy","settings/itemflav/ping/ping_enemy.rpak",false
"!!DATA EXCLUDED!!","!!DATA EXCLUDED!!","","!!DATA EXCLUDED!!","!!DATA EXCLUDED!!","!!DATA EXCLUDED!!","","!!DATA EXCLUDED!!",true,true,false,false,"","","!!DATA EXCLUDED!!","!!DATA EXCLUDED!!",false
"!!DATA EXCLUDED!!","!!DATA EXCLUDED!!","","!!DATA EXCLUDED!!","!!DATA EXCLUDED!!","!!DATA EXCLUDED!!","","!!DATA EXCLUDED!!",true,true,false,false,"","","!!DATA EXCLUDED!!","!!DATA EXCLUDED!!",false
"!!DATA EXCLUDED!!","!!DATA EXCLUDED!!","","!!DATA EXCLUDED!!","!!DATA EXCLUDED!!","!!DATA EXCLUDED!!","","!!DATA EXCLUDED!!",true,true,false,false,"","","!!DATA EXCLUDED!!","!!DATA EXCLUDED!!",false
"!!DATA EXCLUDED!!","!!DATA EXCLUDED!!","","!!DATA EXCLUDED!!","!!DATA EXCLUDED!!","!!DATA EXCLUDED!!","","!!DATA EXCLUDED!!",true,true,false,false,"","","!!DATA EXCLUDED!!","!!DATA EXCLUDED!!",false
"!!DATA EXCLUDED!!","!!DATA EXCLUDED!!","","!!DATA EXCLUDED!!","!!DATA EXCLUDED!!","!!DATA EXCLUDED!!","","!!DATA EXCLUDED!!",true,true,false,false,"","","!!DATA EXCLUDED!!","!!DATA EXCLUDED!!",false
"xx","PING_NPC_LOOT_TICK","","#PROMPT_PING_NPC_LOOT_TICK","#PROMPT_PING_NPC_LOOT_TICK","#PING_NPC_LOOT_TICK","","ping_lootTick",true,true,true,true,"","","rui/hud/ping/icon_ping_loot","settings/itemflav/ping/ping_looting.rpak",false
"!!DATA EXCLUDED!!","!!DATA EXCLUDED!!","","!!DATA EXCLUDED!!","!!DATA EXCLUDED!!","!!DATA EXCLUDED!!","","!!DATA EXCLUDED!!",true,true,false,false,"","","!!DATA EXCLUDED!!","!!DATA EXCLUDED!!",false
"xx","PING_ENEMY_NPC_SPIDER","","#PROMPT_PING_ENEMY_NPC_SPIDER","#PROMPT_PING_ENEMY_NPC_SPIDER","#PING_ENEMY_NPC_SPIDER","","ping_spotSpider",true,true,true,true,"","","rui/hud/ping/icon_ping_enemy","settings/itemflav/ping/ping_enemy.rpak",false
"xx","PING_ENEMY_NPC_PROWLER","","#PROMPT_PING_ENEMY_NPC_PROWLER","#PROMPT_PING_ENEMY_NPC_PROWLER","#PING_ENEMY_NPC_PROWLER","","ping_spotProwler",true,true,true,true,"","","rui/hud/ping/icon_ping_enemy","settings/itemflav/ping/ping_enemy.rpak",false
"!!DATA EXCLUDED!!","!!DATA EXCLUDED!!","","!!DATA EXCLUDED!!","!!DATA EXCLUDED!!","!!DATA EXCLUDED!!","","!!DATA EXCLUDED!!",true,true,false,false,"","","!!DATA EXCLUDED!!","!!DATA EXCLUDED!!",false
"xx","PING_NPC_MARVIN_STORY","","#PROMPT_PING_NPC_MARVIN","#PROMPT_PING_NPC_MARVIN","#PING_NPC_MARVIN","","ping_spotMarvin",true,true,true,true,"","FLAVOR_NPC_MARVIN","rui/hud/common/objective_marker","settings/itemflav/ping/ping_go.rpak",false
"xx","PING_NPC_MARVIN_LOOT","","#PROMPT_PING_NPC_MARVIN","#PROMPT_PING_NPC_MARVIN","#PING_NPC_MARVIN","","ping_lootMrvn",true,true,true,true,"","FLAVOR_NPC_MARVIN","rui/hud/ping/icon_ping_loot","settings/itemflav/ping/ping_looting.rpak",false
"xx","PING_ITEM_MARVIN_ARM","","#PROMPT_PING_NPC_MARVIN_ARM","#PROMPT_PING_NPC_MARVIN_ARM","#PING_NPC_MARVIN_ARM","","ping_mrvnArm",true,false,true,false,"","","rui/hud/loot/loot_marvin_arm","settings/itemflav/ping/ping_looting.rpak",false
"xx","PING_ENEMY_TRAP","","#PROMPT_PING_ENEMY_TRAP","#PROMPT_PING_ENEMY_TRAP_SHORT","#PING_ENEMY_TRAP","","ping_enemyTrap",true,true,true,true,"","","rui/hud/training/gauntlet_target","settings/itemflav/ping/ping_enemy.rpak",false
"xx","PING_ENEMY_SILENCE_BOMB","","#PROMPT_PING_ENEMY_SILENCE_BOMB","#PROMPT_PING_ENEMY_SILENCE_BOMB_SHORT","#PING_ENEMY_SILENCE_BOMB","","ping_silenceBomb",true,true,true,true,"","","rui/hud/training/gauntlet_target","settings/itemflav/ping/ping_enemy.rpak",false
"xx","PING_ENEMY_TESLA_TRAP","","#PROMPT_PING_ENEMY_FENCE","#PROMPT_PING_ENEMY_FENCE_SHORT","#PING_ENEMY_FENCE","","ping_fenceEnemy",true,true,true,true,"","","rui/hud/training/gauntlet_target","settings/itemflav/ping/ping_enemy.rpak",false
"xx","PING_TROPHY_SYSTEM","","#PROMPT_PING_ENEMY_INTERCEPTOR","#PROMPT_PING_ENEMY_INTERCEPTOR_SHORT","#PING_ENEMY_INTERCEPTOR","","ping_interceptor",true,true,true,true,"","","rui/hud/training/gauntlet_target","settings/itemflav/ping/ping_enemy.rpak",false
"xx","PING_TROPHY_SYSTEM_NEUTRAL","","#PROMPT_PING_NEUTRAL_INTERCEPTOR","#PROMPT_PING_NEUTRAL_INTERCEPTOR_SHORT","#PING_NEUTRAL_INTERCEPTOR","","ping_interceptor",true,true,true,true,"","","rui/hud/ping/icon_ping_watch","settings/itemflav/ping/ping_go.rpak",false
"xx","PING_ENEMY_SMOKE","","#PROMPT_PING_ENEMY_SMOKE","#PROMPT_PING_ENEMY_SMOKE_SHORT","#PING_ENEMY_SMOKE","","ping_smokeNeutral",true,true,true,true,"","","rui/hud/training/gauntlet_target","settings/itemflav/ping/ping_enemy.rpak",false
"xx","PING_TOXIC_GAS","","#PROMPT_PING_TOXIC_GAS","#PROMPT_PING_TOXIC_GAS_SHORT","#PING_TOXIC_GAS","","ping_enemyGas",true,true,true,true,"","","rui/hud/training/gauntlet_target","settings/itemflav/ping/ping_enemy.rpak",false
"xx","PING_ENEMY_SHIELD","! [jnel] changed ping_enemyShield to ping_shieldUp (there are no friendly/enemy shield lines)","#PROMPT_PING_ENEMY_SHIELD","#PROMPT_PING_ENEMY_SHIELD_SHORT","#PING_ENEMY_SHIELD","","ping_shieldUp",true,false,true,false,"","","rui/hud/training/gauntlet_target","settings/itemflav/ping/ping_enemy.rpak",false
"xx","PING_ENEMY_TELEPORTER","! [jnel] changed ping_enemyTeleporter to ping_portal","#PROMPT_PING_ENEMY_TELEPORTER","#PROMPT_PING_ENEMY_TELEPORTER_SHORT","#PING_ENEMY_TELEPORTER","","ping_portal",true,true,true,true,"","","rui/hud/training/gauntlet_target","settings/itemflav/ping/ping_enemy.rpak",false
"xx","PING_NEUTRAL_FENCE","","#PROMPT_PING_NEUTRAL_FENCE","#PROMPT_PING_NEUTRAL_FENCE_SHORT","#PING_NEUTRAL_FENCE","","ping_fenceNeutral",true,true,true,true,"","","rui/hud/common/objective_marker","settings/itemflav/ping/ping_go.rpak",false
"xx","PING_FRIENDLY_TRAP","","#PROMPT_PING_FRIENDLY_TRAP","#PROMPT_PING_FRIENDLY_TRAP_SHORT","#PING_FRIENDLY_TRAP","","ping_friendlyTrap",true,false,true,false,"","","rui/hud/common/objective_marker","settings/itemflav/ping/ping_go.rpak",false
"xx","PING_FRIENDLY_SHIELD","! [jnel] changed ping_friendlyShield to ping_shieldUp (there are no friendly/enemy shield lines)","#PROMPT_PING_FRIENDLY_SHIELD","#PROMPT_PING_FRIENDLY_SHIELD_SHORT","#PING_FRIENDLY_SHIELD","","ping_shieldUp",true,false,true,false,"","","rui/hud/tactical_icons/tactical_gibraltar","settings/itemflav/ping/ping_enemy.rpak",false
"xx","PING_FRIENDLY_TELEPORTER","! [jnel] changed ping_friendlyTeleporter to ping_portal","#PROMPT_PING_FRIENDLY_TELEPORTER","#PROMPT_PING_FRIENDLY_TELEPORTER_SHORT","#PING_FRIENDLY_TELEPORTER","","ping_portal",true,true,true,true,"","","rui/hud/ultimate_icons/ultimate_wraith","",false
"xx","PING_FRIENDLY_HEALTH","","#PROMPT_PING_FRIENDLY_HEALTH","#PROMPT_PING_FRIENDLY_HEALTH_SHORT","#PING_FRIENDLY_HEALTH","","ping_friendlyHealth",true,true,true,true,"","","rui/hud/ping/icon_ping_dronemedic","",false
"xx","PING_RESPAWN_MOBILE","","#PROMPT_PING_RESPAWN_STATION","#PROMPT_PING_RESPAWN_STATION_SHORT","#PING_RESPAWN_MOBILE","","ping_mobileRespawnBeacon",true,true,true,true,"","","","",false
"xx","PING_LOOT_RESPAWN_MOBILE","","","","#PING_LOOT","","ping_mobileRespawnBeacon",true,false,true,false,"","","","",false
"!!DATA EXCLUDED!!","!!DATA EXCLUDED!!","","!!DATA EXCLUDED!!","!!DATA EXCLUDED!!","!!DATA EXCLUDED!!","","!!DATA EXCLUDED!!",true,true,true,true,"","","","",false
"xx","PING_RESPAWN_STATION","! [jnel] changed ping_respawnChamber to specifc ping_respawnBeacon","#PROMPT_PING_RESPAWN_STATION","#PROMPT_PING_RESPAWN_STATION_SHORT","#PING_RESPAWN_STATION","","ping_respawnBeacon",true,true,true,true,"","","","",false
"xx","PING_RESPAWN_DROPSHIP","","#PROMPT_PING_RESPAWN_DROPSHIP","#PROMPT_PING_RESPAWN_DROPSHIP_SHORT","#PING_RESPAWN_DROPSHIP","","ping_dropship",true,false,true,false,"","","rui/hud/ping/icon_ping_watch","settings/itemflav/ping/ping_watching.rpak",false
"xx","PING_EVAC_DROPSHIP","","#PROMPT_PING_EVAC_DROPSHIP","#PROMPT_PING_EVAC_DROPSHIP_SHORT","#PING_EVAC_DROPSHIP","","ping_dropshipenter",true,false,true,false,"","","rui/hud/ping/icon_ping_watch","settings/itemflav/ping/ping_watching.rpak",false
"xx","PING_JUMP_PAD","","#PROMPT_PING_JUMP_PAD","#PROMPT_PING_JUMP_PAD_SHORT","#PING_JUMP_PAD","","ping_jumpPad",true,true,true,true,"","","rui/hud/ping/icon_ping_watch","settings/itemflav/ping/ping_go.rpak",false
"xx","PING_SKYDIVE_LAUNCHER","","#PROMPT_PING_SKYDIVE_LAUNCHER","#PROMPT_PING_SKYDIVE_LAUNCHER_SHORT","#PING_SKYDIVE_LAUNCHER","","ping_jumpPad",true,true,true,true,"","","rui/hud/ping/icon_ping_watch","settings/itemflav/ping/ping_go.rpak",false
"xx","PING_CRYPTO_DRONE","","#PROMPT_PING_CRYPTO_DRONE","#PROMPT_PING_CRYPTO_DRONE_SHORT","#PING_CRYPTO_DRONE","","ping_droneNeutral",true,true,true,true,"","","rui/hud/ping/icon_ping_watch","settings/itemflav/ping/ping_go.rpak",false
"xx","PING_RAMPART_WALL","","#PROMPT_PING_RAMPART_WALL","#PROMPT_PING_RAMPART_WALL_SHORT","#PING_RAMPART_WALL","","ping_barrierNeutral",true,true,true,true,"","","rui/hud/ping/icon_ping_watch","settings/itemflav/ping/ping_go.rpak",false
"xx","PING_RAMPART_TURRET","","#PROMPT_PING_RAMPART_TURRET","#PROMPT_PING_RAMPART_TURRET_SHORT","#PING_RAMPART_TURRET","","ping_turretNeutral",true,true,true,true,"","","rui/hud/ping/icon_ping_watch","settings/itemflav/ping/ping_go.rpak",false
"xx","CANCELED_PING","","#PROMPT_CANCELED_PING","","#CANCELED_PING","","ping_markerRedact",true,false,true,false,"","","rui/menu/dpad_comms/emoji/stop","",false
"xx","REPLY_JOIN","","#PROMPT_REPLY_JOIN","","#REPLY_JOIN","","ping_iWillJoin",true,false,true,false,"","","rui/menu/dpad_comms/emoji/toast_beer","",false
"xx","REPLY_YES","! [jnel] changed ping_yes to specifc ping_markerYes","#PROMPT_REPLY_YES","","#REPLY_YES","","ping_markerYes",true,false,true,false,"","","rui/hud/ping/icon_ping_yes","",false
"xx","REPLY_NO","! [jnel] changed ping_no to specifc ping_markerNo","#PROMPT_REPLY_NO","","#REPLY_NO","","ping_markerNo",true,false,true,false,"","","rui/menu/dpad_comms/emoji/stop","",false
"xx","REPLY_THANKS","! Needs urgent/calm","#PROMPT_REPLY_THANKS","","#REPLY_THANKS","","ping_thanks",false,false,false,false,"","","rui/hud/ping/icon_ping_yes","",false
"xx","REPLY_REVIVE_THANKS","","#PROMPT_REPLY_THANKS","","#REPLY_REVIVE_THANKS","","bc_reviveThanks",false,false,false,false,"","","rui/hud/ping/icon_ping_yes","",false
"xx","REPLY_WELCOME","","#PROMPT_REPLY_WELCOME","","#REPLY_WELCOME","","ping_youreWelcome",true,false,false,false,"","","rui/hud/ping/icon_ping_yes","",false
"xx","REPLY_REVIVE_WELCOME","","#PROMPT_REPLY_WELCOME_REVIVE","","#REPLY_WELCOME","","ping_reviveYoureWelcome",true,false,false,false,"","","rui/hud/ping/icon_ping_yes","",false
"xx","REPLY_WELCOME_ALT","","#PROMPT_REPLY_WELCOME","","#REPLY_WELCOME","","ping_youreWelcome",true,false,false,false,"","","rui/hud/ping/icon_ping_yes","",false
"xx","REPLY_REVIVE_WELCOME_ALT","","#PROMPT_REPLY_WELCOME_REVIVE","","#REPLY_WELCOME","","ping_reviveYoureWelcome",true,false,false,false,"","","rui/hud/ping/icon_ping_yes","",false
"xx","REPLY_I_CANNOT","! Needs new line.","#PROMPT_REPLY_I_CANNOT","","#REPLY_I_CANNOT","","ping_no",false,false,false,false,"","","rui/menu/dpad_comms/emoji/exclamation","",false
"xx","REPLY_COMING_TO_HELP","","#PROMPT_REPLY_COMING_TO_HELP","","#REPLY_COMING_TO_HELP","","ping_markerComingToHelp",true,false,true,false,"","","rui/hud/ping/icon_ping_yes","",false
"xx","REPLY_LOOT_DIBS","! [jnel] hooked up claim/dibs vo","#PROMPT_PING_DIBS","","#QUICKCHAT_DIBS","","ping_markerWantThat",true,false,true,false,"","FLAVOR_LOOT_DIBS","rui/menu/dpad_comms/emoji/clapping","",false
"xx","REPLY_LOOT_UNDIBS","","#PROMPT_PING_UNDIBS","","#CANCELED_PING","","ping_markerRedact",true,false,true,false,"","","rui/menu/dpad_comms/emoji/stop","",false
"xx","REPLY_RESPAWN_YES","","#PROMPT_REPLY_RESPAWN_YES","","#REPLY_RESPAWN_YES","","ping_grabCard",true,false,true,false,"","","rui/hud/ping/icon_ping_yes","",false
"xx","PING_MATERIALS","","#PROMPT_PING_MATERIALS","","#PING_MATERIALS","","ping_materials",true,true,true,true,"","","rui/hud/ping/icon_ping_crafting","settings/itemflav/ping/ping_crafting_harvester.rpak",false
"xx","PING_REPLICATOR","","#PROMPT_PING_REPLICATOR","PROMPT_PING_REPLICATOR_SHORT","#PING_REPLICATOR","","ping_replicator",true,true,true,true,"","","rui/hud/ping/icon_ping_crafting","settings/itemflav/ping/ping_crafting_workbench.rpak",false
"xx","PING_REPLICATOR_INCOMING","","#PROMPT_PING_REPLICATOR_INCOMING","","#PING_REPLICATOR_INCOMING","","ping_replicatorIncoming",true,false,true,false,"","","rui/hud/ping/icon_ping_crafting","settings/itemflav/ping/ping_crafting_workbench_airdropped.rpak",false
"xx","REPLY_CRAFTING_NEXT_HARVESTER_OR_WORKBENCH","","#PROMPT_REPLY_CRAFTING_NEXT","","","","",true,true,true,true,"","","rui/hud/ping/icon_ping_crafting","settings/itemflav/ping/ping_crafting_generic.rpak",false
"xx","REPLY_CRAFTING_PING_ALL_WORKBENCHES","","#PROMPT_REPLY_CRAFTING_NEXT","","","","",true,true,true,true,"","","rui/hud/ping/icon_ping_crafting","settings/itemflav/ping/ping_crafting_generic.rpak",false
"xx","QUICKCHAT_CELEBRATE","","#PROMPT_QUICKCHAT_NICE","","","","ping_celebrate",true,false,false,false,"","","rui/menu/dpad_comms/emoji/thumbsup","",false
"xx","QUICKCHAT_GG","","#PROMPT_QUICKCHAT_GG","","","","",false,false,false,false,"","","rui/menu/dpad_comms/emoji/thumbsup","",false
"xx","QUICKCHAT_INTRO_QUIP","","#PROMPT_QUICKCHAT_INTRO_QUIP","","","","",false,false,false,false,"","","rui/hud/ping/icon_ping_defense","",false
"xx","QUICKCHAT_KILL_QUIP","","#PROMPT_QUICKCHAT_KILL_QUIP","","","","",false,false,false,false,"","","rui/hud/ping/icon_ping_attack","",false
"xx","QUICKCHAT_NICE","! Needs urgent/calm","#PROMPT_QUICKCHAT_NICE","","#QUICKCHAT_NICE","","ping_nice",true,false,true,false,"","","rui/menu/dpad_comms/emoji/party_hat","",false
"xx","QUICKCHAT_THANKS","! Needs urgent/calm","#PROMPT_QUICKCHAT_THANKS","","#QUICKCHAT_THANKS","","ping_thanks",false,false,false,false,"","","rui/menu/dpad_comms/emoji/clapping","",false
"xx","QUICKCHAT_WAIT","! Needs urgent/calm","#PROMPT_QUICKCHAT_WAIT","","#QUICKCHAT_WAIT","","ping_markerWait",true,false,true,false,"","","rui/menu/dpad_comms/emoji/stop","",false
"xx","QUICKCHAT_WHAT_NOW","! Needs urgent/calm","#PROMPT_QUICKCHAT_WHAT_NOW","","#QUICKCHAT_WHAT_NOW","","ping_nextMove",false,false,false,false,"","","rui/menu/dpad_comms/emoji/dotdotdot","",false
"xx","QUICKCHAT_READY","! Needs urgent/calm","#PROMPT_QUICKCHAT_READY","","#QUICKCHAT_READY","","ping_ready",false,false,false,false,"","","rui/menu/dpad_comms/emoji/party_hat","",false
"xx","QUICKCHAT_STICK_TOGETHER","! Needs urgent/calm","#PROMPT_QUICKCHAT_STICK_TOGETHER","","#QUICKCHAT_STICK_TOGETHER","","auto_stickTogether",false,false,false,false,"","","rui/menu/dpad_comms/emoji/toast_beer","",false
"xx","QUICKCHAT_COVER_ME","! Needs urgent/calm","#PROMPT_QUICKCHAT_COVER_ME","","#QUICKCHAT_COVER_ME","","ping_coverme",false,false,false,false,"","","rui/menu/dpad_comms/emoji/lightning","",false
"xx","QUICKCHAT_REVIVING_PLAYER","","#PROMPT_QUICKCHAT_REVIVING_PLAYER","","#QUICKCHAT_REVIVING_PLAYER","","bc_revivingPlayer",false,false,false,false,"","","rui/menu/dpad_comms/speech_hud","",false
"xx","QUICKCHAT_BLEEDOUT_HELP","","#PROMPT_QUICKCHAT_BLEEDOUT_HELP","","#QUICKCHAT_BLEEDOUT_HELP","","ping_helpcall",false,false,false,false,"","","rui/menu/dpad_comms/speech_hud","",false
"xx","QUICKCHAT_BLEEDOUT_THANKS","","#PROMPT_QUICKCHAT_BLEEDOUT_THANKS","","#QUICKCHAT_BLEEDOUT_THANKS","","ping_thanks",false,false,false,false,"","","rui/menu/dpad_comms/speech_hud","",false
"xx","QUICKCHAT_BLEEDOUT_ITS_OVER","","#PROMPT_QUICKCHAT_BLEEDOUT_ITS_OVER","","#QUICKCHAT_BLEEDOUT_ITS_OVER","","ping_leaveMe",false,false,false,false,"","","rui/menu/dpad_comms/speech_hud","",false
"xx","QUICKCHAT_GET_ON_THE_DROPSHIP","","","","#QUICKCHAT_GET_ON_THE_DROPSHIP","","ping_dropshiphurry_calm",false,false,false,false,"","","rui/menu/dpad_comms/speech_hud","",false
"xx","QUICKCHAT_ULTIMATE_READY_FULL","","","","#QUICKCHAT_ULTIMATE_READY_FULL","","ping_ultupdate_isready",true,false,true,false,"","","rui/menu/dpad_comms/speech_hud","",false
"xx","QUICKCHAT_ULTIMATE_READY_ALMOST","","","","#QUICKCHAT_ULTIMATE_READY_ALMOST","","ping_ultupdate_almostready",true,false,true,false,"","","rui/menu/dpad_comms/speech_hud","",false
"xx","QUICKCHAT_ULTIMATE_READY_NOT","","","","#QUICKCHAT_ULTIMATE_READY_NOT","","ping_ultupdate_notready",true,false,true,false,"","","rui/menu/dpad_comms/speech_hud","",false
"xx","INVENTORY_NEED_AMMO_BULLET","! [jnel] changed to Light ammo","","","#INVENTORY_NEED_AMMO_BULLET","","ping_needAmmoLight",true,false,true,false,"","","","",false
"xx","INVENTORY_NEED_AMMO_SPECIAL","","","","#INVENTORY_NEED_AMMO_SPECIAL","","ping_needAmmoEnergyEmpty",true,false,true,false,"","","","",false
"xx","INVENTORY_NEED_AMMO_HIGHCAL","! [jnel] changed to heavy ammo","","","#INVENTORY_NEED_AMMO_HIGHCAL","","ping_needAmmoHeavy",true,false,true,false,"","","","",false
"xx","INVENTORY_NEED_AMMO_SHOTGUN","","","","#INVENTORY_NEED_AMMO_SHOTGUN","","ping_needAmmoShotgunEmpty",true,false,true,false,"","","","",false
"xx","INVENTORY_NEED_AMMO_SNIPER","","","","#INVENTORY_NEED_AMMO_SNIPER","","ping_needAmmoSniper",true,false,true,false,"","","","",false
"xx","INVENTORY_NEED_AMMO_ARROWS","","","","#INVENTORY_NEED_AMMO_ARROWS","","ping_needAmmoArrows",true,false,true,false,"","","","",false
"xx","INVENTORY_NO_AMMO_BULLET","","","","#INVENTORY_NEED_AMMO_BULLET","","ping_outOfAmmoLight",true,false,true,false,"","","","",false
"xx","INVENTORY_NO_AMMO_SPECIAL","","","","#INVENTORY_NEED_AMMO_SPECIAL","","ping_outOfAmmoEnergy",true,false,true,false,"","","","",false
"xx","INVENTORY_NO_AMMO_HIGHCAL","","","","#INVENTORY_NEED_AMMO_HIGHCAL","","ping_outOfAmmoHeavy",true,false,true,false,"","","","",false
"xx","INVENTORY_NO_AMMO_SHOTGUN","","","","#INVENTORY_NEED_AMMO_SHOTGUN","","ping_outOfAmmoShotgun",true,false,true,false,"","","","",false
"xx","INVENTORY_NO_AMMO_SNIPER","","","","#INVENTORY_NEED_AMMO_SNIPER","","ping_outOfAmmoSniper",true,false,true,false,"","","","",false
"xx","INVENTORY_NO_AMMO_ARROWS","","","","#INVENTORY_NEED_AMMO_ARROWS","","ping_outOfAmmoArrow",true,false,true,false,"","","","",false
"xx","INVENTORY_NEED_FIRST_WEAPON","","#PROMPT_QUICKCHAT_NEED_FIRST_WEAPON","","#INVENTORY_NEED_FIRST_WEAPON","","ping_needWeapon",true,false,true,false,"","","","",false
"xx","INVENTORY_NEED_ANOTHER_WEAPON","","#PROMPT_QUICKCHAT_NEED_ANOTHER_WEAPON","","#INVENTORY_NEED_ANOTHER_WEAPON","","ping_needWeapon",true,false,true,false,"","","","",false
"xx","INVENTORY_NEED_ARMOR","","#PROMPT_QUICKCHAT_NEED_ARMOR","","#INVENTORY_NEED_ARMOR","","ping_needBodyShield",true,false,true,false,"","","","",false
"xx","INVENTORY_NEED_HELMET","","#PROMPT_QUICKCHAT_NEED_HELMET","","#INVENTORY_NEED_HELMET","","ping_needHelmet",true,false,true,false,"","","","",false
"xx","INVENTORY_NEED_BACKPACK","","#PROMPT_QUICKCHAT_NEED_BACKPACK","","#INVENTORY_NEED_BACKPACK","","ping_needBackpack",true,false,true,false,"","","","",false
"xx","INVENTORY_NEED_HEALTH","","#PROMPT_QUICKCHAT_NEED_HEALTH","","#INVENTORY_NEED_HEALTH","","ping_needHealth",true,false,true,false,"","","","",false
"xx","INVENTORY_NEED_SHIELDS","","#PROMPT_QUICKCHAT_NEED_SHIELDS","","#INVENTORY_NEED_SHIELDS","","ping_needShields",true,false,true,false,"","","","",false
"xx","INVENTORY_NEED_THERMITE","","#PROMPT_QUICKCHAT_NEED_THERMITE","","#INVENTORY_NEED_THERMITE","","ping_needThermiteGrenade",true,false,true,false,"","","","",false
"xx","INVENTORY_NEED_INCAPSHIELD","","#PROMPT_QUICKCHAT_NEED_INCAPSHIELD","","#INVENTORY_NEED_INCAPSHIELD","","ping_needShieldKO",true,false,true,false,"","","","",false
"xx","INVENTORY_NEED_ATTACHMENT_MAG_BULLET","! [jnel] changed to Extended Light Mag","","","#INVENTORY_NEED_ATTACHMENT_MAG_BULLET","mag","ping_needAmmoMagLight",true,false,true,false,"","","","",false
"xx","INVENTORY_NEED_ATTACHMENT_MAG_SPECIAL","","","","#INVENTORY_NEED_ATTACHMENT_MAG_SPECIAL","mag","ping_needAmmoMagEnergy",true,false,true,false,"","","","",false
"xx","INVENTORY_NEED_ATTACHMENT_MAG_SHOTGUN","","","","#INVENTORY_NEED_ATTACHMENT_MAG_SHOTGUN","mag","ping_needShotgunBolt",true,false,true,false,"","","","",false
"xx","INVENTORY_NEED_ATTACHMENT_MAG_HIGHCAL","! [jnel] changed to Extended Heavy Mag","","","#INVENTORY_NEED_ATTACHMENT_MAG_HIGHCAL","mag","ping_needAmmoMagHeavy",true,false,true,false,"","","","",false
"xx","INVENTORY_NEED_ATTACHMENT_MAG_SNIPER","","","","#INVENTORY_NEED_ATTACHMENT_MAG_SNIPER","mag","ping_needAmmoMagSniper",true,false,true,false,"","","","",false
"xx","INVENTORY_NEED_ATTACHMENT_SIGHT_PISTOL","","","","#INVENTORY_NEED_ATTACHMENT_SIGHT_PISTOL","sight","ping_needOpticPistol",true,false,true,false,"","","","",false
"xx","INVENTORY_NEED_ATTACHMENT_SIGHT_SMG","","","","#INVENTORY_NEED_ATTACHMENT_SIGHT_SMG","sight","ping_needOpticSMG",true,false,true,false,"","","","",false
"xx","INVENTORY_NEED_ATTACHMENT_SIGHT_ASSAULT","","","","#INVENTORY_NEED_ATTACHMENT_SIGHT_ASSAULT","sight","ping_needOpticAssault",true,false,true,false,"","","","",false
"xx","INVENTORY_NEED_ATTACHMENT_SIGHT_LMG","","","","#INVENTORY_NEED_ATTACHMENT_SIGHT_LMG","sight","ping_needOpticLMG",true,false,true,false,"","","","",false
"xx","INVENTORY_NEED_ATTACHMENT_SIGHT_SHOTGUN","","","","#INVENTORY_NEED_ATTACHMENT_SIGHT_SHOTGUN","sight","ping_needOpticShotgun",true,false,true,false,"","","","",false
"xx","INVENTORY_NEED_ATTACHMENT_SIGHT_SNIPER","","","","#INVENTORY_NEED_ATTACHMENT_SIGHT_SNIPER","sight","ping_needOpticSniper",true,false,true,false,"","","","",false
"xx","INVENTORY_NEED_ATTACHMENT_SIGHT_MARKSMAN","","","","#INVENTORY_NEED_ATTACHMENT_SIGHT_MARKSMAN","sight","ping_needOpticMarksman",true,false,true,false,"","","","",false
"xx","INVENTORY_NEED_ATTACHMENT_GRIP_PISTOL","! Needs per-weapon-type lines [jnel] changed to tactical stock","","","#INVENTORY_NEED_ATTACHMENT_GRIP_PISTOL","grip","ping_needStockTactical",true,false,true,false,"","","","",false
"xx","INVENTORY_NEED_ATTACHMENT_GRIP_SMG","! Needs per-weapon-type lines [jnel] changed to tactical stock","","","#INVENTORY_NEED_ATTACHMENT_GRIP_SMG","grip","ping_needStockTactical",true,false,true,false,"","","","",false
"xx","INVENTORY_NEED_ATTACHMENT_GRIP_ASSAULT","! Needs per-weapon-type lines [jnel] changed to tactical stock","","","#INVENTORY_NEED_ATTACHMENT_GRIP_ASSAULT","grip","ping_needStockTactical",true,false,true,false,"","","","",false
"xx","INVENTORY_NEED_ATTACHMENT_GRIP_LMG","! Needs per-weapon-type lines [jnel] changed to tactical stock","","","#INVENTORY_NEED_ATTACHMENT_GRIP_LMG","grip","ping_needStockTactical",true,false,true,false,"","","","",false
"xx","INVENTORY_NEED_ATTACHMENT_GRIP_SHOTGUN","! Needs per-weapon-type lines [jnel] changed to tactical stock","","","#INVENTORY_NEED_ATTACHMENT_GRIP_SHOTGUN","grip","ping_needStockTactical",true,false,true,false,"","","","",false
"xx","INVENTORY_NEED_ATTACHMENT_GRIP_SNIPER","! Needs per-weapon-type lines [jnel] changed to sniper stock","","","#INVENTORY_NEED_ATTACHMENT_GRIP_SNIPER","grip","ping_needStockSniper",true,false,true,false,"","","","",false
"xx","INVENTORY_NEED_ATTACHMENT_GRIP_MARKSMAN","! Needs per-weapon-type lines [jnel] changed to sniper stock","","","#INVENTORY_NEED_ATTACHMENT_GRIP_MARKSMAN","grip","ping_needStockSniper",true,false,true,false,"","","","",false
"xx","INVENTORY_NEED_ATTACHMENT_BARREL_PISTOL","! Needs per-weapon-type lines","","","#INVENTORY_NEED_ATTACHMENT_BARREL_PISTOL","barrel","ping_needModBarrel",true,false,true,false,"","","","",false
"xx","INVENTORY_NEED_ATTACHMENT_BARREL_SMG","! Needs per-weapon-type lines","","","#INVENTORY_NEED_ATTACHMENT_BARREL_SMG","barrel","ping_needModBarrel",true,false,true,false,"","","","",false
"xx","INVENTORY_NEED_ATTACHMENT_BARREL_ASSAULT","! Needs per-weapon-type lines","","","#INVENTORY_NEED_ATTACHMENT_BARREL_ASSAULT","barrel","ping_needModBarrel",true,false,true,false,"","","","",false
"xx","INVENTORY_NEED_ATTACHMENT_BARREL_LMG","! Needs per-weapon-type lines","","","#INVENTORY_NEED_ATTACHMENT_BARREL_LMG","barrel","ping_needModBarrel",true,false,true,false,"","","","",false
"xx","INVENTORY_NEED_ATTACHMENT_BARREL_SHOTGUN","! Needs per-weapon-type lines","","","#INVENTORY_NEED_ATTACHMENT_BARREL_SHOTGUN","barrel","ping_needModBarrel",true,false,true,false,"","","","",false
"xx","INVENTORY_NEED_ATTACHMENT_BARREL_SNIPER","! Needs per-weapon-type lines","","","#INVENTORY_NEED_ATTACHMENT_BARREL_SNIPER","barrel","ping_needModBarrel",true,false,true,false,"","","","",false
"xx","INVENTORY_NEED_ATTACHMENT_BARREL_MARKSMAN","! Needs per-weapon-type lines","","","#INVENTORY_NEED_ATTACHMENT_BARREL_MARKSMAN","barrel","ping_needModBarrel",true,false,true,false,"","","","",false
"xx","INVENTORY_NEED_ATTACHMENT_LASERSIGHT_SMG","! Needs per-weapon-type lines","","","#INVENTORY_NEED_ATTACHMENT_LASERSIGHT_SMG","barrel","ping_needLaserSight",true,false,true,false,"","","","",false
"xx","INVENTORY_NEED_ATTACHMENT_LASERSIGHT_PISTOL","! Needs per-weapon-type lines","","","#INVENTORY_NEED_ATTACHMENT_LASERSIGHT_PISTOL","barrel","ping_needLaserSight",true,false,true,false,"","","","",false
"xx","INVENTORY_NEED_WEAPONATTACHMENT_HOPUP","! [jnel] changed from custom weap mod to HopUp","","","#INVENTORY_NEED_WEAPONATTACHMENT_HOPUP","hopup","ping_needHopUp",true,false,true,false,"","","","",false
"xx","INVENTORY_NEED_WEAPONATTACHMENT_HOPUP_MULTI_A","(dbocek) needs these extra actions to differentiate differentiate double hopup slots","","","#INVENTORY_NEED_WEAPONATTACHMENT_HOPUP","hopupMulti_a","ping_needHopUp",true,false,true,false,"","","","",false
"xx","INVENTORY_NEED_WEAPONATTACHMENT_HOPUP_MULTI_B","","","","#INVENTORY_NEED_WEAPONATTACHMENT_HOPUP","hopupMulti_b","ping_needHopUp",true,false,true,false,"","","","",false
"xx","INVENTORY_NEED_HOPUP_CHOKE","","","","#INVENTORY_NEED_WEAPONATTACHMENT_HOPUP","hopup","ping_needHopUp",true,false,true,false,"SUB_TYPE_CHOKE","","","",false
"xx","INVENTORY_NEED_HOPUP_SELECTFIRE","","","","#INVENTORY_NEED_WEAPONATTACHMENT_HOPUP","hopup","ping_needHopUp",true,false,true,false,"SUB_TYPE_SELECTFIRE","","","",false
"xx","INVENTORY_NEED_HOPUP_TURBOCHARGER","","","","#INVENTORY_NEED_WEAPONATTACHMENT_HOPUP","hopup","ping_needHopUp",true,false,true,false,"SUB_TYPE_TURBOCHARGER","","","",false
"xx","INVENTORY_NEED_HOPUP_SKULLPIERCER","","","","#INVENTORY_NEED_WEAPONATTACHMENT_HOPUP","hopup","ping_needHopUp",true,false,true,false,"SUB_TYPE_SKULLPIERCER","","","",false
"xx","INVENTORY_NEED_HOPUP_DISRUPTOR","","","","#INVENTORY_NEED_WEAPONATTACHMENT_HOPUP","hopup","ping_needHopUp",true,false,true,false,"SUB_TYPE_DISRUPTOR","","","",false
"xx","INVENTORY_NEED_HOPUP_HAMMERPOINT","","","","#INVENTORY_NEED_WEAPONATTACHMENT_HOPUP","hopup","ping_needHopUp",true,false,true,false,"SUB_TYPE_HAMMERPOINT","","","",false
"xx","INVENTORY_NEED_HOPUP_HIGHCAL_ROUNDS","","","","#INVENTORY_NEED_WEAPONATTACHMENT_HOPUP","hopup","ping_needHopUp",true,false,true,false,"SUB_TYPE_HIGHCAL_ROUNDS","","","",false
"xx","INVENTORY_NEED_HOPUP_DOUBLE_TAP","","","","#INVENTORY_NEED_WEAPONATTACHMENT_HOPUP","hopup","ping_needHopUp",true,false,true,false,"SUB_TYPE_DOUBLE_TAP","","","",false
"xx","INVENTORY_NEED_HOPUP_MARKSMANS_TEMPO","","","","#INVENTORY_NEED_WEAPONATTACHMENT_HOPUP","hopup hopupMulti_b","ping_needHopUp",true,false,true,false,"SUB_TYPE_MARKSMANS_TEMPO","","","",false
"xx","INVENTORY_NEED_HOPUP_QUICKDRAW_HOLSTER","","","","#INVENTORY_NEED_WEAPONATTACHMENT_HOPUP","hopup","ping_needHopUp",true,false,true,false,"SUB_TYPE_QUICKDRAW_HOLSTER","","","",false
"xx","INVENTORY_NEED_HOPUP_SHATTER_ROUNDS","","","","#INVENTORY_NEED_WEAPONATTACHMENT_HOPUP","hopup hopupMulti_a","ping_needHopUp",true,false,true,false,"SUB_TYPE_SHATTER_ROUNDS","","","",false
"xx","INVENTORY_NEED_HOPUP_BOOSTED_LOADER","","","","#INVENTORY_NEED_WEAPONATTACHMENT_HOPUP","hopup","ping_needHopUp",true,false,true,false,"SUB_TYPE_BOOSTED_LOADER","","","",false
"xx","INVENTORY_NEED_HOPUP_DUAL_SHELL","","","","#INVENTORY_NEED_WEAPONATTACHMENT_HOPUP","hopup","ping_needHopUp",true,false,true,false,"SUB_TYPE_DUAL_SHELL","","","",false
"xx","INVENTORY_NEED_HOPUP_KINETIC_FEEDER","","","","#INVENTORY_NEED_WEAPONATTACHMENT_HOPUP","hopup","ping_needHopUp",true,false,true,false,"SUB_TYPE_KINETIC_FEEDER","","","",false
"xx","WRAITH_WARN_TRAPS","","","","#WRAITH_WARN_TRAPS","","voiceReact_traps",false,false,false,false,"","","","",false
"xx","WRAITH_WARN_BOMBS","","","","#WRAITH_WARN_BOMBS","","voiceReact_bombs",false,false,false,false,"","","","",false
"xx","WRAITH_WARN_PING","","","","#WRAITH_WARN_PING","","voiceReact_ping",false,false,false,false,"","","","",false
"xx","WRAITH_WARN_KILLZONE","","","","#WRAITH_WARN_KILLZONE","","voiceReact_killzone",false,false,false,false,"","","","",false
"xx","WRAITH_WARN_WATCHED","","","","#WRAITH_WARN_WATCHED","","voiceReact_watched",false,false,false,false,"","","","",false
"xx","WRAITH_WARN_SEES_PLAYER","","","","#WRAITH_WARN_SEES_PLAYER","","voiceReact_seesPlayer",false,false,false,false,"","","","",false
"xx","WRAITH_WARN_SNIPER","","","","#WRAITH_WARN_SNIPER","","voiceReact_sniper",false,false,false,false,"","","","",false
"xx","WRAITH_WARN_HOSTILES","","","","#WRAITH_WARN_HOSTILES","","voiceReact_hostiles",false,false,false,false,"","","","",false
"xx","WRAITH_WARN_GRENADE","","","","#WRAITH_WARN_GRENADE","","voiceReact_grenade",false,false,false,false,"","","","",false
"xx","WRAITH_WARN_SURROUNDED","","","","#WRAITH_WARN_SURROUNDED","","voiceReact_surround",false,false,false,false,"","","","",false
"xx","BLOOHOUND_WARN_TRAVELER","","","","#BLOOHOUND_WARN_TRAVELER","","pingClue_traveler",false,false,true,false,"","","rui/hud/ping/icon_ping_someonesbeen","settings/itemflav/ping/ping_area_visited.rpak",false
"xx","BLOOHOUND_WARN_TRAVELER_RECENT","","","","#BLOOHOUND_WARN_TRAVELER_RECENT","","pingClue_travelerRecent",false,false,true,false,"","","rui/hud/ping/icon_ping_someonesbeen","settings/itemflav/ping/ping_area_visited.rpak",false
"xx","BLOOHOUND_WARN_BATTLE","","","","#BLOOHOUND_WARN_BATTLE","","pingClue_battle",false,false,true,false,"","","rui/hud/ping/icon_ping_battle","settings/itemflav/ping/ping_battle.rpak",false
"xx","BLOOHOUND_WARN_BATTLE_RECENT","","","","#BLOOHOUND_WARN_BATTLE_RECENT","","pingClue_battleRecent",false,false,true,false,"","","rui/hud/ping/icon_ping_battle","settings/itemflav/ping/ping_battle.rpak",false
"xx","BLOOHOUND_WARN_LOOTING","","","","#BLOOHOUND_WARN_LOOTING","","pingClue_looting",false,false,true,false,"","","rui/hud/ping/icon_ping_loot","settings/itemflav/ping/ping_looting.rpak",false
"xx","BLOOHOUND_WARN_LOOTING_RECENT","","","","#BLOOHOUND_WARN_LOOTING_RECENT","","pingClue_lootingRecent",false,false,true,false,"","","rui/hud/ping/icon_ping_loot","settings/itemflav/ping/ping_looting.rpak",false
"xx","BLOOHOUND_WARN_WOUNDED","","","","#BLOOHOUND_WARN_WOUNDED","","pingClue_wounded",false,false,true,false,"","","rui/hud/ping/icon_ping_wounded","settings/itemflav/ping/ping_wounded.rpak",false
"xx","BLOOHOUND_WARN_WOUNDED_RECENT","","","","#BLOOHOUND_WARN_WOUNDED_RECENT","","pingClue_woundedRecent",false,false,true,false,"","","rui/hud/ping/icon_ping_wounded","settings/itemflav/ping/ping_wounded.rpak",false
"xx","SPAWN_WORMHOLE","","","","","","",false,false,false,false,"","","rui/hud/ping/icon_ping_phase_tunnel","settings/itemflav/ping/ping_ent_phase_tunnel.rpak",false
"xx","SPAWN_DRONEMEDIC","","","","","","",false,false,false,false,"","","rui/hud/ping/icon_ping_dronemedic","settings/itemflav/ping/ping_ent_dronemedic.rpak",false
"xx","SPAWN_BREACH","","#PROMPT_PING_PHASE_BREACH","","","","",false,false,false,false,"","","rui/hud/ping/icon_ping_phase_tunnel","settings/itemflav/ping/ping_ent_phase_tunnel.rpak",false
"xx","PING_ENEMY_TETHERED","","","","","","",false,false,false,false,"","","rui/hud/poi_icons/poi_ash_tether","",false
"xx","ABILITY_BLACK_MARKET_NEUTRAL","","#PROMPT_PING_BLACK_MARKET","#PROMPT_PING_BLACK_MARKET_SHORT","#PING_BLACK_MARKET_NEUTRAL","","ping_blackMarketNeutral",true,true,true,true,"","","rui/hud/ping/icon_ping_black_market","settings/itemflav/ping/ping_ent_black_market.rpak",false
"xx","SPAWN_EVAC_SHIP","","#SHADOW_SQUAD_EVAC_ICON","#PROMPT_PING_GO_SHORT","","","",false,false,false,false,"","","rui/gamemodes/shadow_squad/evac_countdown","settings/itemflav/ping/ping_evac_ship.rpak",false
"xx","SPAWN_EVAC_ZONE","","#SHADOW_SQUAD_EVAC_ZONE","#SHADOW_SQUAD_ATTACK","","","",false,false,false,false,"","","rui/gamemodes/shadow_squad/evac_countdown","settings/itemflav/ping/ping_evac_ship.rpak",false
"xx","SHADOWFALL_NEMESIS","","#SHADOW_SQUAD_NEMESIS","","","","",false,false,false,false,"","","rui/hud/gametype_icons/ltm/enemy_nemesis","settings/itemflav/ping/ping_nemisis.rpak",false
"xx","SHADOWFALL_LEGEND_DEATH","","#SHADOW_SQUAD_LEGEND_DEATH","","","","",false,false,false,false,"","","rui/hud/gametype_icons/ltm/deathpos_skull_legend","settings/itemflav/ping/ping_legend_death.rpak",false
"xx","SHADOWFALL_SHADOW_DEATH","","#SHADOW_SQUAD_SHADOW_DEATH","","","","",false,false,false,false,"","","rui/hud/gametype_icons/ltm/deathpos_skull_default","settings/itemflav/ping/ping_shadow_death.rpak",false
"xx","SUB_TYPE_LEVEL1","","","","","","ping_typeLevel1",true,false,true,false,"","","","",false
"xx","SUB_TYPE_LEVEL2","","","","","","ping_typeLevel2",true,false,true,false,"","","","",false
"xx","SUB_TYPE_LEVEL3","","","","","","ping_typeLevel3",true,false,true,false,"","","","",false
"xx","SUB_TYPE_LEVEL4","","","","","","ping_typeLevel4",true,false,true,false,"","","","",false
"xx","SUB_TYPE_LEVEL5","","","","","","ping_typeLevel5",true,false,true,false,"","","","",false
"xx","SUB_TYPE_FULLYKITTED","","","","","","ping_typeFullyKitted",true,false,true,false,"","","","",false
"xx","SUB_TYPE_RAMPARTSPECIAL","","","","","","ping_typeRampartSpecial",true,false,true,false,"","","","",false
"xx","SUB_TYPE_RANGECLOSE","","","","","","ping_typeRangeClose",true,false,true,false,"","","","",false
"xx","SUB_TYPE_RANGEMID","","","","","","ping_typeRangeMid",true,false,true,false,"","","","",false
"xx","SUB_TYPE_RANGEFAR","","","","","","ping_typeRangeFar",true,false,true,false,"","","","",false
"xx","SUB_TYPE_RANGESNIPER","","","","","","ping_typeRangeSniper",true,false,true,false,"","","","",false
"xx","SUB_TYPE_CHOKE","","","","","","ping_typeChoke",true,false,true,false,"","","","",false
"xx","SUB_TYPE_SELECTFIRE","","","","","","ping_typeSelectfire",true,false,true,false,"","","","",false
"xx","SUB_TYPE_TURBOCHARGER","","","","","","ping_typeTurboCharger",true,false,true,false,"","","","",false
"xx","SUB_TYPE_SKULLPIERCER","","","","","","ping_typeSkullPiercer",true,false,true,false,"","","","",false
"xx","SUB_TYPE_DISRUPTOR","","","","","","ping_typeDisruptor",true,false,true,false,"","","","",false
"xx","SUB_TYPE_HAMMERPOINT","","","","","","ping_typeHammerPoint",true,false,true,false,"","","","",false
"xx","SUB_TYPE_HIGHCAL_ROUNDS","","","","","","ping_typeAnvilReceiver",true,false,true,false,"","","","",false
"xx","SUB_TYPE_DOUBLE_TAP","","","","","","ping_typeDoubleTap",true,false,true,false,"","","","",false
"xx","SUB_TYPE_MARKSMANS_TEMPO","","","","","","ping_typeTempo",true,false,true,false,"","","","",false
"xx","SUB_TYPE_QUICKDRAW_HOLSTER","","","","","","ping_typeQuickdraw",true,false,true,false,"","","","",false
"xx","SUB_TYPE_SHATTER_ROUNDS","","","","","","ping_typeShatterCaps",true,false,true,false,"","","","",false
"xx","SUB_TYPE_BOOSTED_LOADER","","","","","","ping_typeBoostedLoader",true,false,true,false,"","","","",false
"xx","SUB_TYPE_DUAL_SHELL","","","","","","ping_typeDualShell",true,false,true,false,"","","","",false
"xx","SUB_TYPE_KINETIC_FEEDER","","","","","","ping_typeKineticFeeder",true,false,true,false,"","","","",false
"xx","FLAVOR_WEAPON_KRABER","","","","","","ping_flavorKraber",true,false,false,false,"","","","",false
"xx","FLAVOR_WEAPON_MASTIFF","","","","","","ping_flavorMastiff",true,false,false,false,"","","","",false
"xx","FLAVOR_WEAPON_LSTAR","","","","","","ping_flavorLstar",true,false,false,false,"","","","",false
"xx","FLAVOR_WEAPON_ENERGY_AR","","","","","","ping_flavorHavoc",true,false,false,false,"","","","",false
"xx","FLAVOR_WEAPON_DEVOTION","","","","","","ping_flavorDevotion",true,false,false,false,"","","","",false
"xx","FLAVOR_WEAPON_TRIPLETAKE","","","","","","ping_flavorTripletake",true,false,false,false,"","","","",false
"xx","FLAVOR_WEAPON_FLATLINE","","","","","","ping_flavorFlatline",true,false,false,false,"","","","",false
"xx","FLAVOR_WEAPON_HEMLOK","","","","","","ping_flavorHemlok",true,false,false,false,"","","","",false
"xx","FLAVOR_WEAPON_G7","","","","","","ping_flavorG7",true,false,false,false,"","","","",false
"xx","FLAVOR_WEAPON_ALTERNATOR","","","","","","ping_flavorAlternator",true,false,false,false,"","","","",false
"xx","FLAVOR_WEAPON_R97","","","","","","ping_flavorR99",true,false,false,false,"","","","",false
"xx","FLAVOR_WEAPON_PROWLER","","","","","","ping_flavorProwler",true,false,false,false,"","","","",false
"xx","FLAVOR_WEAPON_DMR","","","","","","ping_flavorDmr",true,false,false,false,"","","","",false
"xx","FLAVOR_WEAPON_SPITFIRE","","","","","","ping_flavorSpitfire",true,false,false,false,"","","","",false
"xx","FLAVOR_WEAPON_R201","","","","","","ping_flavorR301",true,false,false,false,"","","","",false
"xx","FLAVOR_WEAPON_EVA","","","","","","ping_flavorEva",true,false,false,false,"","","","",false
"xx","FLAVOR_WEAPON_PEACEKEEPER","","","","","","ping_flavorPeacekeeper",true,false,false,false,"","","","",false
"xx","FLAVOR_WEAPON_MOZAMBIQUE","","","","","","ping_flavorMozambique",true,false,false,false,"","","","",false
"xx","FLAVOR_WEAPON_WINGMAN","","","","","","ping_flavorWingman",true,false,false,false,"","","","",false
"xx","FLAVOR_WEAPON_SEMIPISTOL","","","","","","ping_flavorP2020",true,false,false,false,"","","","",false
"xx","FLAVOR_WEAPON_AUTOPISTOL","","","","","","ping_flavorRE45",true,false,false,false,"","","","",false
"xx","FLAVOR_WEAPON_SENTINEL","","","","","","ping_flavorSentinel",true,false,false,false,"","","","",false
"xx","FLAVOR_WEAPON_BOCEK","","","","","","ping_flavorBocek",true,false,false,false,"","","","",false
"xx","FLAVOR_WEAPON_3030","","","","","","ping_flavor3030",true,false,false,false,"","","","",false
"xx","FLAVOR_WEAPON_DRAGON","","","","","","ping_flavorRampage",true,false,false,false,"","","","",false
"!!DATA EXCLUDED!!","!!DATA EXCLUDED!!","","","","","","!!DATA EXCLUDED!!",true,false,false,false,"","","","",false
"xx","FLAVOR_WEAPON_NEMESIS","","","","","","ping_flavorNemesis",true,false,true,false,"","","","",false
"xx","FLAVOR_WEAPON_THROWINGKNIFE","","","","","","ping_flavorThrowingKnife",true,false,true,false,"","","","",false
"xx","FLAVOR_OFFHAND_GRENADE_FIRESTAR","","","","","","ping_flavorThermite",true,false,false,false,"","","","",false
"xx","FLAVOR_OFFHAND_GRENADE_FRAG","","","","","","ping_flavorFrag",true,false,false,false,"","","","",false
"xx","FLAVOR_OFFHAND_GRENADE_ARC","","","","","","ping_flavorArcStar",true,false,false,false,"","","","",false
"xx","FLAVOR_AMMO_SPECIAL","","","","","","ping_flavorAmmoEnergy",true,false,false,false,"","","","",false
"xx","FLAVOR_AMMO_SHOTGUN","","","","","","ping_flavorAmmoShotgun",true,false,false,false,"","","","",false
"xx","FLAVOR_EQUIPMENT_ARMOR_1","","","","","","ping_flavorBodyShield",true,false,false,false,"","","","",false
"xx","FLAVOR_EQUIPMENT_ARMOR_2","","","","","","ping_flavorBodyShield",true,false,false,false,"","","","",false
"xx","FLAVOR_EQUIPMENT_ARMOR_3","","","","","","ping_flavorBodyShield",true,false,false,false,"","","","",false
"xx","FLAVOR_EQUIPMENT_ARMOR_4","","","","","","ping_flavorBodyShield",true,false,false,false,"","","","",false
"xx","FLAVOR_EQUIPMENT_ARMOR_1_EVO","","","","","","ping_flavorShieldEVO",true,false,false,false,"","","","",false
"xx","FLAVOR_EQUIPMENT_ARMOR_2_EVO","","","","","","ping_flavorShieldEVO",true,false,false,false,"","","","",false
"xx","FLAVOR_EQUIPMENT_ARMOR_3_EVO","","","","","","ping_flavorShieldEVO",true,false,false,false,"","","","",false
"xx","FLAVOR_EQUIPMENT_ARMOR_4_EVO","","","","","","ping_flavorShieldEVO",true,false,false,false,"","","","",false
"xx","FLAVOR_EQUIPMENT_HELMET_1","","","","","","ping_flavorHelmet",true,false,false,false,"","","","",false
"xx","FLAVOR_EQUIPMENT_HELMET_2","","","","","","ping_flavorHelmet",true,false,false,false,"","","","",false
"xx","FLAVOR_EQUIPMENT_HELMET_3","","","","","","ping_flavorHelmet",true,false,false,false,"","","","",false
"xx","FLAVOR_EQUIPMENT_HELMET_4","","","","","","ping_flavorHelmet",true,false,false,false,"","","","",false
"xx","FLAVOR_EQUIPMENT_INCAPSHIELD_1","","","","","","ping_flavorShieldKO",true,false,false,false,"","","","",false
"xx","FLAVOR_EQUIPMENT_INCAPSHIELD_2","","","","","","ping_flavorShieldKO",true,false,false,false,"","","","",false
"xx","FLAVOR_EQUIPMENT_INCAPSHIELD_3","","","","","","ping_flavorShieldKO",true,false,false,false,"","","","",false
"xx","FLAVOR_EQUIPMENT_INCAPSHIELD_4","","","","","","ping_flavorShieldKO",true,false,false,false,"","","","",false
"xx","FLAVOR_ATTACHMENT_OPTIC_CQ_HCOG_1","","","","","","ping_flavorOptic",true,false,false,false,"","","","",false
"xx","FLAVOR_ATTACHMENT_OPTIC_CQ_HCOG_2","","","","","","ping_flavorOptic",true,false,false,false,"","","","",false
"xx","FLAVOR_ATTACHMENT_OPTIC_CQ_HOLOSIGHT_1","","","","","","ping_flavorOptic",true,false,false,false,"","","","",false
"xx","FLAVOR_ATTACHMENT_OPTIC_CQ_HOLOSIGHT_2","","","","","","ping_flavorOptic",true,false,false,false,"","","","",false
"xx","FLAVOR_ATTACHMENT_OPTIC_CQ_THREAT","","","","","","ping_flavorOpticThreat",true,false,false,false,"","","","",false
"xx","FLAVOR_ATTACHMENT_OPTIC_RANGED_HCOG","","","","","","ping_flavorOptic",true,false,false,false,"","","","",false
"xx","FLAVOR_ATTACHMENT_OPTIC_RANGED_AOG","","","","","","ping_flavorOpticVariable",true,false,false,false,"","","","",false
"xx","FLAVOR_ATTACHMENT_OPTIC_SNIPER","","","","","","ping_flavorOptic",true,false,false,false,"","","","",false
"xx","FLAVOR_ATTACHMENT_OPTIC_SNIPER_VARIABLE","","","","","","ping_flavorOpticVariable",true,false,false,false,"","","","",false
"xx","FLAVOR_ATTACHMENT_OPTIC_SNIPER_THREAT","","","","","","ping_flavorOptic",true,false,false,false,"","","","",false
"xx","FLAVOR_ATTACHMENT_MAG_BULLET_1","","","","","","ping_flavorAmmoMag",true,false,false,false,"","","","",false
"xx","FLAVOR_ATTACHMENT_MAG_BULLET_2","","","","","","ping_flavorAmmoMag",true,false,false,false,"","","","",false
"xx","FLAVOR_ATTACHMENT_MAG_BULLET_3","","","","","","ping_flavorAmmoMag",true,false,false,false,"","","","",false
"xx","FLAVOR_ATTACHMENT_MAG_HIGHCAL_1","","","","","","ping_flavorAmmoMag",true,false,false,false,"","","","",false
"xx","FLAVOR_ATTACHMENT_MAG_HIGHCAL_2","","","","","","ping_flavorAmmoMag",true,false,false,false,"","","","",false
"xx","FLAVOR_ATTACHMENT_MAG_HIGHCAL_3","","","","","","ping_flavorAmmoMag",true,false,false,false,"","","","",false
"xx","FLAVOR_ATTACHMENT_MAG_SNIPER_1","","","","","","ping_flavorAmmoMagSniper",true,false,false,false,"","","","",false
"xx","FLAVOR_ATTACHMENT_MAG_SNIPER_2","","","","","","ping_flavorAmmoMagSniper",true,false,false,false,"","","","",false
"xx","FLAVOR_ATTACHMENT_MAG_SNIPER_3","","","","","","ping_flavorAmmoMagSniper",true,false,false,false,"","","","",false
"xx","FLAVOR_ATTACHMENT_SHOTGUN_BOLT_1","","","","","","ping_flavorShotgunBolt",true,false,false,false,"","","","",false
"xx","FLAVOR_ATTACHMENT_SHOTGUN_BOLT_2","","","","","","ping_flavorShotgunBolt",true,false,false,false,"","","","",false
"xx","FLAVOR_ATTACHMENT_SHOTGUN_BOLT_3","","","","","","ping_flavorShotgunBolt",true,false,false,false,"","","","",false
"xx","FLAVOR_ATTACHMENT_STOCK_STANDARD_1","","","","","","ping_flavorStockTactical",true,false,false,false,"","","","",false
"xx","FLAVOR_ATTACHMENT_STOCK_STANDARD_2","","","","","","ping_flavorStockTactical",true,false,false,false,"","","","",false
"xx","FLAVOR_ATTACHMENT_STOCK_STANDARD_3","","","","","","ping_flavorStockTactical",true,false,false,false,"","","","",false
"xx","FLAVOR_ATTACHMENT_STOCK_SNIPER_1","","","","","","ping_flavorStockSniper",true,false,false,false,"","","","",false
"xx","FLAVOR_ATTACHMENT_STOCK_SNIPER_2","","","","","","ping_flavorStockSniper",true,false,false,false,"","","","",false
"xx","FLAVOR_ATTACHMENT_STOCK_SNIPER_3","","","","","","ping_flavorStockSniper",true,false,false,false,"","","","",false
"xx","FLAVOR_ATTACHMENT_BARREL_STABILIZER_1","","","","","","ping_flavorBarrelStabilizer",true,false,false,false,"","","","",false
"xx","FLAVOR_ATTACHMENT_BARREL_STABILIZER_2","","","","","","ping_flavorBarrelStabilizer",true,false,false,false,"","","","",false
"xx","FLAVOR_ATTACHMENT_BARREL_STABILIZER_3","","","","","","ping_flavorBarrelStabilizer",true,false,false,false,"","","","",false
"xx","FLAVOR_ATTACHMENT_BARREL_STABILIZER_4_FLASH_HIDER","","","","","","ping_flavorFlashHider",true,false,false,false,"","","","",false
"xx","FLAVOR_ATTACHMENT_LASER_SIGHT_1","","","","","","ping_flavorLaserSight",true,false,false,false,"","","","",false
"xx","FLAVOR_ATTACHMENT_LASER_SIGHT_2","","","","","","ping_flavorLaserSight",true,false,false,false,"","","","",false
"xx","FLAVOR_ATTACHMENT_LASER_SIGHT_3","","","","","","ping_flavorLaserSight",true,false,false,false,"","","","",false
"xx","FLAVOR_ATTACHMENT_LASER_SIGHT_4","","","","","","ping_flavorLaserSight",true,false,false,false,"","","","",false
"xx","FLAVOR_ATTACHMENT_HOPUP_TURBOCHARGER","","","","","","ping_flavorTurboCharger",true,false,false,false,"","","","",false
"xx","FLAVOR_ATTACHMENT_HOPUP_SELECTFIRE","","","","","","ping_flavorSelectfire",true,false,false,false,"","","","",false
"xx","FLAVOR_ATTACHMENT_HOPUP_ENERGY_CHOKE","","","","","","ping_flavorChoke",true,false,false,false,"","","","",false
"xx","FLAVOR_ATTACHMENT_HOPUP_HEADSHOT_DMG","","","","","","ping_flavorSkullPiercer",true,false,false,false,"","","","",false
"xx","FLAVOR_ITEM_COMBO_FULL","","","","","","ping_flavorPhoenixKit",true,false,false,false,"","","","",false
"xx","FLAVOR_ITEM_HEALTH_SMALL","","","","","","ping_flavorSyringe",true,false,false,false,"","","","",false
"xx","FLAVOR_ITEM_HEALTH_MEDIUM","","","","","","ping_flavorMedKit",true,false,false,false,"","","","",false
"xx","FLAVOR_ITEM_HEALTH_LARGE","","","","","","ping_flavorMedKit",true,false,false,false,"","","","",false
"xx","FLAVOR_ITEM_HEALTH_SYRINGE","","","","","","ping_flavorSyringe",true,false,false,false,"","","","",false
"xx","FLAVOR_ITEM_ULTIMATE_ENERGY","","","","","","ping_flavorAccelerant",true,false,false,false,"","","","",false
"xx","FLAVOR_EQUIPMENT_BACKPACK_1","","","","","","ping_flavorBackpack",true,false,false,false,"","","","",false
"xx","FLAVOR_EQUIPMENT_BACKPACK_2","","","","","","ping_flavorBackpack",true,false,false,false,"","","","",false
"xx","FLAVOR_EQUIPMENT_BACKPACK_3","","","","","","ping_flavorBackpack",true,false,false,false,"","","","",false
"xx","FLAVOR_EQUIPMENT_BACKPACK_4","","","","","","ping_flavorBackpack",true,false,false,false,"","","","",false
"xx","FLAVOR_LOOT_DIBS","","","","","","ping_flavorMarkerWantThat",true,false,false,false,"","","","",false
"xx","FLAVOR_NPC_MARVIN","","","","","","ping_flavorSpotMarvin",true,true,false,false,"","","","",false
"!!DATA EXCLUDED!!","!!DATA EXCLUDED!!","","","","!!DATA EXCLUDED!!","","",true,false,true,false,"","","","",false
"xx","PING_ITEM_DATA_KNIFE","","","","#PING_LOOT","","ping_vaultKey",true,false,true,false,"","","","",false
"xx","PING_HOVERVEHICLE","","#PROMPT_PING_HOVERVEHICLE","#PROMPT_PING_HOVERVEHICLE_SHORT","#PING_HOVERVEHICLE","","ping_tridentEnter",true,true,true,true,"","","","settings/itemflav/ping/ping_hovervehicle.rpak",false
"xx","PING_HOVERVEHICLE_ALLY","","#PROMPT_PING_HOVERVEHICLE","#PROMPT_PING_HOVERVEHICLE_SHORT","#PING_HOVERVEHICLE_ALLY","","ping_trident",true,true,true,true,"","","","settings/itemflav/ping/ping_hovervehicle.rpak",false
"xx","PING_HOVERVEHICLE_ENEMY","","#PROMPT_PING_HOVERVEHICLE_ENEMY","#PROMPT_PING_HOVERVEHICLE_ENEMY_SHORT","#PING_HOVERVEHICLE_ENEMY","","ping_tridentEnemy",true,true,true,true,"","","","settings/itemflav/ping/ping_hovervehicle_enemy.rpak",false
"xx","PING_HOVERVEHICLE_NAG","","#PROMPT_PING_HOVERVEHICLE_NAG","#PROMPT_PING_HOVERVEHICLE_NAG_SHORT","#PING_HOVERVEHICLE_NAG","","ping_tridentHurry",true,false,false,false,"","","","settings/itemflav/ping/ping_hovervehicle.rpak",false
"xx","PING_LOOT_DRONE","","#PROMPT_PING_LOOT_DRONE","#PROMPT_PING_LOOT_DRONE_SHORT","#PING_LOOT_DRONE","","ping_cargoBot",true,true,true,true,"","","rui/hud/ping/icon_ping_attack","settings/itemflav/ping/ping_attacking.rpak",false
"xx","PING_LOOT_ROLLER","","#PROMPT_PING_LOOT_ROLLER","#PROMPT_PING_LOOT_ROLLER_SHORT","#PING_LOOT_ROLLER","","ping_cargo",true,true,true,true,"","","rui/hud/ping/icon_ping_loot","settings/itemflav/ping/ping_looting.rpak",false
"xx","PING_LOOT_VAULT","","#PROMPT_PING_LOOT_VAULT","#PROMPT_PING_LOOT_VAULT_SHORT","#PING_LOOT_VAULT","","ping_vaultLoot",true,true,true,true,"SUB_TYPE_VAULT_KEY_NEED","","rui/hud/ping/icon_ping_loot","settings/itemflav/ping/ping_looting.rpak",false
"xx","PING_LOOT_VAULT_HAS_KEY_SQUAD","","#PROMPT_PING_LOOT_VAULT","#PROMPT_PING_LOOT_VAULT_SHORT","#PING_LOOT_VAULT_HAS_KEY","","ping_vaultLoot",true,true,true,true,"SUB_TYPE_VAULT_KEY_HAS_SQUAD","","rui/hud/ping/icon_ping_loot","settings/itemflav/ping/ping_looting.rpak",false
"xx","PING_LOOT_VAULT_HAS_KEY_SELF","","#PROMPT_PING_LOOT_VAULT","#PROMPT_PING_LOOT_VAULT_SHORT","#PING_LOOT_VAULT_HAS_KEY","","ping_vaultLoot",true,true,true,true,"SUB_TYPE_VAULT_KEY_HAS_SELF","","rui/hud/ping/icon_ping_loot","settings/itemflav/ping/ping_looting.rpak",false
"xx","PING_LOOT_VAULT_OPEN","","#PROMPT_PING_LOOT_VAULT","#PROMPT_PING_LOOT_VAULT_SHORT","#PING_LOOT_VAULT_OPEN","","ping_vaultLoot",true,true,true,true,"","","rui/hud/ping/icon_ping_loot","settings/itemflav/ping/ping_looting.rpak",false
"xx","PING_LOOT_VAULT_REVEAL","","#PROMPT_PING_LOOT_VAULT","#PROMPT_PING_LOOT_VAULT_SHORT","#PING_LOOT_VAULT_REVEAL","","ping_vaultLoot",true,true,true,true,"","","rui/hud/ping/icon_ping_loot","settings/itemflav/ping/ping_looting.rpak",false
"xx","SUB_TYPE_VAULT_KEY_NEED","","","","","","ping_typeKeyNeed",true,false,true,false,"","","","",false
"xx","SUB_TYPE_VAULT_KEY_HAS_SQUAD","","","","","","ping_typeKeyHaveSquad",true,false,true,false,"","","","",false
"xx","SUB_TYPE_VAULT_KEY_HAS_SELF","","","","","","ping_typeKeyHaveSelf",true,false,true,false,"","","","",false
"xx","PING_TRAIN","","#PROMPT_PING_TRAIN","#PROMPT_PING_TRAIN_SHORT","#PING_TRAIN","","ping_train",true,true,true,true,"","","rui/hud/common/objective_marker","settings/itemflav/ping/ping_go.rpak",false
"xx","PING_GEYSER","","#PROMPT_PING_GEYSER","#PROMPT_PING_GEYSER_SHORT","#PING_GEYSER","","ping_geyser",true,true,true,true,"","","rui/hud/common/objective_marker","settings/itemflav/ping/ping_go.rpak",false
"xx","PING_LAVA","","#PROMPT_PING_LAVA","#PROMPT_PING_LAVA_SHORT","#PING_LAVA","","ping_lava",true,true,true,true,"","","rui/hud/common/objective_marker","settings/itemflav/ping/ping_go.rpak",false
"xx","PING_SPAWNREGION","","#PROMPT_PING_SPAWNREGION","#PROMPT_PING_SPAWNREGION_SHORT","#PING_SPAWNREGION","","ping_spawnregion",true,true,true,true,"","","","settings/itemflav/ping/ping_spawn_region.rpak",false
"xx","REPLY_SPAWNREGION","","#PROMPT_REPLY_SPAWN_HERE","","#REPLY_SPAWNREGION","","ping_spawnregionreply",true,false,true,false,"","","","",false
"xx","PING_TRAINOBJECTIVE","","#PROMPT_PING_TRAINOBJECTIVE","#PROMPT_PING_TRAINOBJECTIVE_SHORT","#PING_TRAINOBJECTIVE","","ping_trainobjective",true,true,true,true,"","","","settings/itemflav/ping/ping_train_objective.rpak",false
"xx","PING_STATION","","#PROMPT_PING_STATION","#PROMPT_PING_STATION_SHORT","#PING_STATION","","ping_station",true,true,true,true,"","","","settings/itemflav/ping/ping_station.rpak",false
"xx","PING_OBJECTIVE","","#PROMPT_PING_OBJECTIVE","#PROMPT_PING_OBJECTIVE_SHORT","#PING_OBJECTIVE","","ping_objective",true,true,true,true,"","","","settings/itemflav/ping/ping_objective.rpak",false
"xx","PING_DEATH_TOTEM_NEUTRAL","","#PROMPT_PING_DEATH_TOTEM","#PROMPT_PING_DEATH_TOTEM_SHORT","#PING_DEATH_TOTEM","","ping_totemneutral",true,true,true,true,"","","rui/hud/ping/icon_ping_watch","settings/itemflav/ping/ping_go.rpak",false
"xx","PING_ITEM_TREASURE_BOX","","","","#PING_LOOT","","ping_foundtreasurepack",true,false,true,false,"","","","",false
"xx","QUEST_OBJECTIVE","","","","","","",false,false,false,false,"","","rui/hud/ping/icon_ping_quest_outer","settings/itemflav/ping/ping_quest_objective.rpak",false
"xx","QUEST_DRILL","","#FREELANCE_EXTRACTOR","","","","",false,false,false,false,"","","rui/hud/ping/icon_ping_quest_drill","settings/itemflav/ping/ping_quest_drill.rpak",false
"xx","PING_CHARGE_PYLON","","#PROMPT_PING_CHARGE_PYLON","#PROMPT_PING_CHARGE_PYLON","#PING_CHARGE_PYLON","","ping_chargeTower",true,true,true,true,"","","rui/hud/common/objective_marker","settings/itemflav/ping/ping_go.rpak",false
"xx","PING_BANNER_ENEMYCOUNT_0","","","","#PING_DRONE_ALERT_ENEMIES_0","","ping_droneAlertSquadsNone",true,false,true,false,"","","rui/hud/ping/icon_ping_someonesbeen","settings/itemflav/ping/ping_area_visited.rpak",false
"xx","PING_BANNER_ENEMYCOUNT_1","","","","#PING_DRONE_ALERT_ENEMIES_1","","ping_droneAlertSquadsOne",true,false,true,false,"","","rui/hud/ping/icon_ping_someonesbeen","settings/itemflav/ping/ping_area_visited.rpak",false
"xx","PING_BANNER_ENEMYCOUNT_2","","","","#PING_DRONE_ALERT_ENEMIES_2","","ping_droneAlertSquadsTwo",true,false,true,false,"","","rui/hud/ping/icon_ping_someonesbeen","settings/itemflav/ping/ping_area_visited.rpak",false
"xx","PING_BANNER_ENEMYCOUNT_3","","","","#PING_DRONE_ALERT_ENEMIES_3","","ping_droneAlertSquadsThree",true,false,true,false,"","","rui/hud/ping/icon_ping_someonesbeen","settings/itemflav/ping/ping_area_visited.rpak",false
"xx","PING_BANNER_ENEMYCOUNT_MANY","","","","#PING_DRONE_ALERT_ENEMIES_MANY","","ping_droneAlertSquadsMany",true,false,true,false,"","","rui/hud/ping/icon_ping_someonesbeen","settings/itemflav/ping/ping_area_visited.rpak",false
"xx","PING_WEAPON_3030","","","","#PING_LOOT","","ping_found3030",true,false,true,false,"","FLAVOR_WEAPON_3030","","",false
"xx","PING_OFFHAND_VOID_RING","","","","#PING_LOOT","","ping_heatShield",true,false,true,false,"","","","",false
"xx","PING_DEPLOYED_VOID_RING","","#PROMPT_PING_DEPLOYED_VOID_RING","#PROMPT_PING_DEPLOYED_VOID_RING_SHORT","#PING_DEPLOYED_VOID_RING","","ping_heatShieldDeployed",true,true,true,true,"","","rui/hud/common/objective_marker","settings/itemflav/ping/ping_go.rpak",false
"xx","INVENTORY_NEED_GADGET","","#PROMPT_QUICKCHAT_NEED_GADGET","","#INVENTORY_NEED_GADGET","","ping_needSurvivalItem",true,false,true,false,"","","","",false
"xx","INVENTORY_HAS_MOBILE_RESPAWN_BEACON","","#PROMPT_QUICKCHAT_HAS_MOBILE_RESPAWN","","#INVENTORY_HAS_MOBILE_RESPAWN_BEACON","","ping_mobileRespawnBeaconHave",true,false,true,false,"","","","",false
"xx","INVENTORY_HAS_VOID_RING","","#PROMPT_QUICKCHAT_HAS_VOID_RING","","#INVENTORY_HAS_VOID_RING","","ping_heatShieldHave",true,false,true,false,"","","","",false
"xx","PING_VALK_ULT_COME_HERE","","#PROMPT_PING_VALK_ULT_COME_HERE","#PROMPT_PING_VALK_ULT_COME_HERE","#PROMPT_PING_VALK_ULT_COME_HERE","","bc_superSquadJoin",false,false,false,false,"","","rui/hud/common/objective_marker","",false
"xx","PING_VALK_ULT_ENEMY_TAKING_OFF","","#PROMPT_PING_VALK_ULT_ENEMY_TAKING_OFF","#PROMPT_PING_VALK_ULT_ENEMY_TAKING_OFF","#PING_VALK_ULT_ENEMY_TAKING_OFF","","ping_valkLaunchEnemy",true,true,true,true,"","","rui/hud/ping/icon_ping_enemy","settings/itemflav/ping/ping_enemy.rpak",false
"xx","REPLY_HOLOSPRAY_LIKE","","#PROMPT_PING_LIKE","#PROMPT_PING_LIKE","#PING_LIKE","","",false,false,false,false,"","","","",false
"!!DATA EXCLUDED!!","!!DATA EXCLUDED!!","","!!DATA EXCLUDED!!","!!DATA EXCLUDED!!","!!DATA EXCLUDED!!","","!!DATA EXCLUDED!!",true,true,true,true,"","","!!DATA EXCLUDED!!","",false
"xx","INVENTORY_NEED_BETTER_ARMOR","","","#INVENTORY_NEED_BETTER_ARMOR","#INVENTORY_NEED_BETTER_ARMOR","","ping_needBodyShield",true,false,true,false,"","","","",false
"xx","INVENTORY_NEED_BETTER_HELMET","","","#INVENTORY_NEED_BETTER_HELMET","#INVENTORY_NEED_BETTER_HELMET","","ping_needHelmet",true,false,true,false,"","","","",false
"xx","INVENTORY_NEED_BETTER_BACKPACK","","","#INVENTORY_NEED_BETTER_BACKPACK","#INVENTORY_NEED_BETTER_BACKPACK","","ping_needBackpack",true,false,true,false,"","","","",false
"xx","INVENTORY_NEED_BETTER_INCAPSHIELD","","","#INVENTORY_NEED_BETTER_INCAPSHIELD","#INVENTORY_NEED_BETTER_INCAPSHIELD","","ping_needShieldKO",true,false,true,false,"","","","",false
"xx","INVENTORY_NEED_BETTER_TIERED_EQUIPMENT","","","#INVENTORY_NEED_BETTER_TIERED_EQUIPMENT","#INVENTORY_NEED_BETTER_TIERED_EQUIPMENT","","",false,false,false,false,"","","","",false
"xx","INVENTORY_NEED_BETTER_ATTACHMENT_STOCK_TACTICAL","","","#INVENTORY_NEED_BETTER_ATTACHMENT_STOCK_TACTICAL","#INVENTORY_NEED_BETTER_ATTACHMENT_STOCK_TACTICAL","","ping_needStockTactical",true,false,true,false,"","","","",false
"xx","INVENTORY_NEED_BETTER_ATTACHMENT_STOCK_SNIPER","","","#INVENTORY_NEED_BETTER_ATTACHMENT_STOCK_SNIPER","#INVENTORY_NEED_BETTER_ATTACHMENT_STOCK_SNIPER","","ping_needStockSniper",true,false,true,false,"","","","",false
"xx","INVENTORY_NEED_BETTER_ATTACHMENT_SHOTGUN_BOLT","","","#INVENTORY_NEED_BETTER_ATTACHMENT_SHOTGUN_BOLT","#INVENTORY_NEED_BETTER_ATTACHMENT_SHOTGUN_BOLT","","ping_needShotgunBolt",true,false,true,false,"","","","",false
"xx","INVENTORY_NEED_BETTER_ATTACHMENT_BARREL","","","#INVENTORY_NEED_BETTER_ATTACHMENT_BARREL","#INVENTORY_NEED_BETTER_ATTACHMENT_BARREL","","ping_needModBarrel",true,false,true,false,"","","","",false
"xx","INVENTORY_NEED_BETTER_ATTACHMENT_MAG_SNIPER","","","#INVENTORY_NEED_BETTER_ATTACHMENT_MAG_SNIPER","#INVENTORY_NEED_BETTER_ATTACHMENT_MAG_SNIPER","","ping_needAmmoMagSniper",true,false,true,false,"","","","",false
"xx","INVENTORY_NEED_BETTER_ATTACHMENT_MAG_HIGHCAL","","","#INVENTORY_NEED_BETTER_ATTACHMENT_MAG_HIGHCAL","#INVENTORY_NEED_BETTER_ATTACHMENT_MAG_HIGHCAL","","ping_needAmmoMagHeavy",true,false,true,false,"","","","",false
"xx","INVENTORY_NEED_BETTER_ATTACHMENT_MAG_BULLET","","","#INVENTORY_NEED_BETTER_ATTACHMENT_MAG_BULLET","#INVENTORY_NEED_BETTER_ATTACHMENT_MAG_BULLET","","ping_needAmmoMagLight",true,false,true,false,"","","","",false
"xx","INVENTORY_NEED_BETTER_ATTACHMENT_MAG_SPECIAL","","","#INVENTORY_NEED_BETTER_ATTACHMENT_MAG_SPECIAL","#INVENTORY_NEED_BETTER_ATTACHMENT_MAG_SPECIAL","","ping_needAmmoMagEnergy",true,false,true,false,"","","","",false
"xx","INVENTORY_NEED_BETTER_ATTACHMENT_LASERSIGHT","","","#INVENTORY_NEED_BETTER_ATTACHMENT_LASERSIGHT","#INVENTORY_NEED_BETTER_ATTACHMENT_LASERSIGHT","","ping_needLaserSight",true,false,true,false,"","","","",false
"xx","PING_SPACE_ELEVATOR_HERE","","#PROMPT_PING_SPACE_ELEVATOR","#PROMPT_PING_SPACE_ELEVATOR","#PING_SPACE_ELEVATOR","","ping_gravityLift",true,true,true,true,"","","rui/hud/common/objective_marker","settings/itemflav/ping/ping_go.rpak",false
"xx","PING_BLACKHOLE_HERE","","#PROMPT_PING_BLACKHOLE","#PROMPT_PING_BLACKHOLE","#PING_BLACKHOLE","","ping_blackhole",true,true,true,true,"","","rui/hud/training/gauntlet_target","settings/itemflav/ping/ping_enemy.rpak",false
"xx","PING_VANTAGE_ENEMY_SPOTTED_1","","#PROMPT_PING_ENEMY_SPOTTED_GENERAL","#PROMPT_PING_ENEMY_SPOTTED_GENERAL_SHORT","#PROMPT_PING_VANTAGE_ENEMY_SPOTTED","","ping_passiveEnemyShieldLevel1",true,true,true,true,"","","rui/hud/ping/icon_ping_enemy","settings/itemflav/ping/ping_enemy.rpak",false
"xx","PING_VANTAGE_ENEMY_SPOTTED_2","","#PROMPT_PING_ENEMY_SPOTTED_GENERAL","#PROMPT_PING_ENEMY_SPOTTED_GENERAL_SHORT","#PROMPT_PING_VANTAGE_ENEMY_SPOTTED","","ping_passiveEnemyShieldLevel2",true,true,true,true,"","","rui/hud/ping/icon_ping_enemy","settings/itemflav/ping/ping_enemy.rpak",false
"xx","PING_VANTAGE_ENEMY_SPOTTED_3","","#PROMPT_PING_ENEMY_SPOTTED_GENERAL","#PROMPT_PING_ENEMY_SPOTTED_GENERAL_SHORT","#PROMPT_PING_VANTAGE_ENEMY_SPOTTED","","ping_passiveEnemyShieldLevel3",true,true,true,true,"","","rui/hud/ping/icon_ping_enemy","settings/itemflav/ping/ping_enemy.rpak",false
"xx","PING_VANTAGE_ENEMY_SPOTTED_4","","#PROMPT_PING_ENEMY_SPOTTED_GENERAL","#PROMPT_PING_ENEMY_SPOTTED_GENERAL_SHORT","#PROMPT_PING_VANTAGE_ENEMY_SPOTTED","","ping_passiveEnemyShieldLevel4",true,true,true,true,"","","rui/hud/ping/icon_ping_enemy","settings/itemflav/ping/ping_enemy.rpak",false
"xx","PING_VANTAGE_ENEMY_SPOTTED_5","","#PROMPT_PING_ENEMY_SPOTTED_GENERAL","#PROMPT_PING_ENEMY_SPOTTED_GENERAL_SHORT","#PROMPT_PING_VANTAGE_ENEMY_SPOTTED","","ping_passiveEnemyShieldLevel5",true,true,true,true,"","","rui/hud/ping/icon_ping_enemy","settings/itemflav/ping/ping_enemy.rpak",false
"xx","SUB_TYPE_VANTAGE_TEAM_1","","","","","","ping_passiveEnemyGroup1",true,false,true,false,"","","","",false
"xx","SUB_TYPE_VANTAGE_TEAM_2","","","","","","ping_passiveEnemyGroup2",true,false,true,false,"","","","",false
"xx","SUB_TYPE_VANTAGE_TEAM_3","","","","","","ping_passiveEnemyGroupFull",true,false,true,false,"","","","",false
"xx","PING_VANTAGE_COMPANION","","#PROMPT_PING_VANTAGE_COMPANION","#PROMPT_PING_VANTAGE_COMPANION","#PING_VANTAGE_COMPANION","","ping_bat",true,true,true,true,"","","rui/hud/ping/icon_ping_watch","settings/itemflav/ping/ping_go.rpak",false
"xx","PING_ENEMY_VANTAGE_COMPANION","","#PROMPT_PING_ENEMY_VANTAGE_COMPANION","#PROMPT_PING_ENEMY_VANTAGE_COMPANION","#PING_ENEMY_VANTAGE_COMPANION","","ping_bat",true,true,true,true,"","","rui/hud/ping/icon_ping_watch","settings/itemflav/ping/ping_go.rpak",false
"xx","PING_PHASE_BREACH","","#PROMPT_PING_PHASE_BREACH","#PROMPT_PING_PHASE_BREACH","#PING_PHASE_BREACH","","ping_phaseTear",true,true,true,true,"","","rui/hud/ping/icon_ping_watch","settings/itemflav/ping/ping_go.rpak",false
"xx","PING_MAGGIE_WRECKING_BALL","","#PROMPT_PING_MAGGIE_WRECKING_BALL","#PROMPT_PING_MAGGIE_WRECKING_BALL","#PING_MAGGIE_WRECKING_BALL","","",false,false,false,false,"","","rui/hud/ping/icon_ping_watch","settings/itemflav/ping/ping_go.rpak",false
"xx","PING_MOBILE_SHIELD","","#PROMPT_PING_MOBILE_SHIELD","#PROMPT_PING_MOBILE_SHIELD","#PING_MOBILE_SHIELD","","ping_mobileShieldNeutral",true,true,true,true,"","","rui/hud/ping/icon_ping_watch","settings/itemflav/ping/ping_go.rpak",false
"xx","PING_ENEMY_MOBILE_SHIELD","","#PROMPT_PING_ENEMY_MOBILE_SHIELD","#PROMPT_PING_ENEMY_MOBILE_SHIELD","#PING_ENEMY_MOBILE_SHIELD","","ping_mobileShieldEnemy",true,true,true,true,"","","rui/hud/ping/icon_ping_enemy","settings/itemflav/ping/ping_enemy.rpak",false
"xx","PING_CASTLE_WALL","","#PROMPT_PING_CASTLE_WALL","#PROMPT_PING_CASTLE_WALL","#PING_CASTLE_WALL","","ping_castleWallNeutral",true,true,true,true,"","","rui/hud/ping/icon_ping_watch","settings/itemflav/ping/ping_go.rpak",false
"xx","PING_ENEMY_CASTLE_WALL","","#PROMPT_PING_ENEMY_CASTLE_WALL","#PROMPT_PING_ENEMY_CASTLE_WALL","#PING_ENEMY_CASTLE_WALL","","ping_castleWallEnemy",true,true,true,true,"","","rui/hud/ping/icon_ping_enemy","settings/itemflav/ping/ping_enemy.rpak",false
"xx","PING_CASTLE_WALL_ENERGIZED","","#PROMPT_PING_CASTLE_WALL","#PROMPT_PING_CASTLE_WALL","#PING_CASTLE_WALL","","ping_castleWallNeutralEnergized",true,true,true,true,"","","rui/hud/ping/icon_ping_watch","settings/itemflav/ping/ping_go.rpak",false
"xx","PING_ENEMY_CASTLE_WALL_ENERGIZED","","#PROMPT_PING_ENEMY_CASTLE_WALL","#PROMPT_PING_ENEMY_CASTLE_WALL","#PING_ENEMY_CASTLE_WALL","","ping_castleWallEnemyEnergized",true,true,true,true,"","","rui/hud/ping/icon_ping_enemy","settings/itemflav/ping/ping_enemy.rpak",false
"xx","PING_BARRICADED_DOOR","","#PROMPT_PING_BARRICADED_DOOR","#PROMPT_PING_BARRICADED_DOOR","#PING_BARRICADED_DOOR","","ping_doorClosed",true,true,true,true,"SUB_TYPE_BARRICADED_DOOR","","rui/hud/common/objective_marker","settings/itemflav/ping/ping_go.rpak",false
"xx","PING_BARRICADED_DOOR_OPEN","","#PROMPT_PING_BARRICADED_DOOR_OPEN","#PROMPT_PING_BARRICADED_DOOR_OPEN","#PING_BARRICADED_DOOR_OPEN","","ping_dooropen",true,true,true,true,"SUB_TYPE_BARRICADED_DOOR","","rui/hud/ping/icon_ping_someonesbeen","settings/itemflav/ping/ping_enemy.rpak",false
"xx","SUB_TYPE_BARRICADED_DOOR","","","","","","ping_doorFortifiedFerro",true,false,true,false,"","","","",false
"xx","PING_PIERCING_SPIKES","","#PROMPT_PING_PIERCING_SPIKES","#PROMPT_PING_PIERCING_SPIKES","#PING_PIERCING_SPIKES","","ping_spikesFerro",true,true,true,true,"","","rui/hud/ping/icon_ping_watch","settings/itemflav/ping/ping_go.rpak",false
"xx","PING_PIERCING_SPIKES_ENEMY","","#PROMPT_PING_PIERCING_SPIKES_ENEMY","#PROMPT_PING_PIERCING_SPIKES_ENEMY","#PING_PIERCING_SPIKES_ENEMY","","ping_spikesFerro",true,true,true,true,"","","rui/hud/ping/icon_ping_enemy","settings/itemflav/ping/ping_enemy.rpak",false
"xx","PING_DARK_VEIL","","#PROMPT_PING_DARK_VEIL","#PROMPT_PING_DARK_VEIL","#PING_DARK_VEIL","","ping_barrierFerro",true,true,true,true,"","","rui/hud/ping/icon_ping_watch","settings/itemflav/ping/ping_go.rpak",false
"xx","PING_DARK_VEIL_ENEMY","","#PROMPT_PING_DARK_VEIL_ENEMY","#PROMPT_PING_DARK_VEIL_ENEMY","#PING_DARK_VEIL_ENEMY","","ping_barrierFerro",true,true,true,true,"","","rui/hud/ping/icon_ping_enemy","settings/itemflav/ping/ping_enemy.rpak",false
"xx","PING_BLOODHOUND_WHITE_RAVEN","","#PROMPT_PING_BLOODHOUND_WHITE_RAVEN","#PROMPT_PING_BLOODHOUND_WHITE_RAVEN","#PING_BLOODHOUND_WHITE_RAVEN","","pingClue_breadcrumb",true,false,true,false,"","","rui\hud\ping\icon_ping_raven","settings/itemflav/ping/ping_go.rpak",false
"xx","PING_BLOODHOUND_WHITE_RAVEN_TARGET_LOC","","#PROMPT_PING_BLOODHOUND_WHITE_RAVEN","#PROMPT_PING_BLOODHOUND_WHITE_RAVEN_SHORT","#PING_BLOODHOUND_WHITE_RAVEN_TARGET_LOC","","",true,true,true,true,"","","rui\hud\ping\icon_ping_raven","settings/itemflav/ping/ping_go.rpak",false
"xx","PING_PHASE_RUNNER","","#PROMPT_PING_PHASE_RUNNER","#PROMPT_PING_PHASE_RUNNER","#PING_PHASE_RUNNER","","ping_phaserunner",true,true,true,true,"","","rui/hud/ultimate_icons/ultimate_wraith","",false
"!!DATA EXCLUDED!!","!!DATA EXCLUDED!!","","","!!DATA EXCLUDED!!","!!DATA EXCLUDED!!","","!!DATA EXCLUDED!!",false,false,false,false,"","","","",true
"xx","PING_EXPLOSIVEHOLD","","#PROMPT_PING_EXPLOSIVEHOLD","#PROMPT_PING_EXPLOSIVEHOLD","#PROMPT_PING_EXPLOSIVEHOLD","","ping_explosiveHold",true,true,true,true,"","","rui/hud/common/objective_marker","settings/itemflav/ping/ping_go.rpak",false
"xx","PING_EXPLOSIVEHOLD_OPEN","","#PROMPT_PING_EXPLOSIVEHOLD_OPEN","#PROMPT_PING_EXPLOSIVEHOLD_OPEN","#PROMPT_PING_EXPLOSIVEHOLD_OPEN","","ping_explosiveHoldOpen",true,true,true,true,"","","rui/hud/common/objective_marker","settings/itemflav/ping/ping_go.rpak",false
"xx","PING_EXPLOSIVEHOLD_REQUEST","","#PROMPT_PING_EXPLOSIVEHOLD_REQUEST","#PROMPT_PING_EXPLOSIVEHOLD_REQUEST","#PROMPT_PING_EXPLOSIVEHOLD_REQUEST","","ping_explosiveHold",true,true,true,true,"SUB_TYPE_EXPLOSIVEHOLD_REQUEST","","rui/hud/common/objective_marker","settings/itemflav/ping/ping_go.rpak",false
"xx","SUB_TYPE_EXPLOSIVEHOLD_REQUEST","","","","","","ping_explosiveHoldRequest",true,false,true,false,"","","","",false
"xx","QUICKCHAT_SKYDIVE_ENEMIES_NEARBY","","","#QUICKCHAT_SKYDIVE_ENEMIES_NEARBY","#QUICKCHAT_SKYDIVE_ENEMIES_NEARBY","","bc_enemyLandedClose",false,false,false,false,"","","","",false
"xx","PING_CONTROL_OBJECTIVE_DEFEND","","#PROMPT_PING_CONTROL_OBJECTIVE","#PROMPT_PING_CONTROL_OBJECTIVE_DEFEND_SHORT","#PING_CONTROL_OBJECTIVE_DEFEND","","ping_ctrlZoneDefend",true,true,true,true,"","","rui/hud/common/objective_marker","settings/itemflav/ping/ping_go.rpak",false
"xx","PING_CONTROL_OBJECTIVE_ATTACK","","#PROMPT_PING_CONTROL_OBJECTIVE","#PROMPT_PING_CONTROL_OBJECTIVE_ATTACK_SHORT","#PING_CONTROL_OBJECTIVE_ATTACK","","ping_ctrlZoneAttack",true,true,true,true,"","","rui/hud/common/objective_marker","settings/itemflav/ping/ping_go.rpak",false
"xx","PING_SHIP_VAULT","","#PROMPT_PING_SHIP_VAULT","#PROMPT_PING_SHIP_VAULT_SHORT","#PING_SHIP_VAULT","","ping_bridge",true,true,true,true,"SUB_TYPE_SHIP_VAULT_KEY_NEED","","rui/hud/ping/icon_ping_loot","settings/itemflav/ping/ping_looting.rpak",false
"xx","PING_ITEM_SHIP_KEYCARD","","","","#PING_LOOT","","ping_keyCard",true,false,true,false,"","","","",false
"xx","PING_SHIP_VAULT_HAS_KEY_SELF","","#PROMPT_PING_SHIP_VAULT","#PROMPT_PING_SHIP_VAULT_SHORT","#PING_SHIP_VAULT_HAS_KEY","","ping_bridge",true,true,true,true,"SUB_TYPE_SHIP_VAULT_KEY_HAS_SELF","","rui/hud/ping/icon_ping_loot","settings/itemflav/ping/ping_looting.rpak",false
"xx","PING_SHIP_VAULT_HAS_KEY_SQUAD","","#PROMPT_PING_SHIP_VAULT","#PROMPT_PING_SHIP_VAULT_SHORT","#PING_SHIP_VAULT_HAS_KEY","","ping_bridge",true,true,true,true,"SUB_TYPE_SHIP_VAULT_KEY_HAS_SQUAD","","rui/hud/ping/icon_ping_loot","settings/itemflav/ping/ping_looting.rpak",false
"xx","SUB_TYPE_SHIP_VAULT_KEY_NEED","","","","","","ping_typeKeyCardNeed",true,false,true,false,"","","","",false
"xx","SUB_TYPE_SHIP_VAULT_KEY_HAS_SQUAD","","","","","","ping_typeKeyCardHaveSquad",true,false,true,false,"","","","",false
"xx","SUB_TYPE_SHIP_VAULT_KEY_HAS_SELF","","","","","","ping_typeKeyCardHaveSelf",true,false,true,false,"","","","",false
"xx","PING_SHIP_VAULT_REVEAL","","#PROMPT_PING_SHIP_VAULT","#PROMPT_PING_SHIP_VAULT_SHORT","#PING_SHIP_VAULT_REVEAL","","ping_bridge",true,true,true,true,"","","rui/hud/ping/icon_ping_loot","settings/itemflav/ping/ping_looting.rpak",false
"xx","PING_PATHFINDER_STATUE","","#PROMPT_PING_PATHFINDER_STATUE","#PROMPT_PING_PATHFINDER_STATUE","#PING_PATHFINDER_STATUE","","ping_pathStatue",true,true,true,true,"","","rui/menu/buttons/battlepass/character_skin_pathfinder","",false
"!!DATA EXCLUDED!!","!!DATA EXCLUDED!!","","","","","","!!DATA EXCLUDED!!",true,false,false,false,"","","","",true
"!!DATA EXCLUDED!!","!!DATA EXCLUDED!!","","","","","","!!DATA EXCLUDED!!",true,false,false,false,"","","","",true
"xx","PING_ABILITY_ECHO_LOCATOR_ENEMY","","#WPN_ECHO_LOCATOR","","","","ping_exhibitEnemy",true,true,true,true,"","","rui/hud/ping/icon_ping_pariah_ult","settings/itemflav/ping/ping_ent_echo_locator.rpak",false
"xx","PING_ABILITY_ECHO_LOCATOR_FRIENDLY","","#WPN_ECHO_LOCATOR","","","","ping_exhibitNeutral",true,false,true,false,"","","rui/hud/ping/icon_ping_pariah_ult","settings/itemflav/ping/ping_ent_echo_locator.rpak",false
"xx","PING_ABILITY_ECHO_LOCATOR","","#WPN_ECHO_LOCATOR","","","","",false,false,false,false,"","","rui/hud/ping/icon_ping_pariah_ult","settings/itemflav/ping/ping_ent_echo_locator.rpak",false
"xx","HEARTBEAT_SENSOR_DETECT_ENEMY","","","","","","ping_passiveDetectEnemy",true,false,true,false,"","","","",false
"xx","HEARTBEAT_SENSOR_NO_ENEMY","","","","","","ping_passiveDetectNegative",true,false,true,false,"","","","",false
"xx","PING_PROWLER_DEN","","#PROMPT_PING_ENEMY_NPC_PROWLER_DEN","#PROMPT_PING_ENEMY_NPC_PROWLER_DEN","#PING_ENEMY_NPC_PROWLER_DEN","","ping_spotProwlerDen",true,true,true,true,"","","rui/hud/common/objective_marker_wildlife","settings/itemflav/ping/ping_hostile_poi.rpak",false
"xx","PING_PROWLER_DEN_EMPTY","","#PROMPT_PING_ENEMY_NPC_PROWLER_DEN_EMPTY","#PROMPT_PING_ENEMY_NPC_PROWLER_DEN_EMPTY","#PING_ENEMY_NPC_PROWLER_DEN_EMPTY","","ping_spotProwlerDenEmpty",true,true,true,true,"","","rui/hud/common/objective_marker_wildlife","settings/itemflav/ping/ping_hostile_poi.rpak",false
"xx","PING_SPIDER_EGGS","","#PROMPT_PING_ENEMY_NPC_SPIDER_EGGS","#PROMPT_PING_ENEMY_NPC_SPIDER_EGGS","#PING_ENEMY_NPC_SPIDER_EGGS","","ping_spotSpiderEgg",true,true,true,true,"","","rui/hud/common/objective_marker_wildlife","settings/itemflav/ping/ping_hostile_poi.rpak",false
"xx","PING_SPIDER_EGGS_HATCHED","","#PROMPT_PING_ENEMY_NPC_SPIDER_EGGS_HATCHED","#PROMPT_PING_ENEMY_NPC_SPIDER_EGGS_HATCHED","#PING_ENEMY_NPC_SPIDER_EGGS_HATCHED","","ping_spotspidereggempty",true,true,true,true,"","","rui/hud/common/objective_marker_wildlife","settings/itemflav/ping/ping_hostile_poi.rpak",false
"xx","PING_RAMPART_TT_MURAL","","#PROMPT_PING_RAMPART_TT_MURAL","#PROMPT_PING_RAMPART_TT_MURAL","","","ping_billboardObjectR",true,false,false,false,"","","rui/hud/common/objective_marker","settings/itemflav/ping/ping_go.rpak",false
"xx","PING_RAMPART_TT_VEND","","","","","","ping_vendingMachine",true,true,true,true,"","","rui/hud/common/objective_marker","settings/itemflav/ping/ping_go.rpak",false
"xx","PING_WEAPON_3030_RAMPARTSPECIAL","","","","#PING_LOOT","","ping_found3030",true,false,true,false,"SUB_TYPE_RAMPARTSPECIAL","FLAVOR_WEAPON_3030","","",false
"xx","PING_WEAPON_MASTIFF_RAMPARTSPECIAL","","","","#PING_LOOT","","ping_foundMastiff",true,false,true,false,"SUB_TYPE_RAMPARTSPECIAL","FLAVOR_WEAPON_MASTIFF","","",false
"xx","PING_WEAPON_HEMLOK_RAMPARTSPECIAL","","","","#PING_LOOT","","ping_foundHemlok",true,false,true,false,"SUB_TYPE_RAMPARTSPECIAL","FLAVOR_WEAPON_HEMLOK","","",false
"xx","PING_WEAPON_G7_RAMPARTSPECIAL","","","","#PING_LOOT","","ping_foundG7",true,false,true,false,"SUB_TYPE_RAMPARTSPECIAL","FLAVOR_WEAPON_G7","","",false
"xx","PING_WEAPON_ALTERNATOR_RAMPARTSPECIAL","","","","#PING_LOOT","","ping_foundAlternator",true,false,true,false,"SUB_TYPE_RAMPARTSPECIAL","FLAVOR_WEAPON_ALTERNATOR","","",false
"xx","PING_WEAPON_R97_RAMPARTSPECIAL","","","","#PING_LOOT","","ping_foundR99",true,false,true,false,"SUB_TYPE_RAMPARTSPECIAL","FLAVOR_WEAPON_R97","","",false
"xx","PING_WEAPON_DMR_RAMPARTSPECIAL","","","","#PING_LOOT","","ping_foundDmr",true,false,true,false,"SUB_TYPE_RAMPARTSPECIAL","FLAVOR_WEAPON_DMR","","",false
"xx","PING_WEAPON_SPITFIRE_RAMPARTSPECIAL","","","","#PING_LOOT","","ping_foundSpitfire",true,false,true,false,"SUB_TYPE_RAMPARTSPECIAL","FLAVOR_WEAPON_SPITFIRE","","",false
"xx","PING_WEAPON_R201_RAMPARTSPECIAL","","","","#PING_LOOT","","ping_foundR301",true,false,true,false,"SUB_TYPE_RAMPARTSPECIAL","FLAVOR_WEAPON_R201","","",false
"xx","PING_WEAPON_EVA_RAMPARTSPECIAL","","","","#PING_LOOT","","ping_foundEva",true,false,true,false,"SUB_TYPE_RAMPARTSPECIAL","FLAVOR_WEAPON_EVA","","",false
"xx","PING_WEAPON_MOZAMBIQUE_RAMPARTSPECIAL","","","","#PING_LOOT","","ping_foundMozambique",true,false,true,false,"SUB_TYPE_RAMPARTSPECIAL","FLAVOR_WEAPON_MOZAMBIQUE","","",false
"xx","PING_WEAPON_WINGMAN_RAMPARTSPECIAL","","","","#PING_LOOT","","ping_foundWingman",true,false,true,false,"SUB_TYPE_RAMPARTSPECIAL","FLAVOR_WEAPON_WINGMAN","","",false
"xx","PING_WEAPON_SEMIPISTOL_RAMPARTSPECIAL","","","","#PING_LOOT","","ping_foundP2020",true,false,true,false,"SUB_TYPE_RAMPARTSPECIAL","FLAVOR_WEAPON_SEMIPISTOL","","",false
"xx","PING_WEAPON_AUTOPISTOL_RAMPARTSPECIAL","","","","#PING_LOOT","","ping_foundRE45",true,false,true,false,"SUB_TYPE_RAMPARTSPECIAL","FLAVOR_WEAPON_AUTOPISTOL","","",false
"xx","PING_WEAPON_DRAGON_RAMPARTSPECIAL","","","","#PING_LOOT","","ping_foundRampage",true,false,true,false,"SUB_TYPE_RAMPARTSPECIAL","FLAVOR_WEAPON_DRAGON","","",false
"xx","PING_WEAPON_FLATLINE_RAMPARTSPECIAL","","","","#PING_LOOT","","ping_foundFlatline",true,false,true,false,"SUB_TYPE_RAMPARTSPECIAL","FLAVOR_WEAPON_FLATLINE","","",false
"xx","PING_WEAPON_PROWLER_RAMPARTSPECIAL","","","","#PING_LOOT","","ping_foundprowler",true,false,true,false,"SUB_TYPE_RAMPARTSPECIAL","FLAVOR_WEAPON_PROWLER","","",false
"xx","PING_GRAVITYCANNON","","#PROMPT_PING_GRAVITYCANNON","#PROMPT_PING_GRAVITYCANNON","#PING_GRAVITYCANNON","","ping_gravityCannon",true,true,true,true,"","","rui/hud/common/objective_marker","settings/itemflav/ping/ping_go.rpak",false
"xx","FIRING_RANGE_TARGET_SPEED_CHANGE","","","#TARGET_SPEED_CHANGE","#TARGET_SPEED_CHANGE","","",false,false,false,false,"","","","",false
"xx","PING_IMC_ARMORY_EXT","","#PROMPT_PING_IMC_ARMORY_EXT","#PROMPT_PING_IMC_ARMORY_EXT","#PING_IMC_ARMORY_EXT","","ping_armory",true,true,true,true,"","","rui/hud/minimap/icon_minimap_imc_armory","settings/itemflav/ping/ping_ent_imc_armory.rpak",false
"xx","PING_IMC_ARMORY_PANEL","","#PROMPT_PING_IMC_ARMORY_PANEL","#PROMPT_PING_IMC_ARMORY_PANEL","#PING_IMC_ARMORY_PANEL","","ping_armoryPanelSpectre",true,true,true,true,"","","rui/hud/common/objective_marker","settings/itemflav/ping/ping_go.rpak",false
"xx","PING_GONDOLA","","#PROMPT_PING_GONDOLA","#PROMPT_PING_GONDOLA","#PING_GONDOLA","","ping_gondola",true,true,true,true,"","","rui/hud/common/objective_marker","settings/itemflav/ping/ping_go.rpak",false
"xx","PING_PANEL","generic control panel","#PROMPT_PING_PANEL","#PROMPT_PING_PANEL","#PING_PANEL","","ping_controlPanel",true,true,true,true,"","","rui/hud/common/objective_marker","settings/itemflav/ping/ping_go.rpak",false
"xx","PING_PANEL_COOLDOWN","generic control panel","#PROMPT_PING_PANEL_COOLDOWN","#PROMPT_PING_PANEL_COOLDOWN","#PING_PANEL_COOLDOWN","","ping_controlPanelCooldown",true,true,true,true,"","","rui/hud/common/objective_marker","settings/itemflav/ping/ping_go.rpak",false
"xx","PING_PANEL_INACTIVE","generic control panel","#PROMPT_PING_PANEL_INACTIVE","#PROMPT_PING_PANEL_INACTIVE","#PING_PANEL_INACTIVE","","ping_controlPanelDeactivated",true,true,true,true,"","","rui/hud/common/objective_marker","settings/itemflav/ping/ping_go.rpak",false
"xx","PING_GO_CAREPACKAGE","","","","","","ping_arenasGoCarePackage",false,true,false,false,"","","","",false
"xx","PING_MEDBAY","","#PROMPT_PING_MEDBAY","#PROMPT_PING_MEDBAY_SHORT","#PING_MEDBAY","","ping_medbay",true,true,true,true,"","","rui/hud/ping/icon_ping_dronemedic","",false
"xx","PING_MEDBAY_COOLDOWN","","#PROMPT_PING_MEDBAY","#PROMPT_PING_MEDBAY_SHORT","#PING_MEDBAY_COOLDOWN","","ping_medbay",true,true,true,true,"","","rui/hud/ping/icon_ping_dronemedic","",false
"xx","PING_MEDBAY_DISABLED","","#PROMPT_PING_MEDBAY","#PROMPT_PING_MEDBAY_SHORT","#PING_MEDBAY_DISABLED","","",false,false,false,false,"","","rui/hud/ping/icon_ping_dronemedic","",false
"xx","PROMPT_THANKS_RESPAWN","","#QUICKCHAT_REPSAWN_THANKS","#QUICKCHAT_REPSAWN_THANKS","#QUICKCHAT_REPSAWN_THANKS","","ping_thanksRespawn_calm",false,false,false,false,"","","","",false
"!!DATA EXCLUDED!!","!!DATA EXCLUDED!!","","","!!DATA EXCLUDED!!","!!DATA EXCLUDED!!","","!!DATA EXCLUDED!!",true,true,true,true,"","","!!DATA EXCLUDED!!","!!DATA EXCLUDED!!",false
"!!DATA EXCLUDED!!","!!DATA EXCLUDED!!","","","","!!DATA EXCLUDED!!","","!!DATA EXCLUDED!!",true,false,true,false,"","","","",false
"!!DATA EXCLUDED!!","!!DATA EXCLUDED!!","","!!DATA EXCLUDED!!","!!DATA EXCLUDED!!","!!DATA EXCLUDED!!","","!!DATA EXCLUDED!!",true,true,true,true,"","","!!DATA EXCLUDED!!","!!DATA EXCLUDED!!",false
"!!DATA EXCLUDED!!","!!DATA EXCLUDED!!","","!!DATA EXCLUDED!!","","!!DATA EXCLUDED!!","","!!DATA EXCLUDED!!",true,false,true,false,"","","","",false
"!!DATA EXCLUDED!!","!!DATA EXCLUDED!!","","!!DATA EXCLUDED!!","!!DATA EXCLUDED!!","!!DATA EXCLUDED!!","","!!DATA EXCLUDED!!",true,true,true,true,"","","!!DATA EXCLUDED!!","!!DATA EXCLUDED!!",false
"!!DATA EXCLUDED!!","!!DATA EXCLUDED!!","","!!DATA EXCLUDED!!","!!DATA EXCLUDED!!","!!DATA EXCLUDED!!","","!!DATA EXCLUDED!!",true,true,true,true,"","","!!DATA EXCLUDED!!","!!DATA EXCLUDED!!",false
"!!DATA EXCLUDED!!","!!DATA EXCLUDED!!","","!!DATA EXCLUDED!!","!!DATA EXCLUDED!!","!!DATA EXCLUDED!!","","!!DATA EXCLUDED!!",true,true,true,true,"","","!!DATA EXCLUDED!!","!!DATA EXCLUDED!!",false
"!!DATA EXCLUDED!!","!!DATA EXCLUDED!!","","!!DATA EXCLUDED!!","!!DATA EXCLUDED!!","!!DATA EXCLUDED!!","","!!DATA EXCLUDED!!",true,true,true,true,"","","!!DATA EXCLUDED!!","!!DATA EXCLUDED!!",false
"xx","REPLY_LOVE_YOU","","#PROMPT_REPLY_LOVE_YOU","","#REPLY_LOVE_YOU","","ping_thanks",false,false,false,false,"","","rui/hud/ping/icon_ping_yes","",false
"xx","REPLY_LOVE_YOU_MORE","","#PROMPT_REPLY_LOVE_YOU_MORE","","#REPLY_LOVE_YOU_MORE","","ping_thanks",false,false,false,false,"","","rui/hud/ping/icon_ping_yes","",false
"xx","REPLY_NO_I_LOVE_YOU_MORE","","#PROMPT_REPLY_NO_I_LOVE_YOU_MORE","","#REPLY_NO_I_LOVE_YOU_MORE","","ping_thanks",false,false,false,false,"","","rui/hud/ping/icon_ping_yes","",false
"xx","REPLY_CAREPACKAGE_INSIGHT","","#PROMPT_CAREPACKAGE_INSIGHT","#PROMPT_CAREPACKAGE_INSIGHT","#REPLY_CAREPACKAGE_INSIGHT","","ping_carePackage",true,true,true,true,"","","rui/hud/common/objective_marker","settings/itemflav/ping/ping_go.rpak",false
"xx","REPLY_CAREPACKAGE_INSIGHT_LOOTED","","#PROMPT_CAREPACKAGE_INSIGHT","#PROMPT_CAREPACKAGE_INSIGHT","#CARE_PACKAGE_INSIGHT_LOOTED","","ping_carePackage",true,true,true,true,"","","rui/hud/common/objective_marker","settings/itemflav/ping/ping_go.rpak",false
"xx","REPLY_CAREPACKAGE_INSIGHT_FUTURE","","#PROMPT_CAREPACKAGE_INSIGHT","#PROMPT_CAREPACKAGE_INSIGHT","#REPLY_CAREPACKAGE_INSIGHT_FUTURE","","ping_revealCarePackage",true,true,true,true,"","","rui/hud/ping/icon_ping_yes","",false
"xx","PING_MUNITIONS_BOX","","#PROMPT_PING_MUNITIONS_BOX","#PROMPT_PING_MUNITIONS_BOX_SHORT","#PING_MUNITIONS_BOX","","ping_supplyBinWeapon",true,true,true,true,"","","rui/hud/common/objective_marker","settings/itemflav/ping/ping_go.rpak",false
"xx","PING_SUPPORT_BOX","","#PROMPT_PING_SUPPORT_BOX","#PROMPT_PING_SUPPORT_BOX_SHORT","#PING_SUPPORT_BOX","","ping_supplyBinExtended",true,true,true,true,"","","rui/hud/common/objective_marker","settings/itemflav/ping/ping_go.rpak",false
"xx","PING_ENCRYPTED_CONSOLE","","#PROMPT_PING_ENCRYPTED_CONSOLE","#PROMPT_PING_ENCRYPTED_CONSOLE_SHORT","#PING_ENCRYPTED_CONSOLE_BOX","","ping_ringConsole",true,true,true,true,"","","rui/hud/common/objective_marker","settings/itemflav/ping/ping_go.rpak",false
"xx","PING_OPENED_MUNITIONS_BOX","","#PROMPT_PING_MUNITIONS_BOX","#PROMPT_PING_MUNITIONS_BOX_SHORT","#PING_MUNITIONS_BOX_LOOT","","ping_supplyBinWeapon",true,true,true,true,"","","rui/hud/common/objective_marker","settings/itemflav/ping/ping_go.rpak",false
"xx","PING_OPENED_SUPPORT_BOX","","#PROMPT_PING_SUPPORT_BOX","#PROMPT_PING_SUPPORT_BOX_SHORT","#PING_SUPPORT_BOX_LOOT","","ping_supplyBinExtended",true,true,true,true,"","","rui/hud/common/objective_marker","settings/itemflav/ping/ping_go.rpak",false
"!!DATA EXCLUDED!!","!!DATA EXCLUDED!!","","!!DATA EXCLUDED!!","!!DATA EXCLUDED!!","!!DATA EXCLUDED!!","","!!DATA EXCLUDED!!",true,false,true,false,"","","!!DATA EXCLUDED!!","!!DATA EXCLUDED!!",false
"!!DATA EXCLUDED!!","!!DATA EXCLUDED!!","","!!DATA EXCLUDED!!","!!DATA EXCLUDED!!","!!DATA EXCLUDED!!","","!!DATA EXCLUDED!!",true,false,true,false,"","","!!DATA EXCLUDED!!","!!DATA EXCLUDED!!",false
"!!DATA EXCLUDED!!","!!DATA EXCLUDED!!","","","","!!DATA EXCLUDED!!","","!!DATA EXCLUDED!!",true,false,true,false,"","!!DATA EXCLUDED!!","","",false
"string","string","string","string","string","string","string","string","bool","bool","bool","bool","string","string","asset_noprecache","asset","bool"