"levelIndex","displayLevel","xpPerLevel","reward","rewardQty"
0,1,100,"settings/itemflav/pack/cosmetic_rare.rpak",1
1,2,2650,"settings/itemflav/pack/cosmetic_rare.rpak",1
2,3,3900,"settings/itemflav/pack/cosmetic_rare.rpak",1
0,0,0,"settings/itemflav/grx_currency/credits.rpak",600
3,4,4750,"settings/itemflav/pack/cosmetic_rare.rpak",1
0,0,0,"settings/itemflav/grx_currency/credits.rpak",600
4,5,5600,"settings/itemflav/pack/cosmetic_rare.rpak",1
0,0,0,"settings/itemflav/grx_currency/credits.rpak",600
5,6,6350,"settings/itemflav/pack/cosmetic_rare.rpak",1
0,0,0,"settings/itemflav/grx_currency/credits.rpak",600
6,7,7100,"settings/itemflav/pack/cosmetic_rare.rpak",1
0,0,0,"settings/itemflav/grx_currency/credits.rpak",600
7,8,7850,"settings/itemflav/pack/cosmetic_rare.rpak",1
0,0,0,"settings/itemflav/grx_currency/credits.rpak",600
8,9,8150,"settings/itemflav/pack/cosmetic_rare.rpak",1
0,0,0,"settings/itemflav/grx_currency/credits.rpak",600
9,10,8600,"settings/itemflav/pack/cosmetic_rare.rpak",1
0,0,0,"settings/itemflav/grx_currency/credits.rpak",600
10,11,9050,"settings/itemflav/pack/cosmetic_rare.rpak",1
0,0,0,"settings/itemflav/grx_currency/credits.rpak",600
11,12,9500,"settings/itemflav/pack/cosmetic_rare.rpak",1
0,0,0,"settings/itemflav/grx_currency/credits.rpak",600
12,13,9950,"settings/itemflav/pack/cosmetic_rare.rpak",1
0,0,0,"settings/itemflav/grx_currency/credits.rpak",600
13,14,10400,"settings/itemflav/pack/cosmetic_rare.rpak",1
0,0,0,"settings/itemflav/grx_currency/credits.rpak",600
14,15,10850,"settings/itemflav/pack/cosmetic_rare.rpak",1
0,0,0,"settings/itemflav/grx_currency/credits.rpak",600
15,16,11300,"settings/itemflav/pack/cosmetic_rare.rpak",1
0,0,0,"settings/itemflav/grx_currency/credits.rpak",600
16,17,11750,"settings/itemflav/pack/cosmetic_rare.rpak",1
0,0,0,"settings/itemflav/grx_currency/credits.rpak",600
17,18,12200,"settings/itemflav/pack/cosmetic_rare.rpak",1
0,0,0,"settings/itemflav/grx_currency/credits.rpak",600
18,19,12350,"settings/itemflav/pack/cosmetic_rare.rpak",1
0,0,0,"settings/itemflav/grx_currency/credits.rpak",600
19,20,12500,"settings/itemflav/grx_currency/credits.rpak",600
20,21,12650,"settings/itemflav/pack/cosmetic_rare.rpak",1
0,0,0,"settings/itemflav/grx_currency/credits.rpak",600
21,22,12800,"settings/itemflav/grx_currency/credits.rpak",600
22,23,12950,"settings/itemflav/pack/cosmetic_rare.rpak",1
0,0,0,"settings/itemflav/grx_currency/credits.rpak",600
23,24,13100,"settings/itemflav/grx_currency/credits.rpak",600
24,25,13250,"settings/itemflav/pack/cosmetic_rare.rpak",1
0,0,0,"settings/itemflav/grx_currency/credits.rpak",600
25,26,13400,"settings/itemflav/grx_currency/credits.rpak",600
26,27,13550,"settings/itemflav/pack/cosmetic_rare.rpak",1
0,0,0,"settings/itemflav/grx_currency/credits.rpak",600
27,28,13700,"settings/itemflav/grx_currency/credits.rpak",600
28,29,13850,"settings/itemflav/pack/cosmetic_rare.rpak",1
0,0,0,"settings/itemflav/grx_currency/credits.rpak",600
29,30,14000,"settings/itemflav/grx_currency/credits.rpak",600
30,31,14150,"settings/itemflav/pack/cosmetic_rare.rpak",1
0,0,0,"settings/itemflav/grx_currency/credits.rpak",600
31,32,14300,"settings/itemflav/grx_currency/credits.rpak",600
32,33,14450,"settings/itemflav/pack/cosmetic_rare.rpak",1
0,0,0,"settings/itemflav/grx_currency/credits.rpak",600
33,34,14600,"settings/itemflav/grx_currency/credits.rpak",600
34,35,14750,"settings/itemflav/pack/cosmetic_rare.rpak",1
0,0,0,"settings/itemflav/grx_currency/credits.rpak",600
35,36,14900,"settings/itemflav/grx_currency/credits.rpak",600
36,37,15050,"settings/itemflav/pack/cosmetic_rare.rpak",1
0,0,0,"settings/itemflav/grx_currency/credits.rpak",600
37,38,15200,"settings/itemflav/grx_currency/credits.rpak",600
38,39,15350,"settings/itemflav/pack/cosmetic_rare.rpak",1
0,0,0,"settings/itemflav/grx_currency/credits.rpak",600
39,40,15500,"settings/itemflav/grx_currency/credits.rpak",600
40,41,15650,"settings/itemflav/pack/cosmetic_rare.rpak",1
0,0,0,"settings/itemflav/grx_currency/credits.rpak",600
41,42,15800,"settings/itemflav/grx_currency/credits.rpak",600
42,43,15950,"settings/itemflav/pack/cosmetic_rare.rpak",1
0,0,0,"settings/itemflav/grx_currency/credits.rpak",600
43,44,16100,"settings/itemflav/grx_currency/credits.rpak",600
44,45,16250,"settings/itemflav/pack/cosmetic_rare.rpak",1
0,0,0,"settings/itemflav/grx_currency/credits.rpak",600
45,46,16400,"settings/itemflav/grx_currency/credits.rpak",600
46,47,16550,"settings/itemflav/pack/cosmetic_rare.rpak",1
0,0,0,"settings/itemflav/grx_currency/credits.rpak",600
47,48,16700,"settings/itemflav/grx_currency/credits.rpak",600
48,49,16850,"settings/itemflav/pack/cosmetic_rare.rpak",1
0,0,0,"settings/itemflav/grx_currency/credits.rpak",600
49,50,17000,"settings/itemflav/grx_currency/credits.rpak",600
50,51,17150,"settings/itemflav/pack/cosmetic_rare.rpak",1
0,0,0,"settings/itemflav/grx_currency/credits.rpak",600
51,52,17300,"settings/itemflav/grx_currency/credits.rpak",600
52,53,17450,"settings/itemflav/pack/cosmetic_rare.rpak",1
0,0,0,"settings/itemflav/grx_currency/credits.rpak",600
53,54,17600,"settings/itemflav/grx_currency/credits.rpak",600
54,55,17750,"settings/itemflav/pack/cosmetic_rare.rpak",1
0,0,0,"settings/itemflav/grx_currency/credits.rpak",600
55,56,17900,"settings/itemflav/grx_currency/credits.rpak",600
56,57,18000,"settings/itemflav/pack/cosmetic_rare.rpak",1
0,0,0,"settings/itemflav/grx_currency/credits.rpak",600
57,58,18000,"settings/itemflav/grx_currency/credits.rpak",600
58,59,18000,"settings/itemflav/pack/cosmetic_rare.rpak",1
0,0,0,"settings/itemflav/grx_currency/credits.rpak",600
59,60,18000,"settings/itemflav/grx_currency/credits.rpak",600
60,61,18000,"settings/itemflav/pack/cosmetic_rare.rpak",1
0,0,0,"settings/itemflav/grx_currency/credits.rpak",600
61,62,18000,"settings/itemflav/grx_currency/credits.rpak",600
62,63,18000,"settings/itemflav/pack/cosmetic_rare.rpak",1
0,0,0,"settings/itemflav/grx_currency/credits.rpak",600
63,64,18000,"settings/itemflav/grx_currency/credits.rpak",600
64,65,18000,"settings/itemflav/pack/cosmetic_rare.rpak",1
0,0,0,"settings/itemflav/grx_currency/credits.rpak",600
65,66,18000,"settings/itemflav/grx_currency/credits.rpak",600
66,67,18000,"settings/itemflav/pack/cosmetic_rare.rpak",1
0,0,0,"settings/itemflav/grx_currency/credits.rpak",600
67,68,18000,"settings/itemflav/grx_currency/credits.rpak",600
68,69,18000,"settings/itemflav/pack/cosmetic_rare.rpak",1
0,0,0,"settings/itemflav/grx_currency/credits.rpak",600
69,70,18000,"settings/itemflav/grx_currency/credits.rpak",600
70,71,18000,"settings/itemflav/pack/cosmetic_rare.rpak",1
0,0,0,"settings/itemflav/grx_currency/credits.rpak",600
71,72,18000,"settings/itemflav/grx_currency/credits.rpak",600
72,73,18000,"settings/itemflav/pack/cosmetic_rare.rpak",1
0,0,0,"settings/itemflav/grx_currency/credits.rpak",600
73,74,18000,"settings/itemflav/grx_currency/credits.rpak",600
74,75,18000,"settings/itemflav/pack/cosmetic_rare.rpak",1
0,0,0,"settings/itemflav/grx_currency/credits.rpak",600
75,76,18000,"settings/itemflav/grx_currency/credits.rpak",600
76,77,18000,"settings/itemflav/pack/cosmetic_rare.rpak",1
0,0,0,"settings/itemflav/grx_currency/credits.rpak",600
77,78,18000,"settings/itemflav/grx_currency/credits.rpak",600
78,79,18000,"settings/itemflav/pack/cosmetic_rare.rpak",1
0,0,0,"settings/itemflav/grx_currency/credits.rpak",600
79,80,18000,"settings/itemflav/grx_currency/credits.rpak",600
80,81,18000,"settings/itemflav/pack/cosmetic_rare.rpak",1
0,0,0,"settings/itemflav/grx_currency/credits.rpak",600
81,82,18000,"settings/itemflav/grx_currency/credits.rpak",600
82,83,18000,"settings/itemflav/pack/cosmetic_rare.rpak",1
0,0,0,"settings/itemflav/grx_currency/credits.rpak",600
83,84,18000,"settings/itemflav/grx_currency/credits.rpak",600
84,85,18000,"settings/itemflav/pack/cosmetic_rare.rpak",1
0,0,0,"settings/itemflav/grx_currency/credits.rpak",600
85,86,18000,"settings/itemflav/grx_currency/credits.rpak",600
86,87,18000,"settings/itemflav/pack/cosmetic_rare.rpak",1
0,0,0,"settings/itemflav/grx_currency/credits.rpak",600
87,88,18000,"settings/itemflav/grx_currency/credits.rpak",600
88,89,18000,"settings/itemflav/pack/cosmetic_rare.rpak",1
0,0,0,"settings/itemflav/grx_currency/credits.rpak",600
89,90,18000,"settings/itemflav/grx_currency/credits.rpak",600
90,91,18000,"settings/itemflav/pack/cosmetic_rare.rpak",1
0,0,0,"settings/itemflav/grx_currency/credits.rpak",600
91,92,18000,"settings/itemflav/grx_currency/credits.rpak",600
92,93,18000,"settings/itemflav/pack/cosmetic_rare.rpak",1
0,0,0,"settings/itemflav/grx_currency/credits.rpak",600
93,94,18000,"settings/itemflav/grx_currency/credits.rpak",600
94,95,18000,"settings/itemflav/pack/cosmetic_rare.rpak",1
0,0,0,"settings/itemflav/grx_currency/credits.rpak",600
95,96,18000,"settings/itemflav/grx_currency/credits.rpak",600
96,97,18000,"settings/itemflav/pack/cosmetic_rare.rpak",1
0,0,0,"settings/itemflav/grx_currency/credits.rpak",600
97,98,18000,"settings/itemflav/grx_currency/credits.rpak",600
98,99,18000,"settings/itemflav/pack/cosmetic_rare.rpak",1
0,0,0,"settings/itemflav/grx_currency/credits.rpak",600
0,0,0,"settings/itemflav/weapon_charm/charm_apex_mode_v20_br_ranklevel_100v01.rpak",1
99,100,18000,"settings/itemflav/grx_currency/credits.rpak",600
100,101,18000,"settings/itemflav/pack/cosmetic_rare.rpak",1
0,0,0,"settings/itemflav/grx_currency/credits.rpak",600
101,102,18000,"settings/itemflav/grx_currency/credits.rpak",600
102,103,18000,"settings/itemflav/pack/cosmetic_rare.rpak",1
0,0,0,"settings/itemflav/grx_currency/credits.rpak",600
103,104,18000,"settings/itemflav/grx_currency/credits.rpak",600
104,105,18000,"settings/itemflav/pack/cosmetic_rare.rpak",1
0,0,0,"settings/itemflav/grx_currency/credits.rpak",600
105,106,18000,"settings/itemflav/grx_currency/credits.rpak",600
106,107,18000,"settings/itemflav/pack/cosmetic_rare.rpak",1
0,0,0,"settings/itemflav/grx_currency/credits.rpak",600
107,108,18000,"settings/itemflav/grx_currency/credits.rpak",600
108,109,18000,"settings/itemflav/pack/cosmetic_rare.rpak",1
0,0,0,"settings/itemflav/grx_currency/credits.rpak",600
109,110,18000,"settings/itemflav/grx_currency/credits.rpak",600
110,111,18000,"settings/itemflav/pack/cosmetic_rare.rpak",1
0,0,0,"settings/itemflav/grx_currency/credits.rpak",600
111,112,18000,"settings/itemflav/grx_currency/credits.rpak",600
112,113,18000,"settings/itemflav/pack/cosmetic_rare.rpak",1
0,0,0,"settings/itemflav/grx_currency/credits.rpak",600
113,114,18000,"settings/itemflav/grx_currency/credits.rpak",600
114,115,18000,"settings/itemflav/pack/cosmetic_rare.rpak",1
0,0,0,"settings/itemflav/grx_currency/credits.rpak",600
115,116,18000,"settings/itemflav/grx_currency/credits.rpak",600
116,117,18000,"settings/itemflav/pack/cosmetic_rare.rpak",1
0,0,0,"settings/itemflav/grx_currency/credits.rpak",600
117,118,18000,"settings/itemflav/grx_currency/credits.rpak",600
118,119,18000,"settings/itemflav/pack/cosmetic_rare.rpak",1
0,0,0,"settings/itemflav/grx_currency/credits.rpak",600
119,120,18000,"settings/itemflav/grx_currency/credits.rpak",600
120,121,18000,"settings/itemflav/pack/cosmetic_rare.rpak",1
0,0,0,"settings/itemflav/grx_currency/credits.rpak",600
121,122,18000,"settings/itemflav/grx_currency/credits.rpak",600
122,123,18000,"settings/itemflav/pack/cosmetic_rare.rpak",1
0,0,0,"settings/itemflav/grx_currency/credits.rpak",600
123,124,18000,"settings/itemflav/grx_currency/credits.rpak",600
124,125,18000,"settings/itemflav/pack/cosmetic_rare.rpak",1
0,0,0,"settings/itemflav/grx_currency/credits.rpak",600
125,126,18000,"settings/itemflav/grx_currency/credits.rpak",600
126,127,18000,"settings/itemflav/pack/cosmetic_rare.rpak",1
0,0,0,"settings/itemflav/grx_currency/credits.rpak",600
127,128,18000,"settings/itemflav/grx_currency/credits.rpak",600
128,129,18000,"settings/itemflav/pack/cosmetic_rare.rpak",1
0,0,0,"settings/itemflav/grx_currency/credits.rpak",600
129,130,18000,"settings/itemflav/grx_currency/credits.rpak",600
130,131,18000,"settings/itemflav/pack/cosmetic_rare.rpak",1
0,0,0,"settings/itemflav/grx_currency/credits.rpak",600
131,132,18000,"settings/itemflav/grx_currency/credits.rpak",600
132,133,18000,"settings/itemflav/pack/cosmetic_rare.rpak",1
0,0,0,"settings/itemflav/grx_currency/credits.rpak",600
133,134,18000,"settings/itemflav/grx_currency/credits.rpak",600
134,135,18000,"settings/itemflav/pack/cosmetic_rare.rpak",1
0,0,0,"settings/itemflav/grx_currency/credits.rpak",600
135,136,18000,"settings/itemflav/grx_currency/credits.rpak",600
136,137,18000,"settings/itemflav/pack/cosmetic_rare.rpak",1
0,0,0,"settings/itemflav/grx_currency/credits.rpak",600
137,138,18000,"settings/itemflav/grx_currency/credits.rpak",600
138,139,18000,"settings/itemflav/pack/cosmetic_rare.rpak",1
0,0,0,"settings/itemflav/grx_currency/credits.rpak",600
139,140,18000,"settings/itemflav/grx_currency/credits.rpak",600
140,141,18000,"settings/itemflav/pack/cosmetic_rare.rpak",1
0,0,0,"settings/itemflav/grx_currency/credits.rpak",600
141,142,18000,"settings/itemflav/grx_currency/credits.rpak",600
142,143,18000,"settings/itemflav/pack/cosmetic_rare.rpak",1
0,0,0,"settings/itemflav/grx_currency/credits.rpak",600
143,144,18000,"settings/itemflav/grx_currency/credits.rpak",600
144,145,18000,"settings/itemflav/pack/cosmetic_rare.rpak",1
0,0,0,"settings/itemflav/grx_currency/credits.rpak",600
145,146,18000,"settings/itemflav/grx_currency/credits.rpak",600
146,147,18000,"settings/itemflav/pack/cosmetic_rare.rpak",1
0,0,0,"settings/itemflav/grx_currency/credits.rpak",600
147,148,18000,"settings/itemflav/grx_currency/credits.rpak",600
148,149,18000,"settings/itemflav/pack/cosmetic_rare.rpak",1
0,0,0,"settings/itemflav/grx_currency/credits.rpak",600
149,150,18000,"settings/itemflav/grx_currency/credits.rpak",600
150,151,18000,"settings/itemflav/pack/cosmetic_rare.rpak",1
0,0,0,"settings/itemflav/grx_currency/credits.rpak",600
151,152,18000,"settings/itemflav/grx_currency/credits.rpak",600
152,153,18000,"settings/itemflav/pack/cosmetic_rare.rpak",1
0,0,0,"settings/itemflav/grx_currency/credits.rpak",600
153,154,18000,"settings/itemflav/grx_currency/credits.rpak",600
154,155,18000,"settings/itemflav/pack/cosmetic_rare.rpak",1
0,0,0,"settings/itemflav/grx_currency/credits.rpak",600
155,156,18000,"settings/itemflav/grx_currency/credits.rpak",600
156,157,18000,"settings/itemflav/pack/cosmetic_rare.rpak",1
0,0,0,"settings/itemflav/grx_currency/credits.rpak",600
157,158,18000,"settings/itemflav/grx_currency/credits.rpak",600
158,159,18000,"settings/itemflav/pack/cosmetic_rare.rpak",1
0,0,0,"settings/itemflav/grx_currency/credits.rpak",600
159,160,18000,"settings/itemflav/grx_currency/credits.rpak",600
160,161,18000,"settings/itemflav/pack/cosmetic_rare.rpak",1
0,0,0,"settings/itemflav/grx_currency/credits.rpak",600
161,162,18000,"settings/itemflav/grx_currency/credits.rpak",600
162,163,18000,"settings/itemflav/pack/cosmetic_rare.rpak",1
0,0,0,"settings/itemflav/grx_currency/credits.rpak",600
163,164,18000,"settings/itemflav/grx_currency/credits.rpak",600
164,165,18000,"settings/itemflav/pack/cosmetic_rare.rpak",1
0,0,0,"settings/itemflav/grx_currency/credits.rpak",600
165,166,18000,"settings/itemflav/grx_currency/credits.rpak",600
166,167,18000,"settings/itemflav/pack/cosmetic_rare.rpak",1
0,0,0,"settings/itemflav/grx_currency/credits.rpak",600
167,168,18000,"settings/itemflav/grx_currency/credits.rpak",600
168,169,18000,"settings/itemflav/pack/cosmetic_rare.rpak",1
0,0,0,"settings/itemflav/grx_currency/credits.rpak",600
169,170,18000,"settings/itemflav/grx_currency/credits.rpak",600
170,171,18000,"settings/itemflav/pack/cosmetic_rare.rpak",1
0,0,0,"settings/itemflav/grx_currency/credits.rpak",600
171,172,18000,"settings/itemflav/grx_currency/credits.rpak",600
172,173,18000,"settings/itemflav/pack/cosmetic_rare.rpak",1
0,0,0,"settings/itemflav/grx_currency/credits.rpak",600
173,174,18000,"settings/itemflav/grx_currency/credits.rpak",600
174,175,18000,"settings/itemflav/pack/cosmetic_rare.rpak",1
0,0,0,"settings/itemflav/grx_currency/credits.rpak",600
175,176,18000,"settings/itemflav/grx_currency/credits.rpak",600
176,177,18000,"settings/itemflav/pack/cosmetic_rare.rpak",1
0,0,0,"settings/itemflav/grx_currency/credits.rpak",600
177,178,18000,"settings/itemflav/grx_currency/credits.rpak",600
178,179,18000,"settings/itemflav/pack/cosmetic_rare.rpak",1
0,0,0,"settings/itemflav/grx_currency/credits.rpak",600
179,180,18000,"settings/itemflav/grx_currency/credits.rpak",600
180,181,18000,"settings/itemflav/pack/cosmetic_rare.rpak",1
0,0,0,"settings/itemflav/grx_currency/credits.rpak",600
181,182,18000,"settings/itemflav/grx_currency/credits.rpak",600
182,183,18000,"settings/itemflav/pack/cosmetic_rare.rpak",1
0,0,0,"settings/itemflav/grx_currency/credits.rpak",600
183,184,18000,"settings/itemflav/grx_currency/credits.rpak",600
184,185,18000,"settings/itemflav/pack/cosmetic_rare.rpak",1
0,0,0,"settings/itemflav/grx_currency/credits.rpak",600
185,186,18000,"settings/itemflav/grx_currency/credits.rpak",600
186,187,18000,"settings/itemflav/pack/cosmetic_rare.rpak",1
0,0,0,"settings/itemflav/grx_currency/credits.rpak",600
187,188,18000,"settings/itemflav/grx_currency/credits.rpak",600
188,189,18000,"settings/itemflav/pack/cosmetic_rare.rpak",1
0,0,0,"settings/itemflav/grx_currency/credits.rpak",600
189,190,18000,"settings/itemflav/grx_currency/credits.rpak",600
190,191,18000,"settings/itemflav/pack/cosmetic_rare.rpak",1
0,0,0,"settings/itemflav/grx_currency/credits.rpak",600
191,192,18000,"settings/itemflav/grx_currency/credits.rpak",600
192,193,18000,"settings/itemflav/pack/cosmetic_rare.rpak",1
0,0,0,"settings/itemflav/grx_currency/credits.rpak",600
193,194,18000,"settings/itemflav/grx_currency/credits.rpak",600
194,195,18000,"settings/itemflav/pack/cosmetic_rare.rpak",1
0,0,0,"settings/itemflav/grx_currency/credits.rpak",600
195,196,18000,"settings/itemflav/grx_currency/credits.rpak",600
196,197,18000,"settings/itemflav/pack/cosmetic_rare.rpak",1
0,0,0,"settings/itemflav/grx_currency/credits.rpak",600
197,198,18000,"settings/itemflav/grx_currency/credits.rpak",600
198,199,18000,"settings/itemflav/pack/cosmetic_rare.rpak",1
0,0,0,"settings/itemflav/grx_currency/credits.rpak",600
0,0,0,"settings/itemflav/weapon_charm/charm_apex_mode_v20_br_ranklevel_200v01.rpak",1
199,200,18000,"settings/itemflav/grx_currency/credits.rpak",600
200,201,18000,"settings/itemflav/pack/cosmetic_rare.rpak",1
0,0,0,"settings/itemflav/grx_currency/credits.rpak",600
201,202,18000,"settings/itemflav/grx_currency/credits.rpak",600
202,203,18000,"settings/itemflav/pack/cosmetic_rare.rpak",1
0,0,0,"settings/itemflav/grx_currency/credits.rpak",600
203,204,18000,"settings/itemflav/grx_currency/credits.rpak",600
204,205,18000,"settings/itemflav/pack/cosmetic_rare.rpak",1
0,0,0,"settings/itemflav/grx_currency/credits.rpak",600
205,206,18000,"settings/itemflav/grx_currency/credits.rpak",600
206,207,18000,"settings/itemflav/pack/cosmetic_rare.rpak",1
0,0,0,"settings/itemflav/grx_currency/credits.rpak",600
207,208,18000,"settings/itemflav/grx_currency/credits.rpak",600
208,209,18000,"settings/itemflav/pack/cosmetic_rare.rpak",1
0,0,0,"settings/itemflav/grx_currency/credits.rpak",600
209,210,18000,"settings/itemflav/grx_currency/credits.rpak",600
210,211,18000,"settings/itemflav/pack/cosmetic_rare.rpak",1
0,0,0,"settings/itemflav/grx_currency/credits.rpak",600
211,212,18000,"settings/itemflav/grx_currency/credits.rpak",600
212,213,18000,"settings/itemflav/pack/cosmetic_rare.rpak",1
0,0,0,"settings/itemflav/grx_currency/credits.rpak",600
213,214,18000,"settings/itemflav/grx_currency/credits.rpak",600
214,215,18000,"settings/itemflav/pack/cosmetic_rare.rpak",1
0,0,0,"settings/itemflav/grx_currency/credits.rpak",600
215,216,18000,"settings/itemflav/grx_currency/credits.rpak",600
216,217,18000,"settings/itemflav/pack/cosmetic_rare.rpak",1
0,0,0,"settings/itemflav/grx_currency/credits.rpak",600
217,218,18000,"settings/itemflav/grx_currency/credits.rpak",600
218,219,18000,"settings/itemflav/pack/cosmetic_rare.rpak",1
0,0,0,"settings/itemflav/grx_currency/credits.rpak",600
219,220,18000,"settings/itemflav/grx_currency/credits.rpak",600
220,221,18000,"settings/itemflav/pack/cosmetic_rare.rpak",1
0,0,0,"settings/itemflav/grx_currency/credits.rpak",600
221,222,18000,"settings/itemflav/grx_currency/credits.rpak",600
222,223,18000,"settings/itemflav/pack/cosmetic_rare.rpak",1
0,0,0,"settings/itemflav/grx_currency/credits.rpak",600
223,224,18000,"settings/itemflav/grx_currency/credits.rpak",600
224,225,18000,"settings/itemflav/pack/cosmetic_rare.rpak",1
0,0,0,"settings/itemflav/grx_currency/credits.rpak",600
225,226,18000,"settings/itemflav/grx_currency/credits.rpak",600
226,227,18000,"settings/itemflav/pack/cosmetic_rare.rpak",1
0,0,0,"settings/itemflav/grx_currency/credits.rpak",600
227,228,18000,"settings/itemflav/grx_currency/credits.rpak",600
228,229,18000,"settings/itemflav/pack/cosmetic_rare.rpak",1
0,0,0,"settings/itemflav/grx_currency/credits.rpak",600
229,230,18000,"settings/itemflav/grx_currency/credits.rpak",600
230,231,18000,"settings/itemflav/pack/cosmetic_rare.rpak",1
0,0,0,"settings/itemflav/grx_currency/credits.rpak",600
231,232,18000,"settings/itemflav/grx_currency/credits.rpak",600
232,233,18000,"settings/itemflav/pack/cosmetic_rare.rpak",1
0,0,0,"settings/itemflav/grx_currency/credits.rpak",600
233,234,18000,"settings/itemflav/grx_currency/credits.rpak",600
234,235,18000,"settings/itemflav/pack/cosmetic_rare.rpak",1
0,0,0,"settings/itemflav/grx_currency/credits.rpak",600
235,236,18000,"settings/itemflav/grx_currency/credits.rpak",600
236,237,18000,"settings/itemflav/pack/cosmetic_rare.rpak",1
0,0,0,"settings/itemflav/grx_currency/credits.rpak",600
237,238,18000,"settings/itemflav/grx_currency/credits.rpak",600
238,239,18000,"settings/itemflav/pack/cosmetic_rare.rpak",1
0,0,0,"settings/itemflav/grx_currency/credits.rpak",600
239,240,18000,"settings/itemflav/grx_currency/credits.rpak",600
240,241,18000,"settings/itemflav/pack/cosmetic_rare.rpak",1
0,0,0,"settings/itemflav/grx_currency/credits.rpak",600
241,242,18000,"settings/itemflav/grx_currency/credits.rpak",600
242,243,18000,"settings/itemflav/pack/cosmetic_rare.rpak",1
0,0,0,"settings/itemflav/grx_currency/credits.rpak",600
243,244,18000,"settings/itemflav/grx_currency/credits.rpak",600
244,245,18000,"settings/itemflav/pack/cosmetic_rare.rpak",1
0,0,0,"settings/itemflav/grx_currency/credits.rpak",600
245,246,18000,"settings/itemflav/grx_currency/credits.rpak",600
246,247,18000,"settings/itemflav/pack/cosmetic_rare.rpak",1
0,0,0,"settings/itemflav/grx_currency/credits.rpak",600
247,248,18000,"settings/itemflav/grx_currency/credits.rpak",600
248,249,18000,"settings/itemflav/pack/cosmetic_rare.rpak",1
0,0,0,"settings/itemflav/grx_currency/credits.rpak",600
249,250,18000,"settings/itemflav/grx_currency/credits.rpak",600
250,251,18000,"settings/itemflav/pack/cosmetic_rare.rpak",1
0,0,0,"settings/itemflav/grx_currency/credits.rpak",600
251,252,18000,"settings/itemflav/grx_currency/credits.rpak",600
252,253,18000,"settings/itemflav/pack/cosmetic_rare.rpak",1
0,0,0,"settings/itemflav/grx_currency/credits.rpak",600
253,254,18000,"settings/itemflav/grx_currency/credits.rpak",600
254,255,18000,"settings/itemflav/pack/cosmetic_rare.rpak",1
0,0,0,"settings/itemflav/grx_currency/credits.rpak",600
255,256,18000,"settings/itemflav/grx_currency/credits.rpak",600
256,257,18000,"settings/itemflav/pack/cosmetic_rare.rpak",1
0,0,0,"settings/itemflav/grx_currency/credits.rpak",600
257,258,18000,"settings/itemflav/grx_currency/credits.rpak",600
258,259,18000,"settings/itemflav/pack/cosmetic_rare.rpak",1
0,0,0,"settings/itemflav/grx_currency/credits.rpak",600
259,260,18000,"settings/itemflav/grx_currency/credits.rpak",600
260,261,18000,"settings/itemflav/pack/cosmetic_rare.rpak",1
0,0,0,"settings/itemflav/grx_currency/credits.rpak",600
261,262,18000,"settings/itemflav/grx_currency/credits.rpak",600
262,263,18000,"settings/itemflav/pack/cosmetic_rare.rpak",1
0,0,0,"settings/itemflav/grx_currency/credits.rpak",600
263,264,18000,"settings/itemflav/grx_currency/credits.rpak",600
264,265,18000,"settings/itemflav/pack/cosmetic_rare.rpak",1
0,0,0,"settings/itemflav/grx_currency/credits.rpak",600
265,266,18000,"settings/itemflav/grx_currency/credits.rpak",600
266,267,18000,"settings/itemflav/pack/cosmetic_rare.rpak",1
0,0,0,"settings/itemflav/grx_currency/credits.rpak",600
267,268,18000,"settings/itemflav/grx_currency/credits.rpak",600
268,269,18000,"settings/itemflav/pack/cosmetic_rare.rpak",1
0,0,0,"settings/itemflav/grx_currency/credits.rpak",600
269,270,18000,"settings/itemflav/grx_currency/credits.rpak",600
270,271,18000,"settings/itemflav/pack/cosmetic_rare.rpak",1
0,0,0,"settings/itemflav/grx_currency/credits.rpak",600
271,272,18000,"settings/itemflav/grx_currency/credits.rpak",600
272,273,18000,"settings/itemflav/pack/cosmetic_rare.rpak",1
0,0,0,"settings/itemflav/grx_currency/credits.rpak",600
273,274,18000,"settings/itemflav/grx_currency/credits.rpak",600
274,275,18000,"settings/itemflav/pack/cosmetic_rare.rpak",1
0,0,0,"settings/itemflav/grx_currency/credits.rpak",600
275,276,18000,"settings/itemflav/grx_currency/credits.rpak",600
276,277,18000,"settings/itemflav/pack/cosmetic_rare.rpak",1
0,0,0,"settings/itemflav/grx_currency/credits.rpak",600
277,278,18000,"settings/itemflav/grx_currency/credits.rpak",600
278,279,18000,"settings/itemflav/pack/cosmetic_rare.rpak",1
0,0,0,"settings/itemflav/grx_currency/credits.rpak",600
279,280,18000,"settings/itemflav/grx_currency/credits.rpak",600
280,281,18000,"settings/itemflav/pack/cosmetic_rare.rpak",1
0,0,0,"settings/itemflav/grx_currency/credits.rpak",600
281,282,18000,"settings/itemflav/grx_currency/credits.rpak",600
282,283,18000,"settings/itemflav/pack/cosmetic_rare.rpak",1
0,0,0,"settings/itemflav/grx_currency/credits.rpak",600
283,284,18000,"settings/itemflav/grx_currency/credits.rpak",600
284,285,18000,"settings/itemflav/pack/cosmetic_rare.rpak",1
0,0,0,"settings/itemflav/grx_currency/credits.rpak",600
285,286,18000,"settings/itemflav/grx_currency/credits.rpak",600
286,287,18000,"settings/itemflav/pack/cosmetic_rare.rpak",1
0,0,0,"settings/itemflav/grx_currency/credits.rpak",600
287,288,18000,"settings/itemflav/grx_currency/credits.rpak",600
288,289,18000,"settings/itemflav/pack/cosmetic_rare.rpak",1
0,0,0,"settings/itemflav/grx_currency/credits.rpak",600
289,290,18000,"settings/itemflav/grx_currency/credits.rpak",600
290,291,18000,"settings/itemflav/pack/cosmetic_rare.rpak",1
0,0,0,"settings/itemflav/grx_currency/credits.rpak",600
291,292,18000,"settings/itemflav/grx_currency/credits.rpak",600
292,293,18000,"settings/itemflav/pack/cosmetic_rare.rpak",1
0,0,0,"settings/itemflav/grx_currency/credits.rpak",600
293,294,18000,"settings/itemflav/grx_currency/credits.rpak",600
294,295,18000,"settings/itemflav/pack/cosmetic_rare.rpak",1
0,0,0,"settings/itemflav/grx_currency/credits.rpak",600
295,296,18000,"settings/itemflav/grx_currency/credits.rpak",600
296,297,18000,"settings/itemflav/pack/cosmetic_rare.rpak",1
0,0,0,"settings/itemflav/grx_currency/credits.rpak",600
297,298,18000,"settings/itemflav/grx_currency/credits.rpak",600
298,299,18000,"settings/itemflav/pack/cosmetic_rare.rpak",1
0,0,0,"settings/itemflav/grx_currency/credits.rpak",600
0,0,0,"settings/itemflav/weapon_charm/charm_apex_mode_v20_br_ranklevel_300v01.rpak",1
299,300,18000,"settings/itemflav/grx_currency/credits.rpak",600
300,301,18000,"settings/itemflav/grx_currency/credits.rpak",600
301,302,18000,"settings/itemflav/grx_currency/credits.rpak",600
302,303,18000,"settings/itemflav/grx_currency/credits.rpak",600
303,304,18000,"settings/itemflav/pack/cosmetic_rare.rpak",1
0,0,0,"settings/itemflav/grx_currency/credits.rpak",600
304,305,18000,"settings/itemflav/grx_currency/credits.rpak",600
305,306,18000,"settings/itemflav/grx_currency/credits.rpak",600
306,307,18000,"settings/itemflav/grx_currency/credits.rpak",600
307,308,18000,"settings/itemflav/grx_currency/credits.rpak",600
308,309,18000,"settings/itemflav/pack/cosmetic_rare.rpak",1
0,0,0,"settings/itemflav/grx_currency/credits.rpak",600
309,310,18000,"settings/itemflav/grx_currency/credits.rpak",600
310,311,18000,"settings/itemflav/grx_currency/credits.rpak",600
311,312,18000,"settings/itemflav/grx_currency/credits.rpak",600
312,313,18000,"settings/itemflav/grx_currency/credits.rpak",600
313,314,18000,"settings/itemflav/pack/cosmetic_rare.rpak",1
0,0,0,"settings/itemflav/grx_currency/credits.rpak",600
314,315,18000,"settings/itemflav/grx_currency/credits.rpak",600
315,316,18000,"settings/itemflav/grx_currency/credits.rpak",600
316,317,18000,"settings/itemflav/grx_currency/credits.rpak",600
317,318,18000,"settings/itemflav/grx_currency/credits.rpak",600
318,319,18000,"settings/itemflav/pack/cosmetic_rare.rpak",1
0,0,0,"settings/itemflav/grx_currency/credits.rpak",600
319,320,18000,"settings/itemflav/grx_currency/credits.rpak",600
320,321,18000,"settings/itemflav/grx_currency/credits.rpak",600
321,322,18000,"settings/itemflav/grx_currency/credits.rpak",600
322,323,18000,"settings/itemflav/grx_currency/credits.rpak",600
323,324,18000,"settings/itemflav/pack/cosmetic_rare.rpak",1
0,0,0,"settings/itemflav/grx_currency/credits.rpak",600
324,325,18000,"settings/itemflav/grx_currency/credits.rpak",600
325,326,18000,"settings/itemflav/grx_currency/credits.rpak",600
326,327,18000,"settings/itemflav/grx_currency/credits.rpak",600
327,328,18000,"settings/itemflav/grx_currency/credits.rpak",600
328,329,18000,"settings/itemflav/pack/cosmetic_rare.rpak",1
0,0,0,"settings/itemflav/grx_currency/credits.rpak",600
329,330,18000,"settings/itemflav/grx_currency/credits.rpak",600
330,331,18000,"settings/itemflav/grx_currency/credits.rpak",600
331,332,18000,"settings/itemflav/grx_currency/credits.rpak",600
332,333,18000,"settings/itemflav/grx_currency/credits.rpak",600
333,334,18000,"settings/itemflav/pack/cosmetic_rare.rpak",1
0,0,0,"settings/itemflav/grx_currency/credits.rpak",600
334,335,18000,"settings/itemflav/grx_currency/credits.rpak",600
335,336,18000,"settings/itemflav/grx_currency/credits.rpak",600
336,337,18000,"settings/itemflav/grx_currency/credits.rpak",600
337,338,18000,"settings/itemflav/grx_currency/credits.rpak",600
338,339,18000,"settings/itemflav/pack/cosmetic_rare.rpak",1
0,0,0,"settings/itemflav/grx_currency/credits.rpak",600
339,340,18000,"settings/itemflav/grx_currency/credits.rpak",600
340,341,18000,"settings/itemflav/grx_currency/credits.rpak",600
341,342,18000,"settings/itemflav/grx_currency/credits.rpak",600
342,343,18000,"settings/itemflav/grx_currency/credits.rpak",600
343,344,18000,"settings/itemflav/pack/cosmetic_rare.rpak",1
0,0,0,"settings/itemflav/grx_currency/credits.rpak",600
344,345,18000,"settings/itemflav/grx_currency/credits.rpak",600
345,346,18000,"settings/itemflav/grx_currency/credits.rpak",600
346,347,18000,"settings/itemflav/grx_currency/credits.rpak",600
347,348,18000,"settings/itemflav/grx_currency/credits.rpak",600
348,349,18000,"settings/itemflav/pack/cosmetic_rare.rpak",1
0,0,0,"settings/itemflav/grx_currency/credits.rpak",600
349,350,18000,"settings/itemflav/grx_currency/credits.rpak",600
350,351,18000,"settings/itemflav/grx_currency/credits.rpak",600
351,352,18000,"settings/itemflav/grx_currency/credits.rpak",600
352,353,18000,"settings/itemflav/grx_currency/credits.rpak",600
353,354,18000,"settings/itemflav/pack/cosmetic_rare.rpak",1
0,0,0,"settings/itemflav/grx_currency/credits.rpak",600
354,355,18000,"settings/itemflav/grx_currency/credits.rpak",600
355,356,18000,"settings/itemflav/grx_currency/credits.rpak",600
356,357,18000,"settings/itemflav/grx_currency/credits.rpak",600
357,358,18000,"settings/itemflav/grx_currency/credits.rpak",600
358,359,18000,"settings/itemflav/pack/cosmetic_rare.rpak",1
0,0,0,"settings/itemflav/grx_currency/credits.rpak",600
359,360,18000,"settings/itemflav/grx_currency/credits.rpak",600
360,361,18000,"settings/itemflav/grx_currency/credits.rpak",600
361,362,18000,"settings/itemflav/grx_currency/credits.rpak",600
362,363,18000,"settings/itemflav/grx_currency/credits.rpak",600
363,364,18000,"settings/itemflav/pack/cosmetic_rare.rpak",1
0,0,0,"settings/itemflav/grx_currency/credits.rpak",600
364,365,18000,"settings/itemflav/grx_currency/credits.rpak",600
365,366,18000,"settings/itemflav/grx_currency/credits.rpak",600
366,367,18000,"settings/itemflav/grx_currency/credits.rpak",600
367,368,18000,"settings/itemflav/grx_currency/credits.rpak",600
368,369,18000,"settings/itemflav/pack/cosmetic_rare.rpak",1
0,0,0,"settings/itemflav/grx_currency/credits.rpak",600
369,370,18000,"settings/itemflav/grx_currency/credits.rpak",600
370,371,18000,"settings/itemflav/grx_currency/credits.rpak",600
371,372,18000,"settings/itemflav/grx_currency/credits.rpak",600
372,373,18000,"settings/itemflav/grx_currency/credits.rpak",600
373,374,18000,"settings/itemflav/pack/cosmetic_rare.rpak",1
0,0,0,"settings/itemflav/grx_currency/credits.rpak",600
374,375,18000,"settings/itemflav/grx_currency/credits.rpak",600
375,376,18000,"settings/itemflav/grx_currency/credits.rpak",600
376,377,18000,"settings/itemflav/grx_currency/credits.rpak",600
377,378,18000,"settings/itemflav/grx_currency/credits.rpak",600
378,379,18000,"settings/itemflav/pack/cosmetic_rare.rpak",1
0,0,0,"settings/itemflav/grx_currency/credits.rpak",600
379,380,18000,"settings/itemflav/grx_currency/credits.rpak",600
380,381,18000,"settings/itemflav/grx_currency/credits.rpak",600
381,382,18000,"settings/itemflav/grx_currency/credits.rpak",600
382,383,18000,"settings/itemflav/grx_currency/credits.rpak",600
383,384,18000,"settings/itemflav/pack/cosmetic_rare.rpak",1
0,0,0,"settings/itemflav/grx_currency/credits.rpak",600
384,385,18000,"settings/itemflav/grx_currency/credits.rpak",600
385,386,18000,"settings/itemflav/grx_currency/credits.rpak",600
386,387,18000,"settings/itemflav/grx_currency/credits.rpak",600
387,388,18000,"settings/itemflav/grx_currency/credits.rpak",600
388,389,18000,"settings/itemflav/pack/cosmetic_rare.rpak",1
0,0,0,"settings/itemflav/grx_currency/credits.rpak",600
389,390,18000,"settings/itemflav/grx_currency/credits.rpak",600
390,391,18000,"settings/itemflav/grx_currency/credits.rpak",600
391,392,18000,"settings/itemflav/grx_currency/credits.rpak",600
392,393,18000,"settings/itemflav/grx_currency/credits.rpak",600
393,394,18000,"settings/itemflav/pack/cosmetic_rare.rpak",1
0,0,0,"settings/itemflav/grx_currency/credits.rpak",600
394,395,18000,"settings/itemflav/grx_currency/credits.rpak",600
395,396,18000,"settings/itemflav/grx_currency/credits.rpak",600
396,397,18000,"settings/itemflav/grx_currency/credits.rpak",600
397,398,18000,"settings/itemflav/grx_currency/credits.rpak",600
398,399,18000,"settings/itemflav/pack/cosmetic_rare.rpak",1
0,0,0,"settings/itemflav/grx_currency/credits.rpak",600
0,0,0,"settings/itemflav/weapon_charm/charm_apex_mode_v20_br_ranklevel_400v01.rpak",1
399,400,18000,"settings/itemflav/grx_currency/credits.rpak",600
400,401,18000,"settings/itemflav/grx_currency/credits.rpak",600
401,402,18000,"settings/itemflav/grx_currency/credits.rpak",600
402,403,18000,"settings/itemflav/grx_currency/credits.rpak",600
403,404,18000,"settings/itemflav/pack/cosmetic_rare.rpak",1
0,0,0,"settings/itemflav/grx_currency/credits.rpak",600
404,405,18000,"settings/itemflav/grx_currency/credits.rpak",600
405,406,18000,"settings/itemflav/grx_currency/credits.rpak",600
406,407,18000,"settings/itemflav/grx_currency/credits.rpak",600
407,408,18000,"settings/itemflav/grx_currency/credits.rpak",600
408,409,18000,"settings/itemflav/pack/cosmetic_rare.rpak",1
0,0,0,"settings/itemflav/grx_currency/credits.rpak",600
409,410,18000,"settings/itemflav/grx_currency/credits.rpak",600
410,411,18000,"settings/itemflav/grx_currency/credits.rpak",600
411,412,18000,"settings/itemflav/grx_currency/credits.rpak",600
412,413,18000,"settings/itemflav/grx_currency/credits.rpak",600
413,414,18000,"settings/itemflav/pack/cosmetic_rare.rpak",1
0,0,0,"settings/itemflav/grx_currency/credits.rpak",600
414,415,18000,"settings/itemflav/grx_currency/credits.rpak",600
415,416,18000,"settings/itemflav/grx_currency/credits.rpak",600
416,417,18000,"settings/itemflav/grx_currency/credits.rpak",600
417,418,18000,"settings/itemflav/grx_currency/credits.rpak",600
418,419,18000,"settings/itemflav/pack/cosmetic_rare.rpak",1
0,0,0,"settings/itemflav/grx_currency/credits.rpak",600
419,420,18000,"settings/itemflav/grx_currency/credits.rpak",600
420,421,18000,"settings/itemflav/grx_currency/credits.rpak",600
421,422,18000,"settings/itemflav/grx_currency/credits.rpak",600
422,423,18000,"settings/itemflav/grx_currency/credits.rpak",600
423,424,18000,"settings/itemflav/pack/cosmetic_rare.rpak",1
0,0,0,"settings/itemflav/grx_currency/credits.rpak",600
424,425,18000,"settings/itemflav/grx_currency/credits.rpak",600
425,426,18000,"settings/itemflav/grx_currency/credits.rpak",600
426,427,18000,"settings/itemflav/grx_currency/credits.rpak",600
427,428,18000,"settings/itemflav/grx_currency/credits.rpak",600
428,429,18000,"settings/itemflav/pack/cosmetic_rare.rpak",1
0,0,0,"settings/itemflav/grx_currency/credits.rpak",600
429,430,18000,"settings/itemflav/grx_currency/credits.rpak",600
430,431,18000,"settings/itemflav/grx_currency/credits.rpak",600
431,432,18000,"settings/itemflav/grx_currency/credits.rpak",600
432,433,18000,"settings/itemflav/grx_currency/credits.rpak",600
433,434,18000,"settings/itemflav/pack/cosmetic_rare.rpak",1
0,0,0,"settings/itemflav/grx_currency/credits.rpak",600
434,435,18000,"settings/itemflav/grx_currency/credits.rpak",600
435,436,18000,"settings/itemflav/grx_currency/credits.rpak",600
436,437,18000,"settings/itemflav/grx_currency/credits.rpak",600
437,438,18000,"settings/itemflav/grx_currency/credits.rpak",600
438,439,18000,"settings/itemflav/pack/cosmetic_rare.rpak",1
0,0,0,"settings/itemflav/grx_currency/credits.rpak",600
439,440,18000,"settings/itemflav/grx_currency/credits.rpak",600
440,441,18000,"settings/itemflav/grx_currency/credits.rpak",600
441,442,18000,"settings/itemflav/grx_currency/credits.rpak",600
442,443,18000,"settings/itemflav/grx_currency/credits.rpak",600
443,444,18000,"settings/itemflav/pack/cosmetic_rare.rpak",1
0,0,0,"settings/itemflav/grx_currency/credits.rpak",600
444,445,18000,"settings/itemflav/grx_currency/credits.rpak",600
445,446,18000,"settings/itemflav/grx_currency/credits.rpak",600
446,447,18000,"settings/itemflav/grx_currency/credits.rpak",600
447,448,18000,"settings/itemflav/grx_currency/credits.rpak",600
448,449,18000,"settings/itemflav/pack/cosmetic_rare.rpak",1
0,0,0,"settings/itemflav/grx_currency/credits.rpak",600
449,450,18000,"settings/itemflav/grx_currency/credits.rpak",600
450,451,18000,"settings/itemflav/grx_currency/credits.rpak",600
451,452,18000,"settings/itemflav/grx_currency/credits.rpak",600
452,453,18000,"settings/itemflav/grx_currency/credits.rpak",600
453,454,18000,"settings/itemflav/pack/cosmetic_rare.rpak",1
0,0,0,"settings/itemflav/grx_currency/credits.rpak",600
454,455,18000,"settings/itemflav/grx_currency/credits.rpak",600
455,456,18000,"settings/itemflav/grx_currency/credits.rpak",600
456,457,18000,"settings/itemflav/grx_currency/credits.rpak",600
457,458,18000,"settings/itemflav/grx_currency/credits.rpak",600
458,459,18000,"settings/itemflav/pack/cosmetic_rare.rpak",1
0,0,0,"settings/itemflav/grx_currency/credits.rpak",600
459,460,18000,"settings/itemflav/grx_currency/credits.rpak",600
460,461,18000,"settings/itemflav/grx_currency/credits.rpak",600
461,462,18000,"settings/itemflav/grx_currency/credits.rpak",600
462,463,18000,"settings/itemflav/grx_currency/credits.rpak",600
463,464,18000,"settings/itemflav/pack/cosmetic_rare.rpak",1
0,0,0,"settings/itemflav/grx_currency/credits.rpak",600
464,465,18000,"settings/itemflav/grx_currency/credits.rpak",600
465,466,18000,"settings/itemflav/grx_currency/credits.rpak",600
466,467,18000,"settings/itemflav/grx_currency/credits.rpak",600
467,468,18000,"settings/itemflav/grx_currency/credits.rpak",600
468,469,18000,"settings/itemflav/pack/cosmetic_rare.rpak",1
0,0,0,"settings/itemflav/grx_currency/credits.rpak",600
469,470,18000,"settings/itemflav/grx_currency/credits.rpak",600
470,471,18000,"settings/itemflav/grx_currency/credits.rpak",600
471,472,18000,"settings/itemflav/grx_currency/credits.rpak",600
472,473,18000,"settings/itemflav/grx_currency/credits.rpak",600
473,474,18000,"settings/itemflav/pack/cosmetic_rare.rpak",1
0,0,0,"settings/itemflav/grx_currency/credits.rpak",600
474,475,18000,"settings/itemflav/grx_currency/credits.rpak",600
475,476,18000,"settings/itemflav/grx_currency/credits.rpak",600
476,477,18000,"settings/itemflav/grx_currency/credits.rpak",600
477,478,18000,"settings/itemflav/grx_currency/credits.rpak",600
478,479,18000,"settings/itemflav/grx_currency/credits.rpak",600
479,480,18000,"settings/itemflav/pack/cosmetic_rare.rpak",1
0,0,0,"settings/itemflav/grx_currency/credits.rpak",600
480,481,18000,"settings/itemflav/grx_currency/credits.rpak",600
481,482,18000,"settings/itemflav/grx_currency/credits.rpak",600
482,483,18000,"settings/itemflav/grx_currency/credits.rpak",600
483,484,18000,"settings/itemflav/pack/cosmetic_rare.rpak",1
0,0,0,"settings/itemflav/grx_currency/credits.rpak",600
484,485,18000,"settings/itemflav/grx_currency/credits.rpak",600
485,486,18000,"settings/itemflav/grx_currency/credits.rpak",600
486,487,18000,"settings/itemflav/grx_currency/credits.rpak",600
487,488,18000,"settings/itemflav/grx_currency/credits.rpak",600
488,489,18000,"settings/itemflav/pack/cosmetic_rare.rpak",1
0,0,0,"settings/itemflav/grx_currency/credits.rpak",600
489,490,18000,"settings/itemflav/grx_currency/credits.rpak",600
490,491,18000,"settings/itemflav/grx_currency/credits.rpak",600
491,492,18000,"settings/itemflav/grx_currency/credits.rpak",600
492,493,18000,"settings/itemflav/grx_currency/credits.rpak",600
493,494,18000,"settings/itemflav/pack/cosmetic_rare.rpak",1
0,0,0,"settings/itemflav/grx_currency/credits.rpak",600
494,495,18000,"settings/itemflav/grx_currency/credits.rpak",600
495,496,18000,"settings/itemflav/grx_currency/credits.rpak",600
496,497,18000,"settings/itemflav/grx_currency/credits.rpak",600
497,498,18000,"settings/itemflav/grx_currency/credits.rpak",600
498,499,18000,"settings/itemflav/pack/cosmetic_rare.rpak",1
0,0,0,"settings/itemflav/grx_currency/credits.rpak",600
0,0,0,"settings/itemflav/weapon_charm/charm_apex_mode_v20_br_ranklevel_500v01.rpak",1
499,500,18000,"settings/itemflav/grx_currency/credits.rpak",600
500,501,18000,"settings/itemflav/pack/cosmetic_rare.rpak",1
0,0,0,"settings/itemflav/grx_currency/credits.rpak",600
501,502,18000,"settings/itemflav/grx_currency/credits.rpak",600
502,503,18000,"settings/itemflav/grx_currency/credits.rpak",600
503,504,18000,"settings/itemflav/grx_currency/credits.rpak",600
504,505,18000,"settings/itemflav/grx_currency/credits.rpak",600
505,506,18000,"settings/itemflav/grx_currency/credits.rpak",600
506,507,18000,"settings/itemflav/grx_currency/credits.rpak",600
507,508,18000,"settings/itemflav/grx_currency/credits.rpak",600
508,509,18000,"settings/itemflav/grx_currency/credits.rpak",600
509,510,18000,"settings/itemflav/grx_currency/credits.rpak",600
510,511,18000,"settings/itemflav/pack/cosmetic_rare.rpak",1
0,0,0,"settings/itemflav/grx_currency/credits.rpak",600
511,512,18000,"settings/itemflav/grx_currency/credits.rpak",600
512,513,18000,"settings/itemflav/grx_currency/credits.rpak",600
513,514,18000,"settings/itemflav/grx_currency/credits.rpak",600
514,515,18000,"settings/itemflav/grx_currency/credits.rpak",600
515,516,18000,"settings/itemflav/grx_currency/credits.rpak",600
516,517,18000,"settings/itemflav/grx_currency/credits.rpak",600
517,518,18000,"settings/itemflav/grx_currency/credits.rpak",600
518,519,18000,"settings/itemflav/grx_currency/credits.rpak",600
519,520,18000,"settings/itemflav/grx_currency/credits.rpak",600
520,521,18000,"settings/itemflav/pack/cosmetic_rare.rpak",1
0,0,0,"settings/itemflav/grx_currency/credits.rpak",600
521,522,18000,"settings/itemflav/grx_currency/credits.rpak",600
522,523,18000,"settings/itemflav/grx_currency/credits.rpak",600
523,524,18000,"settings/itemflav/grx_currency/credits.rpak",600
524,525,18000,"settings/itemflav/grx_currency/credits.rpak",600
525,526,18000,"settings/itemflav/grx_currency/credits.rpak",600
526,527,18000,"settings/itemflav/grx_currency/credits.rpak",600
527,528,18000,"settings/itemflav/grx_currency/credits.rpak",600
528,529,18000,"settings/itemflav/grx_currency/credits.rpak",600
529,530,18000,"settings/itemflav/grx_currency/credits.rpak",600
530,531,18000,"settings/itemflav/pack/cosmetic_rare.rpak",1
0,0,0,"settings/itemflav/grx_currency/credits.rpak",600
531,532,18000,"settings/itemflav/grx_currency/credits.rpak",600
532,533,18000,"settings/itemflav/grx_currency/credits.rpak",600
533,534,18000,"settings/itemflav/grx_currency/credits.rpak",600
534,535,18000,"settings/itemflav/grx_currency/credits.rpak",600
535,536,18000,"settings/itemflav/grx_currency/credits.rpak",600
536,537,18000,"settings/itemflav/grx_currency/credits.rpak",600
537,538,18000,"settings/itemflav/grx_currency/credits.rpak",600
538,539,18000,"settings/itemflav/grx_currency/credits.rpak",600
539,540,18000,"settings/itemflav/grx_currency/credits.rpak",600
540,541,18000,"settings/itemflav/pack/cosmetic_rare.rpak",1
0,0,0,"settings/itemflav/grx_currency/credits.rpak",600
541,542,18000,"settings/itemflav/grx_currency/credits.rpak",600
542,543,18000,"settings/itemflav/grx_currency/credits.rpak",600
543,544,18000,"settings/itemflav/grx_currency/credits.rpak",600
544,545,18000,"settings/itemflav/grx_currency/credits.rpak",600
545,546,18000,"settings/itemflav/grx_currency/credits.rpak",600
546,547,18000,"settings/itemflav/grx_currency/credits.rpak",600
547,548,18000,"settings/itemflav/grx_currency/credits.rpak",600
548,549,18000,"settings/itemflav/grx_currency/credits.rpak",600
549,550,18000,"settings/itemflav/grx_currency/credits.rpak",600
550,551,18000,"settings/itemflav/pack/cosmetic_rare.rpak",1
0,0,0,"settings/itemflav/grx_currency/credits.rpak",600
551,552,18000,"settings/itemflav/grx_currency/credits.rpak",600
552,553,18000,"settings/itemflav/grx_currency/credits.rpak",600
553,554,18000,"settings/itemflav/grx_currency/credits.rpak",600
554,555,18000,"settings/itemflav/grx_currency/credits.rpak",600
555,556,18000,"settings/itemflav/grx_currency/credits.rpak",600
556,557,18000,"settings/itemflav/grx_currency/credits.rpak",600
557,558,18000,"settings/itemflav/grx_currency/credits.rpak",600
558,559,18000,"settings/itemflav/grx_currency/credits.rpak",600
559,560,18000,"settings/itemflav/grx_currency/credits.rpak",600
560,561,18000,"settings/itemflav/pack/cosmetic_rare.rpak",1
0,0,0,"settings/itemflav/grx_currency/credits.rpak",600
561,562,18000,"settings/itemflav/grx_currency/credits.rpak",600
562,563,18000,"settings/itemflav/grx_currency/credits.rpak",600
563,564,18000,"settings/itemflav/grx_currency/credits.rpak",600
564,565,18000,"settings/itemflav/grx_currency/credits.rpak",600
565,566,18000,"settings/itemflav/grx_currency/credits.rpak",600
566,567,18000,"settings/itemflav/grx_currency/credits.rpak",600
567,568,18000,"settings/itemflav/grx_currency/credits.rpak",600
568,569,18000,"settings/itemflav/grx_currency/credits.rpak",600
569,570,18000,"settings/itemflav/grx_currency/credits.rpak",600
570,571,18000,"settings/itemflav/pack/cosmetic_rare.rpak",1
0,0,0,"settings/itemflav/grx_currency/credits.rpak",600
571,572,18000,"settings/itemflav/grx_currency/credits.rpak",600
572,573,18000,"settings/itemflav/grx_currency/credits.rpak",600
573,574,18000,"settings/itemflav/grx_currency/credits.rpak",600
574,575,18000,"settings/itemflav/grx_currency/credits.rpak",600
575,576,18000,"settings/itemflav/grx_currency/credits.rpak",600
576,577,18000,"settings/itemflav/grx_currency/credits.rpak",600
577,578,18000,"settings/itemflav/grx_currency/credits.rpak",600
578,579,18000,"settings/itemflav/grx_currency/credits.rpak",600
579,580,18000,"settings/itemflav/grx_currency/credits.rpak",600
580,581,18000,"settings/itemflav/pack/cosmetic_rare.rpak",1
0,0,0,"settings/itemflav/grx_currency/credits.rpak",600
581,582,18000,"settings/itemflav/grx_currency/credits.rpak",600
582,583,18000,"settings/itemflav/grx_currency/credits.rpak",600
583,584,18000,"settings/itemflav/grx_currency/credits.rpak",600
584,585,18000,"settings/itemflav/grx_currency/credits.rpak",600
585,586,18000,"settings/itemflav/grx_currency/credits.rpak",600
586,587,18000,"settings/itemflav/grx_currency/credits.rpak",600
587,588,18000,"settings/itemflav/grx_currency/credits.rpak",600
588,589,18000,"settings/itemflav/grx_currency/credits.rpak",600
589,590,18000,"settings/itemflav/grx_currency/credits.rpak",600
590,591,18000,"settings/itemflav/pack/cosmetic_rare.rpak",1
0,0,0,"settings/itemflav/grx_currency/credits.rpak",600
591,592,18000,"settings/itemflav/grx_currency/credits.rpak",600
592,593,18000,"settings/itemflav/grx_currency/credits.rpak",600
593,594,18000,"settings/itemflav/grx_currency/credits.rpak",600
594,595,18000,"settings/itemflav/grx_currency/credits.rpak",600
595,596,18000,"settings/itemflav/grx_currency/credits.rpak",600
596,597,18000,"settings/itemflav/grx_currency/credits.rpak",600
597,598,18000,"settings/itemflav/grx_currency/credits.rpak",600
598,599,18000,"settings/itemflav/grx_currency/credits.rpak",600
599,600,18000,"settings/itemflav/grx_currency/credits.rpak",600
600,601,20000,"settings/itemflav/pack/cosmetic_rare.rpak",1
0,0,0,"settings/itemflav/grx_currency/credits.rpak",600
601,602,20000,"settings/itemflav/grx_currency/credits.rpak",600
602,603,20000,"settings/itemflav/grx_currency/credits.rpak",600
603,604,20000,"settings/itemflav/grx_currency/credits.rpak",600
604,605,20000,"settings/itemflav/grx_currency/credits.rpak",600
605,606,20000,"settings/itemflav/grx_currency/credits.rpak",600
606,607,20000,"settings/itemflav/grx_currency/credits.rpak",600
607,608,20000,"settings/itemflav/grx_currency/credits.rpak",600
608,609,20000,"settings/itemflav/pack/cosmetic_rare.rpak",1
0,0,0,"settings/itemflav/grx_currency/credits.rpak",600
609,610,20000,"settings/itemflav/grx_currency/credits.rpak",600
610,611,20000,"settings/itemflav/grx_currency/credits.rpak",600
611,612,20000,"settings/itemflav/grx_currency/credits.rpak",600
612,613,20000,"settings/itemflav/grx_currency/credits.rpak",600
613,614,20000,"settings/itemflav/grx_currency/credits.rpak",600
614,615,20000,"settings/itemflav/grx_currency/credits.rpak",600
615,616,20000,"settings/itemflav/grx_currency/credits.rpak",600
616,617,20000,"settings/itemflav/pack/cosmetic_rare.rpak",1
0,0,0,"settings/itemflav/grx_currency/credits.rpak",600
617,618,20000,"settings/itemflav/grx_currency/credits.rpak",600
618,619,20000,"settings/itemflav/grx_currency/credits.rpak",600
619,620,20000,"settings/itemflav/grx_currency/credits.rpak",600
620,621,20000,"settings/itemflav/grx_currency/credits.rpak",600
621,622,20000,"settings/itemflav/grx_currency/credits.rpak",600
622,623,20000,"settings/itemflav/grx_currency/credits.rpak",600
623,624,20000,"settings/itemflav/grx_currency/credits.rpak",600
624,625,20000,"settings/itemflav/pack/cosmetic_rare.rpak",1
0,0,0,"settings/itemflav/grx_currency/credits.rpak",600
625,626,20000,"settings/itemflav/grx_currency/credits.rpak",600
626,627,20000,"settings/itemflav/grx_currency/credits.rpak",600
627,628,20000,"settings/itemflav/grx_currency/credits.rpak",600
628,629,20000,"settings/itemflav/grx_currency/credits.rpak",600
629,630,20000,"settings/itemflav/grx_currency/credits.rpak",600
630,631,20000,"settings/itemflav/grx_currency/credits.rpak",600
631,632,20000,"settings/itemflav/grx_currency/credits.rpak",600
632,633,20000,"settings/itemflav/pack/cosmetic_rare.rpak",1
0,0,0,"settings/itemflav/grx_currency/credits.rpak",600
633,634,20000,"settings/itemflav/grx_currency/credits.rpak",600
634,635,20000,"settings/itemflav/grx_currency/credits.rpak",600
635,636,20000,"settings/itemflav/grx_currency/credits.rpak",600
636,637,20000,"settings/itemflav/grx_currency/credits.rpak",600
637,638,20000,"settings/itemflav/grx_currency/credits.rpak",600
638,639,20000,"settings/itemflav/grx_currency/credits.rpak",600
639,640,20000,"settings/itemflav/grx_currency/credits.rpak",600
640,641,20000,"settings/itemflav/pack/cosmetic_rare.rpak",1
0,0,0,"settings/itemflav/grx_currency/credits.rpak",600
641,642,20000,"settings/itemflav/grx_currency/credits.rpak",600
642,643,20000,"settings/itemflav/grx_currency/credits.rpak",600
643,644,20000,"settings/itemflav/grx_currency/credits.rpak",600
644,645,20000,"settings/itemflav/grx_currency/credits.rpak",600
645,646,20000,"settings/itemflav/grx_currency/credits.rpak",600
646,647,20000,"settings/itemflav/grx_currency/credits.rpak",600
647,648,20000,"settings/itemflav/grx_currency/credits.rpak",600
648,649,20000,"settings/itemflav/pack/cosmetic_rare.rpak",1
0,0,0,"settings/itemflav/grx_currency/credits.rpak",600
649,650,20000,"settings/itemflav/grx_currency/credits.rpak",600
650,651,20000,"settings/itemflav/grx_currency/credits.rpak",600
651,652,20000,"settings/itemflav/grx_currency/credits.rpak",600
652,653,20000,"settings/itemflav/grx_currency/credits.rpak",600
653,654,20000,"settings/itemflav/grx_currency/credits.rpak",600
654,655,20000,"settings/itemflav/grx_currency/credits.rpak",600
655,656,20000,"settings/itemflav/grx_currency/credits.rpak",600
656,657,20000,"settings/itemflav/pack/cosmetic_rare.rpak",1
0,0,0,"settings/itemflav/grx_currency/credits.rpak",600
657,658,20000,"settings/itemflav/grx_currency/credits.rpak",600
658,659,20000,"settings/itemflav/grx_currency/credits.rpak",600
659,660,20000,"settings/itemflav/grx_currency/credits.rpak",600
660,661,20000,"settings/itemflav/grx_currency/credits.rpak",600
661,662,20000,"settings/itemflav/grx_currency/credits.rpak",600
662,663,20000,"settings/itemflav/grx_currency/credits.rpak",600
663,664,20000,"settings/itemflav/grx_currency/credits.rpak",600
664,665,20000,"settings/itemflav/pack/cosmetic_rare.rpak",1
0,0,0,"settings/itemflav/grx_currency/credits.rpak",600
665,666,20000,"settings/itemflav/grx_currency/credits.rpak",600
666,667,20000,"settings/itemflav/grx_currency/credits.rpak",600
667,668,20000,"settings/itemflav/grx_currency/credits.rpak",600
668,669,20000,"settings/itemflav/grx_currency/credits.rpak",600
669,670,20000,"settings/itemflav/grx_currency/credits.rpak",600
670,671,20000,"settings/itemflav/grx_currency/credits.rpak",600
671,672,20000,"settings/itemflav/grx_currency/credits.rpak",600
672,673,20000,"settings/itemflav/pack/cosmetic_rare.rpak",1
0,0,0,"settings/itemflav/grx_currency/credits.rpak",600
673,674,20000,"settings/itemflav/grx_currency/credits.rpak",600
674,675,20000,"settings/itemflav/grx_currency/credits.rpak",600
675,676,20000,"settings/itemflav/grx_currency/credits.rpak",600
676,677,20000,"settings/itemflav/grx_currency/credits.rpak",600
677,678,20000,"settings/itemflav/grx_currency/credits.rpak",600
678,679,20000,"settings/itemflav/grx_currency/credits.rpak",600
679,680,20000,"settings/itemflav/grx_currency/credits.rpak",600
680,681,20000,"settings/itemflav/pack/cosmetic_rare.rpak",1
0,0,0,"settings/itemflav/grx_currency/credits.rpak",600
681,682,20000,"settings/itemflav/grx_currency/credits.rpak",600
682,683,20000,"settings/itemflav/grx_currency/credits.rpak",600
683,684,20000,"settings/itemflav/grx_currency/credits.rpak",600
684,685,20000,"settings/itemflav/grx_currency/credits.rpak",600
685,686,20000,"settings/itemflav/grx_currency/credits.rpak",600
686,687,20000,"settings/itemflav/grx_currency/credits.rpak",600
687,688,20000,"settings/itemflav/grx_currency/credits.rpak",600
688,689,20000,"settings/itemflav/pack/cosmetic_rare.rpak",1
0,0,0,"settings/itemflav/grx_currency/credits.rpak",600
689,690,20000,"settings/itemflav/grx_currency/credits.rpak",600
690,691,20000,"settings/itemflav/grx_currency/credits.rpak",600
691,692,20000,"settings/itemflav/grx_currency/credits.rpak",600
692,693,20000,"settings/itemflav/grx_currency/credits.rpak",600
693,694,20000,"settings/itemflav/grx_currency/credits.rpak",600
694,695,20000,"settings/itemflav/grx_currency/credits.rpak",600
695,696,20000,"settings/itemflav/grx_currency/credits.rpak",600
696,697,20000,"settings/itemflav/pack/cosmetic_rare.rpak",1
0,0,0,"settings/itemflav/grx_currency/credits.rpak",600
697,698,20000,"settings/itemflav/grx_currency/credits.rpak",600
698,699,20000,"settings/itemflav/grx_currency/credits.rpak",600
699,700,20000,"settings/itemflav/grx_currency/credits.rpak",600
700,701,23000,"settings/itemflav/pack/cosmetic_rare.rpak",1
0,0,0,"settings/itemflav/grx_currency/credits.rpak",600
701,702,23000,"settings/itemflav/grx_currency/credits.rpak",600
702,703,23000,"settings/itemflav/grx_currency/credits.rpak",600
703,704,23000,"settings/itemflav/grx_currency/credits.rpak",600
704,705,23000,"settings/itemflav/grx_currency/credits.rpak",600
705,706,23000,"settings/itemflav/grx_currency/credits.rpak",600
706,707,23000,"settings/itemflav/pack/cosmetic_rare.rpak",1
0,0,0,"settings/itemflav/grx_currency/credits.rpak",600
707,708,23000,"settings/itemflav/grx_currency/credits.rpak",600
708,709,23000,"settings/itemflav/grx_currency/credits.rpak",600
709,710,23000,"settings/itemflav/grx_currency/credits.rpak",600
710,711,23000,"settings/itemflav/grx_currency/credits.rpak",600
711,712,23000,"settings/itemflav/grx_currency/credits.rpak",600
712,713,23000,"settings/itemflav/pack/cosmetic_rare.rpak",1
0,0,0,"settings/itemflav/grx_currency/credits.rpak",600
713,714,23000,"settings/itemflav/grx_currency/credits.rpak",600
714,715,23000,"settings/itemflav/grx_currency/credits.rpak",600
715,716,23000,"settings/itemflav/grx_currency/credits.rpak",600
716,717,23000,"settings/itemflav/grx_currency/credits.rpak",600
717,718,23000,"settings/itemflav/grx_currency/credits.rpak",600
718,719,23000,"settings/itemflav/pack/cosmetic_rare.rpak",1
0,0,0,"settings/itemflav/grx_currency/credits.rpak",600
719,720,23000,"settings/itemflav/grx_currency/credits.rpak",600
720,721,23000,"settings/itemflav/grx_currency/credits.rpak",600
721,722,23000,"settings/itemflav/grx_currency/credits.rpak",600
722,723,23000,"settings/itemflav/grx_currency/credits.rpak",600
723,724,23000,"settings/itemflav/grx_currency/credits.rpak",600
724,725,23000,"settings/itemflav/pack/cosmetic_rare.rpak",1
0,0,0,"settings/itemflav/grx_currency/credits.rpak",600
725,726,23000,"settings/itemflav/grx_currency/credits.rpak",600
726,727,23000,"settings/itemflav/grx_currency/credits.rpak",600
727,728,23000,"settings/itemflav/grx_currency/credits.rpak",600
728,729,23000,"settings/itemflav/grx_currency/credits.rpak",600
729,730,23000,"settings/itemflav/grx_currency/credits.rpak",600
730,731,23000,"settings/itemflav/pack/cosmetic_rare.rpak",1
0,0,0,"settings/itemflav/grx_currency/credits.rpak",600
731,732,23000,"settings/itemflav/grx_currency/credits.rpak",600
732,733,23000,"settings/itemflav/grx_currency/credits.rpak",600
733,734,23000,"settings/itemflav/grx_currency/credits.rpak",600
734,735,23000,"settings/itemflav/grx_currency/credits.rpak",600
735,736,23000,"settings/itemflav/grx_currency/credits.rpak",600
736,737,23000,"settings/itemflav/pack/cosmetic_rare.rpak",1
0,0,0,"settings/itemflav/grx_currency/credits.rpak",600
737,738,23000,"settings/itemflav/grx_currency/credits.rpak",600
738,739,23000,"settings/itemflav/grx_currency/credits.rpak",600
739,740,23000,"settings/itemflav/grx_currency/credits.rpak",600
740,741,23000,"settings/itemflav/grx_currency/credits.rpak",600
741,742,23000,"settings/itemflav/grx_currency/credits.rpak",600
742,743,23000,"settings/itemflav/pack/cosmetic_rare.rpak",1
0,0,0,"settings/itemflav/grx_currency/credits.rpak",600
743,744,23000,"settings/itemflav/grx_currency/credits.rpak",600
744,745,23000,"settings/itemflav/grx_currency/credits.rpak",600
745,746,23000,"settings/itemflav/grx_currency/credits.rpak",600
746,747,23000,"settings/itemflav/grx_currency/credits.rpak",600
747,748,23000,"settings/itemflav/grx_currency/credits.rpak",600
748,749,23000,"settings/itemflav/pack/cosmetic_rare.rpak",1
0,0,0,"settings/itemflav/grx_currency/credits.rpak",600
749,750,23000,"settings/itemflav/grx_currency/credits.rpak",600
750,751,23000,"settings/itemflav/grx_currency/credits.rpak",600
751,752,23000,"settings/itemflav/grx_currency/credits.rpak",600
752,753,23000,"settings/itemflav/grx_currency/credits.rpak",600
753,754,23000,"settings/itemflav/grx_currency/credits.rpak",600
754,755,23000,"settings/itemflav/pack/cosmetic_rare.rpak",1
0,0,0,"settings/itemflav/grx_currency/credits.rpak",600
755,756,23000,"settings/itemflav/grx_currency/credits.rpak",600
756,757,23000,"settings/itemflav/grx_currency/credits.rpak",600
757,758,23000,"settings/itemflav/grx_currency/credits.rpak",600
758,759,23000,"settings/itemflav/grx_currency/credits.rpak",600
759,760,23000,"settings/itemflav/grx_currency/credits.rpak",600
760,761,23000,"settings/itemflav/pack/cosmetic_rare.rpak",1
0,0,0,"settings/itemflav/grx_currency/credits.rpak",600
761,762,23000,"settings/itemflav/grx_currency/credits.rpak",600
762,763,23000,"settings/itemflav/grx_currency/credits.rpak",600
763,764,23000,"settings/itemflav/grx_currency/credits.rpak",600
764,765,23000,"settings/itemflav/grx_currency/credits.rpak",600
765,766,23000,"settings/itemflav/grx_currency/credits.rpak",600
766,767,23000,"settings/itemflav/pack/cosmetic_rare.rpak",1
0,0,0,"settings/itemflav/grx_currency/credits.rpak",600
767,768,23000,"settings/itemflav/grx_currency/credits.rpak",600
768,769,23000,"settings/itemflav/grx_currency/credits.rpak",600
769,770,23000,"settings/itemflav/grx_currency/credits.rpak",600
770,771,23000,"settings/itemflav/grx_currency/credits.rpak",600
771,772,23000,"settings/itemflav/grx_currency/credits.rpak",600
772,773,23000,"settings/itemflav/pack/cosmetic_rare.rpak",1
0,0,0,"settings/itemflav/grx_currency/credits.rpak",600
773,774,23000,"settings/itemflav/grx_currency/credits.rpak",600
774,775,23000,"settings/itemflav/grx_currency/credits.rpak",600
775,776,23000,"settings/itemflav/grx_currency/credits.rpak",600
776,777,23000,"settings/itemflav/grx_currency/credits.rpak",600
777,778,23000,"settings/itemflav/grx_currency/credits.rpak",600
778,779,23000,"settings/itemflav/pack/cosmetic_rare.rpak",1
0,0,0,"settings/itemflav/grx_currency/credits.rpak",600
779,780,23000,"settings/itemflav/grx_currency/credits.rpak",600
780,781,23000,"settings/itemflav/grx_currency/credits.rpak",600
781,782,23000,"settings/itemflav/grx_currency/credits.rpak",600
782,783,23000,"settings/itemflav/grx_currency/credits.rpak",600
783,784,23000,"settings/itemflav/grx_currency/credits.rpak",600
784,785,23000,"settings/itemflav/pack/cosmetic_rare.rpak",1
0,0,0,"settings/itemflav/grx_currency/credits.rpak",600
785,786,23000,"settings/itemflav/grx_currency/credits.rpak",600
786,787,23000,"settings/itemflav/grx_currency/credits.rpak",600
787,788,23000,"settings/itemflav/grx_currency/credits.rpak",600
788,789,23000,"settings/itemflav/grx_currency/credits.rpak",600
789,790,23000,"settings/itemflav/grx_currency/credits.rpak",600
790,791,23000,"settings/itemflav/pack/cosmetic_rare.rpak",1
0,0,0,"settings/itemflav/grx_currency/credits.rpak",600
791,792,23000,"settings/itemflav/grx_currency/credits.rpak",600
792,793,23000,"settings/itemflav/grx_currency/credits.rpak",600
793,794,23000,"settings/itemflav/grx_currency/credits.rpak",600
794,795,23000,"settings/itemflav/grx_currency/credits.rpak",600
795,796,23000,"settings/itemflav/grx_currency/credits.rpak",600
796,797,23000,"settings/itemflav/pack/cosmetic_rare.rpak",1
0,0,0,"settings/itemflav/grx_currency/credits.rpak",600
797,798,23000,"settings/itemflav/grx_currency/credits.rpak",600
798,799,23000,"settings/itemflav/grx_currency/credits.rpak",600
799,800,23000,"settings/itemflav/grx_currency/credits.rpak",600
800,801,28000,"settings/itemflav/pack/cosmetic_rare.rpak",1
0,0,0,"settings/itemflav/grx_currency/credits.rpak",600
801,802,28000,"settings/itemflav/grx_currency/credits.rpak",600
802,803,28000,"settings/itemflav/grx_currency/credits.rpak",600
803,804,28000,"settings/itemflav/grx_currency/credits.rpak",600
804,805,28000,"settings/itemflav/pack/cosmetic_rare.rpak",1
0,0,0,"settings/itemflav/grx_currency/credits.rpak",600
805,806,28000,"settings/itemflav/grx_currency/credits.rpak",600
806,807,28000,"settings/itemflav/grx_currency/credits.rpak",600
807,808,28000,"settings/itemflav/grx_currency/credits.rpak",600
808,809,28000,"settings/itemflav/pack/cosmetic_rare.rpak",1
0,0,0,"settings/itemflav/grx_currency/credits.rpak",600
809,810,28000,"settings/itemflav/grx_currency/credits.rpak",600
810,811,28000,"settings/itemflav/grx_currency/credits.rpak",600
811,812,28000,"settings/itemflav/grx_currency/credits.rpak",600
812,813,28000,"settings/itemflav/pack/cosmetic_rare.rpak",1
0,0,0,"settings/itemflav/grx_currency/credits.rpak",600
813,814,28000,"settings/itemflav/grx_currency/credits.rpak",600
814,815,28000,"settings/itemflav/grx_currency/credits.rpak",600
815,816,28000,"settings/itemflav/grx_currency/credits.rpak",600
816,817,28000,"settings/itemflav/pack/cosmetic_rare.rpak",1
0,0,0,"settings/itemflav/grx_currency/credits.rpak",600
817,818,28000,"settings/itemflav/grx_currency/credits.rpak",600
818,819,28000,"settings/itemflav/grx_currency/credits.rpak",600
819,820,28000,"settings/itemflav/grx_currency/credits.rpak",600
820,821,28000,"settings/itemflav/pack/cosmetic_rare.rpak",1
0,0,0,"settings/itemflav/grx_currency/credits.rpak",600
821,822,28000,"settings/itemflav/grx_currency/credits.rpak",600
822,823,28000,"settings/itemflav/grx_currency/credits.rpak",600
823,824,28000,"settings/itemflav/grx_currency/credits.rpak",600
824,825,28000,"settings/itemflav/pack/cosmetic_rare.rpak",1
0,0,0,"settings/itemflav/grx_currency/credits.rpak",600
825,826,28000,"settings/itemflav/grx_currency/credits.rpak",600
826,827,28000,"settings/itemflav/grx_currency/credits.rpak",600
827,828,28000,"settings/itemflav/grx_currency/credits.rpak",600
828,829,28000,"settings/itemflav/pack/cosmetic_rare.rpak",1
0,0,0,"settings/itemflav/grx_currency/credits.rpak",600
829,830,28000,"settings/itemflav/grx_currency/credits.rpak",600
830,831,28000,"settings/itemflav/grx_currency/credits.rpak",600
831,832,28000,"settings/itemflav/grx_currency/credits.rpak",600
832,833,28000,"settings/itemflav/pack/cosmetic_rare.rpak",1
0,0,0,"settings/itemflav/grx_currency/credits.rpak",600
833,834,28000,"settings/itemflav/grx_currency/credits.rpak",600
834,835,28000,"settings/itemflav/grx_currency/credits.rpak",600
835,836,28000,"settings/itemflav/grx_currency/credits.rpak",600
836,837,28000,"settings/itemflav/pack/cosmetic_rare.rpak",1
0,0,0,"settings/itemflav/grx_currency/credits.rpak",600
837,838,28000,"settings/itemflav/grx_currency/credits.rpak",600
838,839,28000,"settings/itemflav/grx_currency/credits.rpak",600
839,840,28000,"settings/itemflav/grx_currency/credits.rpak",600
840,841,28000,"settings/itemflav/pack/cosmetic_rare.rpak",1
0,0,0,"settings/itemflav/grx_currency/credits.rpak",600
841,842,28000,"settings/itemflav/grx_currency/credits.rpak",600
842,843,28000,"settings/itemflav/grx_currency/credits.rpak",600
843,844,28000,"settings/itemflav/grx_currency/credits.rpak",600
844,845,28000,"settings/itemflav/pack/cosmetic_rare.rpak",1
0,0,0,"settings/itemflav/grx_currency/credits.rpak",600
845,846,28000,"settings/itemflav/grx_currency/credits.rpak",600
846,847,28000,"settings/itemflav/grx_currency/credits.rpak",600
847,848,28000,"settings/itemflav/grx_currency/credits.rpak",600
848,849,28000,"settings/itemflav/pack/cosmetic_rare.rpak",1
0,0,0,"settings/itemflav/grx_currency/credits.rpak",600
849,850,28000,"settings/itemflav/grx_currency/credits.rpak",600
850,851,28000,"settings/itemflav/grx_currency/credits.rpak",600
851,852,28000,"settings/itemflav/grx_currency/credits.rpak",600
852,853,28000,"settings/itemflav/pack/cosmetic_rare.rpak",1
0,0,0,"settings/itemflav/grx_currency/credits.rpak",600
853,854,28000,"settings/itemflav/grx_currency/credits.rpak",600
854,855,28000,"settings/itemflav/grx_currency/credits.rpak",600
855,856,28000,"settings/itemflav/grx_currency/credits.rpak",600
856,857,28000,"settings/itemflav/pack/cosmetic_rare.rpak",1
0,0,0,"settings/itemflav/grx_currency/credits.rpak",600
857,858,28000,"settings/itemflav/grx_currency/credits.rpak",600
858,859,28000,"settings/itemflav/grx_currency/credits.rpak",600
859,860,28000,"settings/itemflav/grx_currency/credits.rpak",600
860,861,28000,"settings/itemflav/pack/cosmetic_rare.rpak",1
0,0,0,"settings/itemflav/grx_currency/credits.rpak",600
861,862,28000,"settings/itemflav/grx_currency/credits.rpak",600
862,863,28000,"settings/itemflav/grx_currency/credits.rpak",600
863,864,28000,"settings/itemflav/grx_currency/credits.rpak",600
864,865,28000,"settings/itemflav/pack/cosmetic_rare.rpak",1
0,0,0,"settings/itemflav/grx_currency/credits.rpak",600
865,866,28000,"settings/itemflav/grx_currency/credits.rpak",600
866,867,28000,"settings/itemflav/grx_currency/credits.rpak",600
867,868,28000,"settings/itemflav/grx_currency/credits.rpak",600
868,869,28000,"settings/itemflav/pack/cosmetic_rare.rpak",1
0,0,0,"settings/itemflav/grx_currency/credits.rpak",600
869,870,28000,"settings/itemflav/grx_currency/credits.rpak",600
870,871,28000,"settings/itemflav/grx_currency/credits.rpak",600
871,872,28000,"settings/itemflav/grx_currency/credits.rpak",600
872,873,28000,"settings/itemflav/pack/cosmetic_rare.rpak",1
0,0,0,"settings/itemflav/grx_currency/credits.rpak",600
873,874,28000,"settings/itemflav/grx_currency/credits.rpak",600
874,875,28000,"settings/itemflav/grx_currency/credits.rpak",600
875,876,28000,"settings/itemflav/grx_currency/credits.rpak",600
876,877,28000,"settings/itemflav/pack/cosmetic_rare.rpak",1
0,0,0,"settings/itemflav/grx_currency/credits.rpak",600
877,878,28000,"settings/itemflav/grx_currency/credits.rpak",600
878,879,28000,"settings/itemflav/grx_currency/credits.rpak",600
879,880,28000,"settings/itemflav/grx_currency/credits.rpak",600
880,881,28000,"settings/itemflav/pack/cosmetic_rare.rpak",1
0,0,0,"settings/itemflav/grx_currency/credits.rpak",600
881,882,28000,"settings/itemflav/grx_currency/credits.rpak",600
882,883,28000,"settings/itemflav/grx_currency/credits.rpak",600
883,884,28000,"settings/itemflav/grx_currency/credits.rpak",600
884,885,28000,"settings/itemflav/pack/cosmetic_rare.rpak",1
0,0,0,"settings/itemflav/grx_currency/credits.rpak",600
885,886,28000,"settings/itemflav/grx_currency/credits.rpak",600
886,887,28000,"settings/itemflav/grx_currency/credits.rpak",600
887,888,28000,"settings/itemflav/grx_currency/credits.rpak",600
888,889,28000,"settings/itemflav/pack/cosmetic_rare.rpak",1
0,0,0,"settings/itemflav/grx_currency/credits.rpak",600
889,890,28000,"settings/itemflav/grx_currency/credits.rpak",600
890,891,28000,"settings/itemflav/grx_currency/credits.rpak",600
891,892,28000,"settings/itemflav/grx_currency/credits.rpak",600
892,893,28000,"settings/itemflav/pack/cosmetic_rare.rpak",1
0,0,0,"settings/itemflav/grx_currency/credits.rpak",600
893,894,28000,"settings/itemflav/grx_currency/credits.rpak",600
894,895,28000,"settings/itemflav/grx_currency/credits.rpak",600
895,896,28000,"settings/itemflav/grx_currency/credits.rpak",600
896,897,28000,"settings/itemflav/pack/cosmetic_rare.rpak",1
0,0,0,"settings/itemflav/grx_currency/credits.rpak",600
897,898,28000,"settings/itemflav/grx_currency/credits.rpak",600
898,899,28000,"settings/itemflav/grx_currency/credits.rpak",600
899,900,28000,"settings/itemflav/grx_currency/credits.rpak",600
900,901,36000,"settings/itemflav/pack/cosmetic_rare.rpak",1
0,0,0,"settings/itemflav/grx_currency/credits.rpak",600
901,902,36000,"settings/itemflav/grx_currency/credits.rpak",600
902,903,36000,"settings/itemflav/pack/cosmetic_rare.rpak",1
0,0,0,"settings/itemflav/grx_currency/credits.rpak",600
903,904,36000,"settings/itemflav/grx_currency/credits.rpak",600
904,905,36000,"settings/itemflav/pack/cosmetic_rare.rpak",1
0,0,0,"settings/itemflav/grx_currency/credits.rpak",600
905,906,36000,"settings/itemflav/grx_currency/credits.rpak",600
906,907,36000,"settings/itemflav/pack/cosmetic_rare.rpak",1
0,0,0,"settings/itemflav/grx_currency/credits.rpak",600
907,908,36000,"settings/itemflav/grx_currency/credits.rpak",600
908,909,36000,"settings/itemflav/pack/cosmetic_rare.rpak",1
0,0,0,"settings/itemflav/grx_currency/credits.rpak",600
909,910,36000,"settings/itemflav/grx_currency/credits.rpak",600
910,911,36000,"settings/itemflav/pack/cosmetic_rare.rpak",1
0,0,0,"settings/itemflav/grx_currency/credits.rpak",600
911,912,36000,"settings/itemflav/grx_currency/credits.rpak",600
912,913,36000,"settings/itemflav/pack/cosmetic_rare.rpak",1
0,0,0,"settings/itemflav/grx_currency/credits.rpak",600
913,914,36000,"settings/itemflav/grx_currency/credits.rpak",600
914,915,36000,"settings/itemflav/pack/cosmetic_rare.rpak",1
0,0,0,"settings/itemflav/grx_currency/credits.rpak",600
915,916,36000,"settings/itemflav/grx_currency/credits.rpak",600
916,917,36000,"settings/itemflav/pack/cosmetic_rare.rpak",1
0,0,0,"settings/itemflav/grx_currency/credits.rpak",600
917,918,36000,"settings/itemflav/grx_currency/credits.rpak",600
918,919,36000,"settings/itemflav/pack/cosmetic_rare.rpak",1
0,0,0,"settings/itemflav/grx_currency/credits.rpak",600
919,920,36000,"settings/itemflav/grx_currency/credits.rpak",600
920,921,36000,"settings/itemflav/pack/cosmetic_rare.rpak",1
0,0,0,"settings/itemflav/grx_currency/credits.rpak",600
921,922,36000,"settings/itemflav/grx_currency/credits.rpak",600
922,923,36000,"settings/itemflav/pack/cosmetic_rare.rpak",1
0,0,0,"settings/itemflav/grx_currency/credits.rpak",600
923,924,36000,"settings/itemflav/grx_currency/credits.rpak",600
924,925,36000,"settings/itemflav/pack/cosmetic_rare.rpak",1
0,0,0,"settings/itemflav/grx_currency/credits.rpak",600
925,926,36000,"settings/itemflav/grx_currency/credits.rpak",600
926,927,36000,"settings/itemflav/pack/cosmetic_rare.rpak",1
0,0,0,"settings/itemflav/grx_currency/credits.rpak",600
927,928,36000,"settings/itemflav/grx_currency/credits.rpak",600
928,929,36000,"settings/itemflav/pack/cosmetic_rare.rpak",1
0,0,0,"settings/itemflav/grx_currency/credits.rpak",600
929,930,36000,"settings/itemflav/grx_currency/credits.rpak",600
930,931,36000,"settings/itemflav/pack/cosmetic_rare.rpak",1
0,0,0,"settings/itemflav/grx_currency/credits.rpak",600
931,932,36000,"settings/itemflav/grx_currency/credits.rpak",600
932,933,36000,"settings/itemflav/pack/cosmetic_rare.rpak",1
0,0,0,"settings/itemflav/grx_currency/credits.rpak",600
933,934,36000,"settings/itemflav/grx_currency/credits.rpak",600
934,935,36000,"settings/itemflav/pack/cosmetic_rare.rpak",1
0,0,0,"settings/itemflav/grx_currency/credits.rpak",600
935,936,36000,"settings/itemflav/grx_currency/credits.rpak",600
936,937,36000,"settings/itemflav/pack/cosmetic_rare.rpak",1
0,0,0,"settings/itemflav/grx_currency/credits.rpak",600
937,938,36000,"settings/itemflav/grx_currency/credits.rpak",600
938,939,36000,"settings/itemflav/pack/cosmetic_rare.rpak",1
0,0,0,"settings/itemflav/grx_currency/credits.rpak",600
939,940,36000,"settings/itemflav/grx_currency/credits.rpak",600
940,941,36000,"settings/itemflav/pack/cosmetic_rare.rpak",1
0,0,0,"settings/itemflav/grx_currency/credits.rpak",600
941,942,36000,"settings/itemflav/grx_currency/credits.rpak",600
942,943,36000,"settings/itemflav/pack/cosmetic_rare.rpak",1
0,0,0,"settings/itemflav/grx_currency/credits.rpak",600
943,944,36000,"settings/itemflav/grx_currency/credits.rpak",600
944,945,36000,"settings/itemflav/pack/cosmetic_rare.rpak",1
0,0,0,"settings/itemflav/grx_currency/credits.rpak",600
945,946,36000,"settings/itemflav/grx_currency/credits.rpak",600
946,947,36000,"settings/itemflav/pack/cosmetic_rare.rpak",1
0,0,0,"settings/itemflav/grx_currency/credits.rpak",600
947,948,36000,"settings/itemflav/grx_currency/credits.rpak",600
948,949,36000,"settings/itemflav/pack/cosmetic_rare.rpak",1
0,0,0,"settings/itemflav/grx_currency/credits.rpak",600
949,950,36000,"settings/itemflav/grx_currency/credits.rpak",600
950,951,36000,"settings/itemflav/pack/cosmetic_rare.rpak",1
0,0,0,"settings/itemflav/grx_currency/credits.rpak",600
951,952,36000,"settings/itemflav/grx_currency/credits.rpak",600
952,953,36000,"settings/itemflav/pack/cosmetic_rare.rpak",1
0,0,0,"settings/itemflav/grx_currency/credits.rpak",600
953,954,36000,"settings/itemflav/grx_currency/credits.rpak",600
954,955,36000,"settings/itemflav/pack/cosmetic_rare.rpak",1
0,0,0,"settings/itemflav/grx_currency/credits.rpak",600
955,956,36000,"settings/itemflav/grx_currency/credits.rpak",600
956,957,36000,"settings/itemflav/pack/cosmetic_rare.rpak",1
0,0,0,"settings/itemflav/grx_currency/credits.rpak",600
957,958,36000,"settings/itemflav/grx_currency/credits.rpak",600
958,959,36000,"settings/itemflav/pack/cosmetic_rare.rpak",1
0,0,0,"settings/itemflav/grx_currency/credits.rpak",600
959,960,36000,"settings/itemflav/grx_currency/credits.rpak",600
960,961,36000,"settings/itemflav/pack/cosmetic_rare.rpak",1
0,0,0,"settings/itemflav/grx_currency/credits.rpak",600
961,962,36000,"settings/itemflav/grx_currency/credits.rpak",600
962,963,36000,"settings/itemflav/pack/cosmetic_rare.rpak",1
0,0,0,"settings/itemflav/grx_currency/credits.rpak",600
963,964,36000,"settings/itemflav/grx_currency/credits.rpak",600
964,965,36000,"settings/itemflav/pack/cosmetic_rare.rpak",1
0,0,0,"settings/itemflav/grx_currency/credits.rpak",600
965,966,36000,"settings/itemflav/grx_currency/credits.rpak",600
966,967,36000,"settings/itemflav/pack/cosmetic_rare.rpak",1
0,0,0,"settings/itemflav/grx_currency/credits.rpak",600
967,968,36000,"settings/itemflav/grx_currency/credits.rpak",600
968,969,36000,"settings/itemflav/pack/cosmetic_rare.rpak",1
0,0,0,"settings/itemflav/grx_currency/credits.rpak",600
969,970,36000,"settings/itemflav/grx_currency/credits.rpak",600
970,971,36000,"settings/itemflav/pack/cosmetic_rare.rpak",1
0,0,0,"settings/itemflav/grx_currency/credits.rpak",600
971,972,36000,"settings/itemflav/grx_currency/credits.rpak",600
972,973,36000,"settings/itemflav/pack/cosmetic_rare.rpak",1
0,0,0,"settings/itemflav/grx_currency/credits.rpak",600
973,974,36000,"settings/itemflav/grx_currency/credits.rpak",600
974,975,36000,"settings/itemflav/pack/cosmetic_rare.rpak",1
0,0,0,"settings/itemflav/grx_currency/credits.rpak",600
975,976,36000,"settings/itemflav/grx_currency/credits.rpak",600
976,977,36000,"settings/itemflav/pack/cosmetic_rare.rpak",1
0,0,0,"settings/itemflav/grx_currency/credits.rpak",600
977,978,36000,"settings/itemflav/grx_currency/credits.rpak",600
978,979,36000,"settings/itemflav/pack/cosmetic_rare.rpak",1
0,0,0,"settings/itemflav/grx_currency/credits.rpak",600
979,980,36000,"settings/itemflav/grx_currency/credits.rpak",600
980,981,36000,"settings/itemflav/pack/cosmetic_rare.rpak",1
0,0,0,"settings/itemflav/grx_currency/credits.rpak",600
981,982,36000,"settings/itemflav/grx_currency/credits.rpak",600
982,983,36000,"settings/itemflav/pack/cosmetic_rare.rpak",1
0,0,0,"settings/itemflav/grx_currency/credits.rpak",600
983,984,36000,"settings/itemflav/grx_currency/credits.rpak",600
984,985,36000,"settings/itemflav/pack/cosmetic_rare.rpak",1
0,0,0,"settings/itemflav/grx_currency/credits.rpak",600
985,986,36000,"settings/itemflav/grx_currency/credits.rpak",600
986,987,36000,"settings/itemflav/pack/cosmetic_rare.rpak",1
0,0,0,"settings/itemflav/grx_currency/credits.rpak",600
987,988,36000,"settings/itemflav/grx_currency/credits.rpak",600
988,989,36000,"settings/itemflav/pack/cosmetic_rare.rpak",1
0,0,0,"settings/itemflav/grx_currency/credits.rpak",600
989,990,36000,"settings/itemflav/grx_currency/credits.rpak",600
990,991,36000,"settings/itemflav/pack/cosmetic_rare.rpak",1
0,0,0,"settings/itemflav/grx_currency/credits.rpak",600
991,992,36000,"settings/itemflav/grx_currency/credits.rpak",600
992,993,36000,"settings/itemflav/pack/cosmetic_rare.rpak",1
0,0,0,"settings/itemflav/grx_currency/credits.rpak",600
993,994,36000,"settings/itemflav/grx_currency/credits.rpak",600
994,995,36000,"settings/itemflav/pack/cosmetic_rare.rpak",1
0,0,0,"settings/itemflav/grx_currency/credits.rpak",600
995,996,36000,"settings/itemflav/grx_currency/credits.rpak",600
996,997,36000,"settings/itemflav/pack/cosmetic_rare.rpak",1
0,0,0,"settings/itemflav/grx_currency/credits.rpak",600
997,998,36000,"settings/itemflav/grx_currency/credits.rpak",600
998,999,36000,"settings/itemflav/pack/cosmetic_rare.rpak",1
0,0,0,"settings/itemflav/grx_currency/credits.rpak",600
0,0,0,"settings/itemflav/weapon_charm/charm_apex_asset_v21_misc_playerlevel01.rpak",1
999,1000,18000,"settings/itemflav/grx_currency/credits.rpak",600
1000,1001,18000,"settings/itemflav/pack/cosmetic_rare.rpak",1
0,0,0,"settings/itemflav/grx_currency/credits.rpak",600
1001,1002,18000,"settings/itemflav/grx_currency/credits.rpak",600
1002,1003,18000,"settings/itemflav/grx_currency/credits.rpak",600
1003,1004,18000,"settings/itemflav/grx_currency/credits.rpak",600
1004,1005,18000,"settings/itemflav/grx_currency/credits.rpak",600
1005,1006,18000,"settings/itemflav/grx_currency/credits.rpak",600
1006,1007,18000,"settings/itemflav/grx_currency/credits.rpak",600
1007,1008,18000,"settings/itemflav/grx_currency/credits.rpak",600
1008,1009,18000,"settings/itemflav/grx_currency/credits.rpak",600
1009,1010,18000,"settings/itemflav/grx_currency/credits.rpak",600
1010,1011,18000,"settings/itemflav/pack/cosmetic_rare.rpak",1
0,0,0,"settings/itemflav/grx_currency/credits.rpak",600
1011,1012,18000,"settings/itemflav/grx_currency/credits.rpak",600
1012,1013,18000,"settings/itemflav/grx_currency/credits.rpak",600
1013,1014,18000,"settings/itemflav/grx_currency/credits.rpak",600
1014,1015,18000,"settings/itemflav/grx_currency/credits.rpak",600
1015,1016,18000,"settings/itemflav/grx_currency/credits.rpak",600
1016,1017,18000,"settings/itemflav/grx_currency/credits.rpak",600
1017,1018,18000,"settings/itemflav/grx_currency/credits.rpak",600
1018,1019,18000,"settings/itemflav/grx_currency/credits.rpak",600
1019,1020,18000,"settings/itemflav/grx_currency/credits.rpak",600
1020,1021,18000,"settings/itemflav/pack/cosmetic_rare.rpak",1
0,0,0,"settings/itemflav/grx_currency/credits.rpak",600
1021,1022,18000,"settings/itemflav/grx_currency/credits.rpak",600
1022,1023,18000,"settings/itemflav/grx_currency/credits.rpak",600
1023,1024,18000,"settings/itemflav/grx_currency/credits.rpak",600
1024,1025,18000,"settings/itemflav/grx_currency/credits.rpak",600
1025,1026,18000,"settings/itemflav/grx_currency/credits.rpak",600
1026,1027,18000,"settings/itemflav/grx_currency/credits.rpak",600
1027,1028,18000,"settings/itemflav/grx_currency/credits.rpak",600
1028,1029,18000,"settings/itemflav/grx_currency/credits.rpak",600
1029,1030,18000,"settings/itemflav/grx_currency/credits.rpak",600
1030,1031,18000,"settings/itemflav/pack/cosmetic_rare.rpak",1
0,0,0,"settings/itemflav/grx_currency/credits.rpak",600
1031,1032,18000,"settings/itemflav/grx_currency/credits.rpak",600
1032,1033,18000,"settings/itemflav/grx_currency/credits.rpak",600
1033,1034,18000,"settings/itemflav/grx_currency/credits.rpak",600
1034,1035,18000,"settings/itemflav/grx_currency/credits.rpak",600
1035,1036,18000,"settings/itemflav/grx_currency/credits.rpak",600
1036,1037,18000,"settings/itemflav/grx_currency/credits.rpak",600
1037,1038,18000,"settings/itemflav/grx_currency/credits.rpak",600
1038,1039,18000,"settings/itemflav/grx_currency/credits.rpak",600
1039,1040,18000,"settings/itemflav/grx_currency/credits.rpak",600
1040,1041,18000,"settings/itemflav/pack/cosmetic_rare.rpak",1
0,0,0,"settings/itemflav/grx_currency/credits.rpak",600
1041,1042,18000,"settings/itemflav/grx_currency/credits.rpak",600
1042,1043,18000,"settings/itemflav/grx_currency/credits.rpak",600
1043,1044,18000,"settings/itemflav/grx_currency/credits.rpak",600
1044,1045,18000,"settings/itemflav/grx_currency/credits.rpak",600
1045,1046,18000,"settings/itemflav/grx_currency/credits.rpak",600
1046,1047,18000,"settings/itemflav/grx_currency/credits.rpak",600
1047,1048,18000,"settings/itemflav/grx_currency/credits.rpak",600
1048,1049,18000,"settings/itemflav/grx_currency/credits.rpak",600
1049,1050,18000,"settings/itemflav/grx_currency/credits.rpak",600
1050,1051,18000,"settings/itemflav/pack/cosmetic_rare.rpak",1
0,0,0,"settings/itemflav/grx_currency/credits.rpak",600
1051,1052,18000,"settings/itemflav/grx_currency/credits.rpak",600
1052,1053,18000,"settings/itemflav/grx_currency/credits.rpak",600
1053,1054,18000,"settings/itemflav/grx_currency/credits.rpak",600
1054,1055,18000,"settings/itemflav/grx_currency/credits.rpak",600
1055,1056,18000,"settings/itemflav/grx_currency/credits.rpak",600
1056,1057,18000,"settings/itemflav/grx_currency/credits.rpak",600
1057,1058,18000,"settings/itemflav/grx_currency/credits.rpak",600
1058,1059,18000,"settings/itemflav/grx_currency/credits.rpak",600
1059,1060,18000,"settings/itemflav/grx_currency/credits.rpak",600
1060,1061,18000,"settings/itemflav/pack/cosmetic_rare.rpak",1
0,0,0,"settings/itemflav/grx_currency/credits.rpak",600
1061,1062,18000,"settings/itemflav/grx_currency/credits.rpak",600
1062,1063,18000,"settings/itemflav/grx_currency/credits.rpak",600
1063,1064,18000,"settings/itemflav/grx_currency/credits.rpak",600
1064,1065,18000,"settings/itemflav/grx_currency/credits.rpak",600
1065,1066,18000,"settings/itemflav/grx_currency/credits.rpak",600
1066,1067,18000,"settings/itemflav/grx_currency/credits.rpak",600
1067,1068,18000,"settings/itemflav/grx_currency/credits.rpak",600
1068,1069,18000,"settings/itemflav/grx_currency/credits.rpak",600
1069,1070,18000,"settings/itemflav/grx_currency/credits.rpak",600
1070,1071,18000,"settings/itemflav/pack/cosmetic_rare.rpak",1
0,0,0,"settings/itemflav/grx_currency/credits.rpak",600
1071,1072,18000,"settings/itemflav/grx_currency/credits.rpak",600
1072,1073,18000,"settings/itemflav/grx_currency/credits.rpak",600
1073,1074,18000,"settings/itemflav/grx_currency/credits.rpak",600
1074,1075,18000,"settings/itemflav/grx_currency/credits.rpak",600
1075,1076,18000,"settings/itemflav/grx_currency/credits.rpak",600
1076,1077,18000,"settings/itemflav/grx_currency/credits.rpak",600
1077,1078,18000,"settings/itemflav/grx_currency/credits.rpak",600
1078,1079,18000,"settings/itemflav/grx_currency/credits.rpak",600
1079,1080,18000,"settings/itemflav/grx_currency/credits.rpak",600
1080,1081,18000,"settings/itemflav/pack/cosmetic_rare.rpak",1
0,0,0,"settings/itemflav/grx_currency/credits.rpak",600
1081,1082,18000,"settings/itemflav/grx_currency/credits.rpak",600
1082,1083,18000,"settings/itemflav/grx_currency/credits.rpak",600
1083,1084,18000,"settings/itemflav/grx_currency/credits.rpak",600
1084,1085,18000,"settings/itemflav/grx_currency/credits.rpak",600
1085,1086,18000,"settings/itemflav/grx_currency/credits.rpak",600
1086,1087,18000,"settings/itemflav/grx_currency/credits.rpak",600
1087,1088,18000,"settings/itemflav/grx_currency/credits.rpak",600
1088,1089,18000,"settings/itemflav/grx_currency/credits.rpak",600
1089,1090,18000,"settings/itemflav/grx_currency/credits.rpak",600
1090,1091,18000,"settings/itemflav/pack/cosmetic_rare.rpak",1
0,0,0,"settings/itemflav/grx_currency/credits.rpak",600
1091,1092,18000,"settings/itemflav/grx_currency/credits.rpak",600
1092,1093,18000,"settings/itemflav/grx_currency/credits.rpak",600
1093,1094,18000,"settings/itemflav/grx_currency/credits.rpak",600
1094,1095,18000,"settings/itemflav/grx_currency/credits.rpak",600
1095,1096,18000,"settings/itemflav/grx_currency/credits.rpak",600
1096,1097,18000,"settings/itemflav/grx_currency/credits.rpak",600
1097,1098,18000,"settings/itemflav/grx_currency/credits.rpak",600
1098,1099,18000,"settings/itemflav/grx_currency/credits.rpak",600
1099,1100,18000,"settings/itemflav/grx_currency/credits.rpak",600
1100,1101,20000,"settings/itemflav/pack/cosmetic_rare.rpak",1
0,0,0,"settings/itemflav/grx_currency/credits.rpak",600
1101,1102,20000,"settings/itemflav/grx_currency/credits.rpak",600
1102,1103,20000,"settings/itemflav/grx_currency/credits.rpak",600
1103,1104,20000,"settings/itemflav/grx_currency/credits.rpak",600
1104,1105,20000,"settings/itemflav/grx_currency/credits.rpak",600
1105,1106,20000,"settings/itemflav/grx_currency/credits.rpak",600
1106,1107,20000,"settings/itemflav/grx_currency/credits.rpak",600
1107,1108,20000,"settings/itemflav/grx_currency/credits.rpak",600
1108,1109,20000,"settings/itemflav/pack/cosmetic_rare.rpak",1
0,0,0,"settings/itemflav/grx_currency/credits.rpak",600
1109,1110,20000,"settings/itemflav/grx_currency/credits.rpak",600
1110,1111,20000,"settings/itemflav/grx_currency/credits.rpak",600
1111,1112,20000,"settings/itemflav/grx_currency/credits.rpak",600
1112,1113,20000,"settings/itemflav/grx_currency/credits.rpak",600
1113,1114,20000,"settings/itemflav/grx_currency/credits.rpak",600
1114,1115,20000,"settings/itemflav/grx_currency/credits.rpak",600
1115,1116,20000,"settings/itemflav/grx_currency/credits.rpak",600
1116,1117,20000,"settings/itemflav/pack/cosmetic_rare.rpak",1
0,0,0,"settings/itemflav/grx_currency/credits.rpak",600
1117,1118,20000,"settings/itemflav/grx_currency/credits.rpak",600
1118,1119,20000,"settings/itemflav/grx_currency/credits.rpak",600
1119,1120,20000,"settings/itemflav/grx_currency/credits.rpak",600
1120,1121,20000,"settings/itemflav/grx_currency/credits.rpak",600
1121,1122,20000,"settings/itemflav/grx_currency/credits.rpak",600
1122,1123,20000,"settings/itemflav/grx_currency/credits.rpak",600
1123,1124,20000,"settings/itemflav/grx_currency/credits.rpak",600
1124,1125,20000,"settings/itemflav/pack/cosmetic_rare.rpak",1
0,0,0,"settings/itemflav/grx_currency/credits.rpak",600
1125,1126,20000,"settings/itemflav/grx_currency/credits.rpak",600
1126,1127,20000,"settings/itemflav/grx_currency/credits.rpak",600
1127,1128,20000,"settings/itemflav/grx_currency/credits.rpak",600
1128,1129,20000,"settings/itemflav/grx_currency/credits.rpak",600
1129,1130,20000,"settings/itemflav/grx_currency/credits.rpak",600
1130,1131,20000,"settings/itemflav/grx_currency/credits.rpak",600
1131,1132,20000,"settings/itemflav/grx_currency/credits.rpak",600
1132,1133,20000,"settings/itemflav/pack/cosmetic_rare.rpak",1
0,0,0,"settings/itemflav/grx_currency/credits.rpak",600
1133,1134,20000,"settings/itemflav/grx_currency/credits.rpak",600
1134,1135,20000,"settings/itemflav/grx_currency/credits.rpak",600
1135,1136,20000,"settings/itemflav/grx_currency/credits.rpak",600
1136,1137,20000,"settings/itemflav/grx_currency/credits.rpak",600
1137,1138,20000,"settings/itemflav/grx_currency/credits.rpak",600
1138,1139,20000,"settings/itemflav/grx_currency/credits.rpak",600
1139,1140,20000,"settings/itemflav/grx_currency/credits.rpak",600
1140,1141,20000,"settings/itemflav/pack/cosmetic_rare.rpak",1
0,0,0,"settings/itemflav/grx_currency/credits.rpak",600
1141,1142,20000,"settings/itemflav/grx_currency/credits.rpak",600
1142,1143,20000,"settings/itemflav/grx_currency/credits.rpak",600
1143,1144,20000,"settings/itemflav/grx_currency/credits.rpak",600
1144,1145,20000,"settings/itemflav/grx_currency/credits.rpak",600
1145,1146,20000,"settings/itemflav/grx_currency/credits.rpak",600
1146,1147,20000,"settings/itemflav/grx_currency/credits.rpak",600
1147,1148,20000,"settings/itemflav/grx_currency/credits.rpak",600
1148,1149,20000,"settings/itemflav/pack/cosmetic_rare.rpak",1
0,0,0,"settings/itemflav/grx_currency/credits.rpak",600
1149,1150,20000,"settings/itemflav/grx_currency/credits.rpak",600
1150,1151,20000,"settings/itemflav/grx_currency/credits.rpak",600
1151,1152,20000,"settings/itemflav/grx_currency/credits.rpak",600
1152,1153,20000,"settings/itemflav/grx_currency/credits.rpak",600
1153,1154,20000,"settings/itemflav/grx_currency/credits.rpak",600
1154,1155,20000,"settings/itemflav/grx_currency/credits.rpak",600
1155,1156,20000,"settings/itemflav/grx_currency/credits.rpak",600
1156,1157,20000,"settings/itemflav/pack/cosmetic_rare.rpak",1
0,0,0,"settings/itemflav/grx_currency/credits.rpak",600
1157,1158,20000,"settings/itemflav/grx_currency/credits.rpak",600
1158,1159,20000,"settings/itemflav/grx_currency/credits.rpak",600
1159,1160,20000,"settings/itemflav/grx_currency/credits.rpak",600
1160,1161,20000,"settings/itemflav/grx_currency/credits.rpak",600
1161,1162,20000,"settings/itemflav/grx_currency/credits.rpak",600
1162,1163,20000,"settings/itemflav/grx_currency/credits.rpak",600
1163,1164,20000,"settings/itemflav/grx_currency/credits.rpak",600
1164,1165,20000,"settings/itemflav/pack/cosmetic_rare.rpak",1
0,0,0,"settings/itemflav/grx_currency/credits.rpak",600
1165,1166,20000,"settings/itemflav/grx_currency/credits.rpak",600
1166,1167,20000,"settings/itemflav/grx_currency/credits.rpak",600
1167,1168,20000,"settings/itemflav/grx_currency/credits.rpak",600
1168,1169,20000,"settings/itemflav/grx_currency/credits.rpak",600
1169,1170,20000,"settings/itemflav/grx_currency/credits.rpak",600
1170,1171,20000,"settings/itemflav/grx_currency/credits.rpak",600
1171,1172,20000,"settings/itemflav/grx_currency/credits.rpak",600
1172,1173,20000,"settings/itemflav/pack/cosmetic_rare.rpak",1
0,0,0,"settings/itemflav/grx_currency/credits.rpak",600
1173,1174,20000,"settings/itemflav/grx_currency/credits.rpak",600
1174,1175,20000,"settings/itemflav/grx_currency/credits.rpak",600
1175,1176,20000,"settings/itemflav/grx_currency/credits.rpak",600
1176,1177,20000,"settings/itemflav/grx_currency/credits.rpak",600
1177,1178,20000,"settings/itemflav/grx_currency/credits.rpak",600
1178,1179,20000,"settings/itemflav/grx_currency/credits.rpak",600
1179,1180,20000,"settings/itemflav/grx_currency/credits.rpak",600
1180,1181,20000,"settings/itemflav/pack/cosmetic_rare.rpak",1
0,0,0,"settings/itemflav/grx_currency/credits.rpak",600
1181,1182,20000,"settings/itemflav/grx_currency/credits.rpak",600
1182,1183,20000,"settings/itemflav/grx_currency/credits.rpak",600
1183,1184,20000,"settings/itemflav/grx_currency/credits.rpak",600
1184,1185,20000,"settings/itemflav/grx_currency/credits.rpak",600
1185,1186,20000,"settings/itemflav/grx_currency/credits.rpak",600
1186,1187,20000,"settings/itemflav/grx_currency/credits.rpak",600
1187,1188,20000,"settings/itemflav/grx_currency/credits.rpak",600
1188,1189,20000,"settings/itemflav/pack/cosmetic_rare.rpak",1
0,0,0,"settings/itemflav/grx_currency/credits.rpak",600
1189,1190,20000,"settings/itemflav/grx_currency/credits.rpak",600
1190,1191,20000,"settings/itemflav/grx_currency/credits.rpak",600
1191,1192,20000,"settings/itemflav/grx_currency/credits.rpak",600
1192,1193,20000,"settings/itemflav/grx_currency/credits.rpak",600
1193,1194,20000,"settings/itemflav/grx_currency/credits.rpak",600
1194,1195,20000,"settings/itemflav/grx_currency/credits.rpak",600
1195,1196,20000,"settings/itemflav/grx_currency/credits.rpak",600
1196,1197,20000,"settings/itemflav/pack/cosmetic_rare.rpak",1
0,0,0,"settings/itemflav/grx_currency/credits.rpak",600
1197,1198,20000,"settings/itemflav/grx_currency/credits.rpak",600
1198,1199,20000,"settings/itemflav/grx_currency/credits.rpak",600
1199,1200,20000,"settings/itemflav/grx_currency/credits.rpak",600
1200,1201,23000,"settings/itemflav/pack/cosmetic_rare.rpak",1
0,0,0,"settings/itemflav/grx_currency/credits.rpak",600
1201,1202,23000,"settings/itemflav/grx_currency/credits.rpak",600
1202,1203,23000,"settings/itemflav/grx_currency/credits.rpak",600
1203,1204,23000,"settings/itemflav/grx_currency/credits.rpak",600
1204,1205,23000,"settings/itemflav/grx_currency/credits.rpak",600
1205,1206,23000,"settings/itemflav/grx_currency/credits.rpak",600
1206,1207,23000,"settings/itemflav/pack/cosmetic_rare.rpak",1
0,0,0,"settings/itemflav/grx_currency/credits.rpak",600
1207,1208,23000,"settings/itemflav/grx_currency/credits.rpak",600
1208,1209,23000,"settings/itemflav/grx_currency/credits.rpak",600
1209,1210,23000,"settings/itemflav/grx_currency/credits.rpak",600
1210,1211,23000,"settings/itemflav/grx_currency/credits.rpak",600
1211,1212,23000,"settings/itemflav/grx_currency/credits.rpak",600
1212,1213,23000,"settings/itemflav/pack/cosmetic_rare.rpak",1
0,0,0,"settings/itemflav/grx_currency/credits.rpak",600
1213,1214,23000,"settings/itemflav/grx_currency/credits.rpak",600
1214,1215,23000,"settings/itemflav/grx_currency/credits.rpak",600
1215,1216,23000,"settings/itemflav/grx_currency/credits.rpak",600
1216,1217,23000,"settings/itemflav/grx_currency/credits.rpak",600
1217,1218,23000,"settings/itemflav/grx_currency/credits.rpak",600
1218,1219,23000,"settings/itemflav/pack/cosmetic_rare.rpak",1
0,0,0,"settings/itemflav/grx_currency/credits.rpak",600
1219,1220,23000,"settings/itemflav/grx_currency/credits.rpak",600
1220,1221,23000,"settings/itemflav/grx_currency/credits.rpak",600
1221,1222,23000,"settings/itemflav/grx_currency/credits.rpak",600
1222,1223,23000,"settings/itemflav/grx_currency/credits.rpak",600
1223,1224,23000,"settings/itemflav/grx_currency/credits.rpak",600
1224,1225,23000,"settings/itemflav/pack/cosmetic_rare.rpak",1
0,0,0,"settings/itemflav/grx_currency/credits.rpak",600
1225,1226,23000,"settings/itemflav/grx_currency/credits.rpak",600
1226,1227,23000,"settings/itemflav/grx_currency/credits.rpak",600
1227,1228,23000,"settings/itemflav/grx_currency/credits.rpak",600
1228,1229,23000,"settings/itemflav/grx_currency/credits.rpak",600
1229,1230,23000,"settings/itemflav/grx_currency/credits.rpak",600
1230,1231,23000,"settings/itemflav/pack/cosmetic_rare.rpak",1
0,0,0,"settings/itemflav/grx_currency/credits.rpak",600
1231,1232,23000,"settings/itemflav/grx_currency/credits.rpak",600
1232,1233,23000,"settings/itemflav/grx_currency/credits.rpak",600
1233,1234,23000,"settings/itemflav/grx_currency/credits.rpak",600
1234,1235,23000,"settings/itemflav/grx_currency/credits.rpak",600
1235,1236,23000,"settings/itemflav/grx_currency/credits.rpak",600
1236,1237,23000,"settings/itemflav/pack/cosmetic_rare.rpak",1
0,0,0,"settings/itemflav/grx_currency/credits.rpak",600
1237,1238,23000,"settings/itemflav/grx_currency/credits.rpak",600
1238,1239,23000,"settings/itemflav/grx_currency/credits.rpak",600
1239,1240,23000,"settings/itemflav/grx_currency/credits.rpak",600
1240,1241,23000,"settings/itemflav/grx_currency/credits.rpak",600
1241,1242,23000,"settings/itemflav/grx_currency/credits.rpak",600
1242,1243,23000,"settings/itemflav/pack/cosmetic_rare.rpak",1
0,0,0,"settings/itemflav/grx_currency/credits.rpak",600
1243,1244,23000,"settings/itemflav/grx_currency/credits.rpak",600
1244,1245,23000,"settings/itemflav/grx_currency/credits.rpak",600
1245,1246,23000,"settings/itemflav/grx_currency/credits.rpak",600
1246,1247,23000,"settings/itemflav/grx_currency/credits.rpak",600
1247,1248,23000,"settings/itemflav/grx_currency/credits.rpak",600
1248,1249,23000,"settings/itemflav/pack/cosmetic_rare.rpak",1
0,0,0,"settings/itemflav/grx_currency/credits.rpak",600
1249,1250,23000,"settings/itemflav/grx_currency/credits.rpak",600
1250,1251,23000,"settings/itemflav/grx_currency/credits.rpak",600
1251,1252,23000,"settings/itemflav/grx_currency/credits.rpak",600
1252,1253,23000,"settings/itemflav/grx_currency/credits.rpak",600
1253,1254,23000,"settings/itemflav/grx_currency/credits.rpak",600
1254,1255,23000,"settings/itemflav/pack/cosmetic_rare.rpak",1
0,0,0,"settings/itemflav/grx_currency/credits.rpak",600
1255,1256,23000,"settings/itemflav/grx_currency/credits.rpak",600
1256,1257,23000,"settings/itemflav/grx_currency/credits.rpak",600
1257,1258,23000,"settings/itemflav/grx_currency/credits.rpak",600
1258,1259,23000,"settings/itemflav/grx_currency/credits.rpak",600
1259,1260,23000,"settings/itemflav/grx_currency/credits.rpak",600
1260,1261,23000,"settings/itemflav/pack/cosmetic_rare.rpak",1
0,0,0,"settings/itemflav/grx_currency/credits.rpak",600
1261,1262,23000,"settings/itemflav/grx_currency/credits.rpak",600
1262,1263,23000,"settings/itemflav/grx_currency/credits.rpak",600
1263,1264,23000,"settings/itemflav/grx_currency/credits.rpak",600
1264,1265,23000,"settings/itemflav/grx_currency/credits.rpak",600
1265,1266,23000,"settings/itemflav/grx_currency/credits.rpak",600
1266,1267,23000,"settings/itemflav/pack/cosmetic_rare.rpak",1
0,0,0,"settings/itemflav/grx_currency/credits.rpak",600
1267,1268,23000,"settings/itemflav/grx_currency/credits.rpak",600
1268,1269,23000,"settings/itemflav/grx_currency/credits.rpak",600
1269,1270,23000,"settings/itemflav/grx_currency/credits.rpak",600
1270,1271,23000,"settings/itemflav/grx_currency/credits.rpak",600
1271,1272,23000,"settings/itemflav/grx_currency/credits.rpak",600
1272,1273,23000,"settings/itemflav/pack/cosmetic_rare.rpak",1
0,0,0,"settings/itemflav/grx_currency/credits.rpak",600
1273,1274,23000,"settings/itemflav/grx_currency/credits.rpak",600
1274,1275,23000,"settings/itemflav/grx_currency/credits.rpak",600
1275,1276,23000,"settings/itemflav/grx_currency/credits.rpak",600
1276,1277,23000,"settings/itemflav/grx_currency/credits.rpak",600
1277,1278,23000,"settings/itemflav/grx_currency/credits.rpak",600
1278,1279,23000,"settings/itemflav/pack/cosmetic_rare.rpak",1
0,0,0,"settings/itemflav/grx_currency/credits.rpak",600
1279,1280,23000,"settings/itemflav/grx_currency/credits.rpak",600
1280,1281,23000,"settings/itemflav/grx_currency/credits.rpak",600
1281,1282,23000,"settings/itemflav/grx_currency/credits.rpak",600
1282,1283,23000,"settings/itemflav/grx_currency/credits.rpak",600
1283,1284,23000,"settings/itemflav/grx_currency/credits.rpak",600
1284,1285,23000,"settings/itemflav/pack/cosmetic_rare.rpak",1
0,0,0,"settings/itemflav/grx_currency/credits.rpak",600
1285,1286,23000,"settings/itemflav/grx_currency/credits.rpak",600
1286,1287,23000,"settings/itemflav/grx_currency/credits.rpak",600
1287,1288,23000,"settings/itemflav/grx_currency/credits.rpak",600
1288,1289,23000,"settings/itemflav/grx_currency/credits.rpak",600
1289,1290,23000,"settings/itemflav/grx_currency/credits.rpak",600
1290,1291,23000,"settings/itemflav/pack/cosmetic_rare.rpak",1
0,0,0,"settings/itemflav/grx_currency/credits.rpak",600
1291,1292,23000,"settings/itemflav/grx_currency/credits.rpak",600
1292,1293,23000,"settings/itemflav/grx_currency/credits.rpak",600
1293,1294,23000,"settings/itemflav/grx_currency/credits.rpak",600
1294,1295,23000,"settings/itemflav/grx_currency/credits.rpak",600
1295,1296,23000,"settings/itemflav/grx_currency/credits.rpak",600
1296,1297,23000,"settings/itemflav/pack/cosmetic_rare.rpak",1
0,0,0,"settings/itemflav/grx_currency/credits.rpak",600
1297,1298,23000,"settings/itemflav/grx_currency/credits.rpak",600
1298,1299,23000,"settings/itemflav/grx_currency/credits.rpak",600
1299,1300,23000,"settings/itemflav/grx_currency/credits.rpak",600
1300,1301,28000,"settings/itemflav/pack/cosmetic_rare.rpak",1
0,0,0,"settings/itemflav/grx_currency/credits.rpak",600
1301,1302,28000,"settings/itemflav/grx_currency/credits.rpak",600
1302,1303,28000,"settings/itemflav/grx_currency/credits.rpak",600
1303,1304,28000,"settings/itemflav/grx_currency/credits.rpak",600
1304,1305,28000,"settings/itemflav/pack/cosmetic_rare.rpak",1
0,0,0,"settings/itemflav/grx_currency/credits.rpak",600
1305,1306,28000,"settings/itemflav/grx_currency/credits.rpak",600
1306,1307,28000,"settings/itemflav/grx_currency/credits.rpak",600
1307,1308,28000,"settings/itemflav/grx_currency/credits.rpak",600
1308,1309,28000,"settings/itemflav/pack/cosmetic_rare.rpak",1
0,0,0,"settings/itemflav/grx_currency/credits.rpak",600
1309,1310,28000,"settings/itemflav/grx_currency/credits.rpak",600
1310,1311,28000,"settings/itemflav/grx_currency/credits.rpak",600
1311,1312,28000,"settings/itemflav/grx_currency/credits.rpak",600
1312,1313,28000,"settings/itemflav/pack/cosmetic_rare.rpak",1
0,0,0,"settings/itemflav/grx_currency/credits.rpak",600
1313,1314,28000,"settings/itemflav/grx_currency/credits.rpak",600
1314,1315,28000,"settings/itemflav/grx_currency/credits.rpak",600
1315,1316,28000,"settings/itemflav/grx_currency/credits.rpak",600
1316,1317,28000,"settings/itemflav/pack/cosmetic_rare.rpak",1
0,0,0,"settings/itemflav/grx_currency/credits.rpak",600
1317,1318,28000,"settings/itemflav/grx_currency/credits.rpak",600
1318,1319,28000,"settings/itemflav/grx_currency/credits.rpak",600
1319,1320,28000,"settings/itemflav/grx_currency/credits.rpak",600
1320,1321,28000,"settings/itemflav/pack/cosmetic_rare.rpak",1
0,0,0,"settings/itemflav/grx_currency/credits.rpak",600
1321,1322,28000,"settings/itemflav/grx_currency/credits.rpak",600
1322,1323,28000,"settings/itemflav/grx_currency/credits.rpak",600
1323,1324,28000,"settings/itemflav/grx_currency/credits.rpak",600
1324,1325,28000,"settings/itemflav/pack/cosmetic_rare.rpak",1
0,0,0,"settings/itemflav/grx_currency/credits.rpak",600
1325,1326,28000,"settings/itemflav/grx_currency/credits.rpak",600
1326,1327,28000,"settings/itemflav/grx_currency/credits.rpak",600
1327,1328,28000,"settings/itemflav/grx_currency/credits.rpak",600
1328,1329,28000,"settings/itemflav/pack/cosmetic_rare.rpak",1
0,0,0,"settings/itemflav/grx_currency/credits.rpak",600
1329,1330,28000,"settings/itemflav/grx_currency/credits.rpak",600
1330,1331,28000,"settings/itemflav/grx_currency/credits.rpak",600
1331,1332,28000,"settings/itemflav/grx_currency/credits.rpak",600
1332,1333,28000,"settings/itemflav/pack/cosmetic_rare.rpak",1
0,0,0,"settings/itemflav/grx_currency/credits.rpak",600
1333,1334,28000,"settings/itemflav/grx_currency/credits.rpak",600
1334,1335,28000,"settings/itemflav/grx_currency/credits.rpak",600
1335,1336,28000,"settings/itemflav/grx_currency/credits.rpak",600
1336,1337,28000,"settings/itemflav/pack/cosmetic_rare.rpak",1
0,0,0,"settings/itemflav/grx_currency/credits.rpak",600
1337,1338,28000,"settings/itemflav/grx_currency/credits.rpak",600
1338,1339,28000,"settings/itemflav/grx_currency/credits.rpak",600
1339,1340,28000,"settings/itemflav/grx_currency/credits.rpak",600
1340,1341,28000,"settings/itemflav/pack/cosmetic_rare.rpak",1
0,0,0,"settings/itemflav/grx_currency/credits.rpak",600
1341,1342,28000,"settings/itemflav/grx_currency/credits.rpak",600
1342,1343,28000,"settings/itemflav/grx_currency/credits.rpak",600
1343,1344,28000,"settings/itemflav/grx_currency/credits.rpak",600
1344,1345,28000,"settings/itemflav/pack/cosmetic_rare.rpak",1
0,0,0,"settings/itemflav/grx_currency/credits.rpak",600
1345,1346,28000,"settings/itemflav/grx_currency/credits.rpak",600
1346,1347,28000,"settings/itemflav/grx_currency/credits.rpak",600
1347,1348,28000,"settings/itemflav/grx_currency/credits.rpak",600
1348,1349,28000,"settings/itemflav/pack/cosmetic_rare.rpak",1
0,0,0,"settings/itemflav/grx_currency/credits.rpak",600
1349,1350,28000,"settings/itemflav/grx_currency/credits.rpak",600
1350,1351,28000,"settings/itemflav/grx_currency/credits.rpak",600
1351,1352,28000,"settings/itemflav/grx_currency/credits.rpak",600
1352,1353,28000,"settings/itemflav/pack/cosmetic_rare.rpak",1
0,0,0,"settings/itemflav/grx_currency/credits.rpak",600
1353,1354,28000,"settings/itemflav/grx_currency/credits.rpak",600
1354,1355,28000,"settings/itemflav/grx_currency/credits.rpak",600
1355,1356,28000,"settings/itemflav/grx_currency/credits.rpak",600
1356,1357,28000,"settings/itemflav/pack/cosmetic_rare.rpak",1
0,0,0,"settings/itemflav/grx_currency/credits.rpak",600
1357,1358,28000,"settings/itemflav/grx_currency/credits.rpak",600
1358,1359,28000,"settings/itemflav/grx_currency/credits.rpak",600
1359,1360,28000,"settings/itemflav/grx_currency/credits.rpak",600
1360,1361,28000,"settings/itemflav/pack/cosmetic_rare.rpak",1
0,0,0,"settings/itemflav/grx_currency/credits.rpak",600
1361,1362,28000,"settings/itemflav/grx_currency/credits.rpak",600
1362,1363,28000,"settings/itemflav/grx_currency/credits.rpak",600
1363,1364,28000,"settings/itemflav/grx_currency/credits.rpak",600
1364,1365,28000,"settings/itemflav/pack/cosmetic_rare.rpak",1
0,0,0,"settings/itemflav/grx_currency/credits.rpak",600
1365,1366,28000,"settings/itemflav/grx_currency/credits.rpak",600
1366,1367,28000,"settings/itemflav/grx_currency/credits.rpak",600
1367,1368,28000,"settings/itemflav/grx_currency/credits.rpak",600
1368,1369,28000,"settings/itemflav/pack/cosmetic_rare.rpak",1
0,0,0,"settings/itemflav/grx_currency/credits.rpak",600
1369,1370,28000,"settings/itemflav/grx_currency/credits.rpak",600
1370,1371,28000,"settings/itemflav/grx_currency/credits.rpak",600
1371,1372,28000,"settings/itemflav/grx_currency/credits.rpak",600
1372,1373,28000,"settings/itemflav/pack/cosmetic_rare.rpak",1
0,0,0,"settings/itemflav/grx_currency/credits.rpak",600
1373,1374,28000,"settings/itemflav/grx_currency/credits.rpak",600
1374,1375,28000,"settings/itemflav/grx_currency/credits.rpak",600
1375,1376,28000,"settings/itemflav/grx_currency/credits.rpak",600
1376,1377,28000,"settings/itemflav/pack/cosmetic_rare.rpak",1
0,0,0,"settings/itemflav/grx_currency/credits.rpak",600
1377,1378,28000,"settings/itemflav/grx_currency/credits.rpak",600
1378,1379,28000,"settings/itemflav/grx_currency/credits.rpak",600
1379,1380,28000,"settings/itemflav/grx_currency/credits.rpak",600
1380,1381,28000,"settings/itemflav/pack/cosmetic_rare.rpak",1
0,0,0,"settings/itemflav/grx_currency/credits.rpak",600
1381,1382,28000,"settings/itemflav/grx_currency/credits.rpak",600
1382,1383,28000,"settings/itemflav/grx_currency/credits.rpak",600
1383,1384,28000,"settings/itemflav/grx_currency/credits.rpak",600
1384,1385,28000,"settings/itemflav/pack/cosmetic_rare.rpak",1
0,0,0,"settings/itemflav/grx_currency/credits.rpak",600
1385,1386,28000,"settings/itemflav/grx_currency/credits.rpak",600
1386,1387,28000,"settings/itemflav/grx_currency/credits.rpak",600
1387,1388,28000,"settings/itemflav/grx_currency/credits.rpak",600
1388,1389,28000,"settings/itemflav/pack/cosmetic_rare.rpak",1
0,0,0,"settings/itemflav/grx_currency/credits.rpak",600
1389,1390,28000,"settings/itemflav/grx_currency/credits.rpak",600
1390,1391,28000,"settings/itemflav/grx_currency/credits.rpak",600
1391,1392,28000,"settings/itemflav/grx_currency/credits.rpak",600
1392,1393,28000,"settings/itemflav/pack/cosmetic_rare.rpak",1
0,0,0,"settings/itemflav/grx_currency/credits.rpak",600
1393,1394,28000,"settings/itemflav/grx_currency/credits.rpak",600
1394,1395,28000,"settings/itemflav/grx_currency/credits.rpak",600
1395,1396,28000,"settings/itemflav/grx_currency/credits.rpak",600
1396,1397,28000,"settings/itemflav/pack/cosmetic_rare.rpak",1
0,0,0,"settings/itemflav/grx_currency/credits.rpak",600
1397,1398,28000,"settings/itemflav/grx_currency/credits.rpak",600
1398,1399,28000,"settings/itemflav/grx_currency/credits.rpak",600
1399,1400,28000,"settings/itemflav/grx_currency/credits.rpak",600
1400,1401,36000,"settings/itemflav/pack/cosmetic_rare.rpak",1
0,0,0,"settings/itemflav/grx_currency/credits.rpak",600
1401,1402,36000,"settings/itemflav/grx_currency/credits.rpak",600
1402,1403,36000,"settings/itemflav/pack/cosmetic_rare.rpak",1
0,0,0,"settings/itemflav/grx_currency/credits.rpak",600
1403,1404,36000,"settings/itemflav/grx_currency/credits.rpak",600
1404,1405,36000,"settings/itemflav/pack/cosmetic_rare.rpak",1
0,0,0,"settings/itemflav/grx_currency/credits.rpak",600
1405,1406,36000,"settings/itemflav/grx_currency/credits.rpak",600
1406,1407,36000,"settings/itemflav/pack/cosmetic_rare.rpak",1
0,0,0,"settings/itemflav/grx_currency/credits.rpak",600
1407,1408,36000,"settings/itemflav/grx_currency/credits.rpak",600
1408,1409,36000,"settings/itemflav/pack/cosmetic_rare.rpak",1
0,0,0,"settings/itemflav/grx_currency/credits.rpak",600
1409,1410,36000,"settings/itemflav/grx_currency/credits.rpak",600
1410,1411,36000,"settings/itemflav/pack/cosmetic_rare.rpak",1
0,0,0,"settings/itemflav/grx_currency/credits.rpak",600
1411,1412,36000,"settings/itemflav/grx_currency/credits.rpak",600
1412,1413,36000,"settings/itemflav/pack/cosmetic_rare.rpak",1
0,0,0,"settings/itemflav/grx_currency/credits.rpak",600
1413,1414,36000,"settings/itemflav/grx_currency/credits.rpak",600
1414,1415,36000,"settings/itemflav/pack/cosmetic_rare.rpak",1
0,0,0,"settings/itemflav/grx_currency/credits.rpak",600
1415,1416,36000,"settings/itemflav/grx_currency/credits.rpak",600
1416,1417,36000,"settings/itemflav/pack/cosmetic_rare.rpak",1
0,0,0,"settings/itemflav/grx_currency/credits.rpak",600
1417,1418,36000,"settings/itemflav/grx_currency/credits.rpak",600
1418,1419,36000,"settings/itemflav/pack/cosmetic_rare.rpak",1
0,0,0,"settings/itemflav/grx_currency/credits.rpak",600
1419,1420,36000,"settings/itemflav/grx_currency/credits.rpak",600
1420,1421,36000,"settings/itemflav/pack/cosmetic_rare.rpak",1
0,0,0,"settings/itemflav/grx_currency/credits.rpak",600
1421,1422,36000,"settings/itemflav/grx_currency/credits.rpak",600
1422,1423,36000,"settings/itemflav/pack/cosmetic_rare.rpak",1
0,0,0,"settings/itemflav/grx_currency/credits.rpak",600
1423,1424,36000,"settings/itemflav/grx_currency/credits.rpak",600
1424,1425,36000,"settings/itemflav/pack/cosmetic_rare.rpak",1
0,0,0,"settings/itemflav/grx_currency/credits.rpak",600
1425,1426,36000,"settings/itemflav/grx_currency/credits.rpak",600
1426,1427,36000,"settings/itemflav/pack/cosmetic_rare.rpak",1
0,0,0,"settings/itemflav/grx_currency/credits.rpak",600
1427,1428,36000,"settings/itemflav/grx_currency/credits.rpak",600
1428,1429,36000,"settings/itemflav/pack/cosmetic_rare.rpak",1
0,0,0,"settings/itemflav/grx_currency/credits.rpak",600
1429,1430,36000,"settings/itemflav/grx_currency/credits.rpak",600
1430,1431,36000,"settings/itemflav/pack/cosmetic_rare.rpak",1
0,0,0,"settings/itemflav/grx_currency/credits.rpak",600
1431,1432,36000,"settings/itemflav/grx_currency/credits.rpak",600
1432,1433,36000,"settings/itemflav/pack/cosmetic_rare.rpak",1
0,0,0,"settings/itemflav/grx_currency/credits.rpak",600
1433,1434,36000,"settings/itemflav/grx_currency/credits.rpak",600
1434,1435,36000,"settings/itemflav/pack/cosmetic_rare.rpak",1
0,0,0,"settings/itemflav/grx_currency/credits.rpak",600
1435,1436,36000,"settings/itemflav/grx_currency/credits.rpak",600
1436,1437,36000,"settings/itemflav/pack/cosmetic_rare.rpak",1
0,0,0,"settings/itemflav/grx_currency/credits.rpak",600
1437,1438,36000,"settings/itemflav/grx_currency/credits.rpak",600
1438,1439,36000,"settings/itemflav/pack/cosmetic_rare.rpak",1
0,0,0,"settings/itemflav/grx_currency/credits.rpak",600
1439,1440,36000,"settings/itemflav/grx_currency/credits.rpak",600
1440,1441,36000,"settings/itemflav/pack/cosmetic_rare.rpak",1
0,0,0,"settings/itemflav/grx_currency/credits.rpak",600
1441,1442,36000,"settings/itemflav/grx_currency/credits.rpak",600
1442,1443,36000,"settings/itemflav/pack/cosmetic_rare.rpak",1
0,0,0,"settings/itemflav/grx_currency/credits.rpak",600
1443,1444,36000,"settings/itemflav/grx_currency/credits.rpak",600
1444,1445,36000,"settings/itemflav/pack/cosmetic_rare.rpak",1
0,0,0,"settings/itemflav/grx_currency/credits.rpak",600
1445,1446,36000,"settings/itemflav/grx_currency/credits.rpak",600
1446,1447,36000,"settings/itemflav/pack/cosmetic_rare.rpak",1
0,0,0,"settings/itemflav/grx_currency/credits.rpak",600
1447,1448,36000,"settings/itemflav/grx_currency/credits.rpak",600
1448,1449,36000,"settings/itemflav/pack/cosmetic_rare.rpak",1
0,0,0,"settings/itemflav/grx_currency/credits.rpak",600
1449,1450,36000,"settings/itemflav/grx_currency/credits.rpak",600
1450,1451,36000,"settings/itemflav/pack/cosmetic_rare.rpak",1
0,0,0,"settings/itemflav/grx_currency/credits.rpak",600
1451,1452,36000,"settings/itemflav/grx_currency/credits.rpak",600
1452,1453,36000,"settings/itemflav/pack/cosmetic_rare.rpak",1
0,0,0,"settings/itemflav/grx_currency/credits.rpak",600
1453,1454,36000,"settings/itemflav/grx_currency/credits.rpak",600
1454,1455,36000,"settings/itemflav/pack/cosmetic_rare.rpak",1
0,0,0,"settings/itemflav/grx_currency/credits.rpak",600
1455,1456,36000,"settings/itemflav/grx_currency/credits.rpak",600
1456,1457,36000,"settings/itemflav/pack/cosmetic_rare.rpak",1
0,0,0,"settings/itemflav/grx_currency/credits.rpak",600
1457,1458,36000,"settings/itemflav/grx_currency/credits.rpak",600
1458,1459,36000,"settings/itemflav/pack/cosmetic_rare.rpak",1
0,0,0,"settings/itemflav/grx_currency/credits.rpak",600
1459,1460,36000,"settings/itemflav/grx_currency/credits.rpak",600
1460,1461,36000,"settings/itemflav/pack/cosmetic_rare.rpak",1
0,0,0,"settings/itemflav/grx_currency/credits.rpak",600
1461,1462,36000,"settings/itemflav/grx_currency/credits.rpak",600
1462,1463,36000,"settings/itemflav/pack/cosmetic_rare.rpak",1
0,0,0,"settings/itemflav/grx_currency/credits.rpak",600
1463,1464,36000,"settings/itemflav/grx_currency/credits.rpak",600
1464,1465,36000,"settings/itemflav/pack/cosmetic_rare.rpak",1
0,0,0,"settings/itemflav/grx_currency/credits.rpak",600
1465,1466,36000,"settings/itemflav/grx_currency/credits.rpak",600
1466,1467,36000,"settings/itemflav/pack/cosmetic_rare.rpak",1
0,0,0,"settings/itemflav/grx_currency/credits.rpak",600
1467,1468,36000,"settings/itemflav/grx_currency/credits.rpak",600
1468,1469,36000,"settings/itemflav/pack/cosmetic_rare.rpak",1
0,0,0,"settings/itemflav/grx_currency/credits.rpak",600
1469,1470,36000,"settings/itemflav/grx_currency/credits.rpak",600
1470,1471,36000,"settings/itemflav/pack/cosmetic_rare.rpak",1
0,0,0,"settings/itemflav/grx_currency/credits.rpak",600
1471,1472,36000,"settings/itemflav/grx_currency/credits.rpak",600
1472,1473,36000,"settings/itemflav/pack/cosmetic_rare.rpak",1
0,0,0,"settings/itemflav/grx_currency/credits.rpak",600
1473,1474,36000,"settings/itemflav/grx_currency/credits.rpak",600
1474,1475,36000,"settings/itemflav/pack/cosmetic_rare.rpak",1
0,0,0,"settings/itemflav/grx_currency/credits.rpak",600
1475,1476,36000,"settings/itemflav/grx_currency/credits.rpak",600
1476,1477,36000,"settings/itemflav/pack/cosmetic_rare.rpak",1
0,0,0,"settings/itemflav/grx_currency/credits.rpak",600
1477,1478,36000,"settings/itemflav/grx_currency/credits.rpak",600
1478,1479,36000,"settings/itemflav/pack/cosmetic_rare.rpak",1
0,0,0,"settings/itemflav/grx_currency/credits.rpak",600
1479,1480,36000,"settings/itemflav/grx_currency/credits.rpak",600
1480,1481,36000,"settings/itemflav/pack/cosmetic_rare.rpak",1
0,0,0,"settings/itemflav/grx_currency/credits.rpak",600
1481,1482,36000,"settings/itemflav/grx_currency/credits.rpak",600
1482,1483,36000,"settings/itemflav/pack/cosmetic_rare.rpak",1
0,0,0,"settings/itemflav/grx_currency/credits.rpak",600
1483,1484,36000,"settings/itemflav/grx_currency/credits.rpak",600
1484,1485,36000,"settings/itemflav/pack/cosmetic_rare.rpak",1
0,0,0,"settings/itemflav/grx_currency/credits.rpak",600
1485,1486,36000,"settings/itemflav/grx_currency/credits.rpak",600
1486,1487,36000,"settings/itemflav/pack/cosmetic_rare.rpak",1
0,0,0,"settings/itemflav/grx_currency/credits.rpak",600
1487,1488,36000,"settings/itemflav/grx_currency/credits.rpak",600
1488,1489,36000,"settings/itemflav/pack/cosmetic_rare.rpak",1
0,0,0,"settings/itemflav/grx_currency/credits.rpak",600
1489,1490,36000,"settings/itemflav/grx_currency/credits.rpak",600
1490,1491,36000,"settings/itemflav/pack/cosmetic_rare.rpak",1
0,0,0,"settings/itemflav/grx_currency/credits.rpak",600
1491,1492,36000,"settings/itemflav/grx_currency/credits.rpak",600
1492,1493,36000,"settings/itemflav/pack/cosmetic_rare.rpak",1
0,0,0,"settings/itemflav/grx_currency/credits.rpak",600
1493,1494,36000,"settings/itemflav/grx_currency/credits.rpak",600
1494,1495,36000,"settings/itemflav/pack/cosmetic_rare.rpak",1
0,0,0,"settings/itemflav/grx_currency/credits.rpak",600
1495,1496,36000,"settings/itemflav/grx_currency/credits.rpak",600
1496,1497,36000,"settings/itemflav/pack/cosmetic_rare.rpak",1
0,0,0,"settings/itemflav/grx_currency/credits.rpak",600
1497,1498,36000,"settings/itemflav/grx_currency/credits.rpak",600
1498,1499,36000,"settings/itemflav/pack/cosmetic_rare.rpak",1
0,0,0,"settings/itemflav/grx_currency/credits.rpak",600
0,0,0,"settings/itemflav/weapon_charm/charm_apex_asset_v21_misc_playerlevel02.rpak",1
1499,1500,18000,"settings/itemflav/grx_currency/credits.rpak",600
1500,1501,18000,"settings/itemflav/pack/cosmetic_rare.rpak",1
0,0,0,"settings/itemflav/grx_currency/credits.rpak",600
1501,1502,18000,"settings/itemflav/grx_currency/credits.rpak",600
1502,1503,18000,"settings/itemflav/grx_currency/credits.rpak",600
1503,1504,18000,"settings/itemflav/grx_currency/credits.rpak",600
1504,1505,18000,"settings/itemflav/grx_currency/credits.rpak",600
1505,1506,18000,"settings/itemflav/grx_currency/credits.rpak",600
1506,1507,18000,"settings/itemflav/grx_currency/credits.rpak",600
1507,1508,18000,"settings/itemflav/grx_currency/credits.rpak",600
1508,1509,18000,"settings/itemflav/grx_currency/credits.rpak",600
1509,1510,18000,"settings/itemflav/grx_currency/credits.rpak",600
1510,1511,18000,"settings/itemflav/pack/cosmetic_rare.rpak",1
0,0,0,"settings/itemflav/grx_currency/credits.rpak",600
1511,1512,18000,"settings/itemflav/grx_currency/credits.rpak",600
1512,1513,18000,"settings/itemflav/grx_currency/credits.rpak",600
1513,1514,18000,"settings/itemflav/grx_currency/credits.rpak",600
1514,1515,18000,"settings/itemflav/grx_currency/credits.rpak",600
1515,1516,18000,"settings/itemflav/grx_currency/credits.rpak",600
1516,1517,18000,"settings/itemflav/grx_currency/credits.rpak",600
1517,1518,18000,"settings/itemflav/grx_currency/credits.rpak",600
1518,1519,18000,"settings/itemflav/grx_currency/credits.rpak",600
1519,1520,18000,"settings/itemflav/grx_currency/credits.rpak",600
1520,1521,18000,"settings/itemflav/pack/cosmetic_rare.rpak",1
0,0,0,"settings/itemflav/grx_currency/credits.rpak",600
1521,1522,18000,"settings/itemflav/grx_currency/credits.rpak",600
1522,1523,18000,"settings/itemflav/grx_currency/credits.rpak",600
1523,1524,18000,"settings/itemflav/grx_currency/credits.rpak",600
1524,1525,18000,"settings/itemflav/grx_currency/credits.rpak",600
1525,1526,18000,"settings/itemflav/grx_currency/credits.rpak",600
1526,1527,18000,"settings/itemflav/grx_currency/credits.rpak",600
1527,1528,18000,"settings/itemflav/grx_currency/credits.rpak",600
1528,1529,18000,"settings/itemflav/grx_currency/credits.rpak",600
1529,1530,18000,"settings/itemflav/grx_currency/credits.rpak",600
1530,1531,18000,"settings/itemflav/pack/cosmetic_rare.rpak",1
0,0,0,"settings/itemflav/grx_currency/credits.rpak",600
1531,1532,18000,"settings/itemflav/grx_currency/credits.rpak",600
1532,1533,18000,"settings/itemflav/grx_currency/credits.rpak",600
1533,1534,18000,"settings/itemflav/grx_currency/credits.rpak",600
1534,1535,18000,"settings/itemflav/grx_currency/credits.rpak",600
1535,1536,18000,"settings/itemflav/grx_currency/credits.rpak",600
1536,1537,18000,"settings/itemflav/grx_currency/credits.rpak",600
1537,1538,18000,"settings/itemflav/grx_currency/credits.rpak",600
1538,1539,18000,"settings/itemflav/grx_currency/credits.rpak",600
1539,1540,18000,"settings/itemflav/grx_currency/credits.rpak",600
1540,1541,18000,"settings/itemflav/pack/cosmetic_rare.rpak",1
0,0,0,"settings/itemflav/grx_currency/credits.rpak",600
1541,1542,18000,"settings/itemflav/grx_currency/credits.rpak",600
1542,1543,18000,"settings/itemflav/grx_currency/credits.rpak",600
1543,1544,18000,"settings/itemflav/grx_currency/credits.rpak",600
1544,1545,18000,"settings/itemflav/grx_currency/credits.rpak",600
1545,1546,18000,"settings/itemflav/grx_currency/credits.rpak",600
1546,1547,18000,"settings/itemflav/grx_currency/credits.rpak",600
1547,1548,18000,"settings/itemflav/grx_currency/credits.rpak",600
1548,1549,18000,"settings/itemflav/grx_currency/credits.rpak",600
1549,1550,18000,"settings/itemflav/grx_currency/credits.rpak",600
1550,1551,18000,"settings/itemflav/pack/cosmetic_rare.rpak",1
0,0,0,"settings/itemflav/grx_currency/credits.rpak",600
1551,1552,18000,"settings/itemflav/grx_currency/credits.rpak",600
1552,1553,18000,"settings/itemflav/grx_currency/credits.rpak",600
1553,1554,18000,"settings/itemflav/grx_currency/credits.rpak",600
1554,1555,18000,"settings/itemflav/grx_currency/credits.rpak",600
1555,1556,18000,"settings/itemflav/grx_currency/credits.rpak",600
1556,1557,18000,"settings/itemflav/grx_currency/credits.rpak",600
1557,1558,18000,"settings/itemflav/grx_currency/credits.rpak",600
1558,1559,18000,"settings/itemflav/grx_currency/credits.rpak",600
1559,1560,18000,"settings/itemflav/grx_currency/credits.rpak",600
1560,1561,18000,"settings/itemflav/pack/cosmetic_rare.rpak",1
0,0,0,"settings/itemflav/grx_currency/credits.rpak",600
1561,1562,18000,"settings/itemflav/grx_currency/credits.rpak",600
1562,1563,18000,"settings/itemflav/grx_currency/credits.rpak",600
1563,1564,18000,"settings/itemflav/grx_currency/credits.rpak",600
1564,1565,18000,"settings/itemflav/grx_currency/credits.rpak",600
1565,1566,18000,"settings/itemflav/grx_currency/credits.rpak",600
1566,1567,18000,"settings/itemflav/grx_currency/credits.rpak",600
1567,1568,18000,"settings/itemflav/grx_currency/credits.rpak",600
1568,1569,18000,"settings/itemflav/grx_currency/credits.rpak",600
1569,1570,18000,"settings/itemflav/grx_currency/credits.rpak",600
1570,1571,18000,"settings/itemflav/pack/cosmetic_rare.rpak",1
0,0,0,"settings/itemflav/grx_currency/credits.rpak",600
1571,1572,18000,"settings/itemflav/grx_currency/credits.rpak",600
1572,1573,18000,"settings/itemflav/grx_currency/credits.rpak",600
1573,1574,18000,"settings/itemflav/grx_currency/credits.rpak",600
1574,1575,18000,"settings/itemflav/grx_currency/credits.rpak",600
1575,1576,18000,"settings/itemflav/grx_currency/credits.rpak",600
1576,1577,18000,"settings/itemflav/grx_currency/credits.rpak",600
1577,1578,18000,"settings/itemflav/grx_currency/credits.rpak",600
1578,1579,18000,"settings/itemflav/grx_currency/credits.rpak",600
1579,1580,18000,"settings/itemflav/grx_currency/credits.rpak",600
1580,1581,18000,"settings/itemflav/pack/cosmetic_rare.rpak",1
0,0,0,"settings/itemflav/grx_currency/credits.rpak",600
1581,1582,18000,"settings/itemflav/grx_currency/credits.rpak",600
1582,1583,18000,"settings/itemflav/grx_currency/credits.rpak",600
1583,1584,18000,"settings/itemflav/grx_currency/credits.rpak",600
1584,1585,18000,"settings/itemflav/grx_currency/credits.rpak",600
1585,1586,18000,"settings/itemflav/grx_currency/credits.rpak",600
1586,1587,18000,"settings/itemflav/grx_currency/credits.rpak",600
1587,1588,18000,"settings/itemflav/grx_currency/credits.rpak",600
1588,1589,18000,"settings/itemflav/grx_currency/credits.rpak",600
1589,1590,18000,"settings/itemflav/grx_currency/credits.rpak",600
1590,1591,18000,"settings/itemflav/pack/cosmetic_rare.rpak",1
0,0,0,"settings/itemflav/grx_currency/credits.rpak",600
1591,1592,18000,"settings/itemflav/grx_currency/credits.rpak",600
1592,1593,18000,"settings/itemflav/grx_currency/credits.rpak",600
1593,1594,18000,"settings/itemflav/grx_currency/credits.rpak",600
1594,1595,18000,"settings/itemflav/grx_currency/credits.rpak",600
1595,1596,18000,"settings/itemflav/grx_currency/credits.rpak",600
1596,1597,18000,"settings/itemflav/grx_currency/credits.rpak",600
1597,1598,18000,"settings/itemflav/grx_currency/credits.rpak",600
1598,1599,18000,"settings/itemflav/grx_currency/credits.rpak",600
1599,1600,18000,"settings/itemflav/grx_currency/credits.rpak",600
1600,1601,20000,"settings/itemflav/pack/cosmetic_rare.rpak",1
0,0,0,"settings/itemflav/grx_currency/credits.rpak",600
1601,1602,20000,"settings/itemflav/grx_currency/credits.rpak",600
1602,1603,20000,"settings/itemflav/grx_currency/credits.rpak",600
1603,1604,20000,"settings/itemflav/grx_currency/credits.rpak",600
1604,1605,20000,"settings/itemflav/grx_currency/credits.rpak",600
1605,1606,20000,"settings/itemflav/grx_currency/credits.rpak",600
1606,1607,20000,"settings/itemflav/grx_currency/credits.rpak",600
1607,1608,20000,"settings/itemflav/grx_currency/credits.rpak",600
1608,1609,20000,"settings/itemflav/pack/cosmetic_rare.rpak",1
0,0,0,"settings/itemflav/grx_currency/credits.rpak",600
1609,1610,20000,"settings/itemflav/grx_currency/credits.rpak",600
1610,1611,20000,"settings/itemflav/grx_currency/credits.rpak",600
1611,1612,20000,"settings/itemflav/grx_currency/credits.rpak",600
1612,1613,20000,"settings/itemflav/grx_currency/credits.rpak",600
1613,1614,20000,"settings/itemflav/grx_currency/credits.rpak",600
1614,1615,20000,"settings/itemflav/grx_currency/credits.rpak",600
1615,1616,20000,"settings/itemflav/grx_currency/credits.rpak",600
1616,1617,20000,"settings/itemflav/pack/cosmetic_rare.rpak",1
0,0,0,"settings/itemflav/grx_currency/credits.rpak",600
1617,1618,20000,"settings/itemflav/grx_currency/credits.rpak",600
1618,1619,20000,"settings/itemflav/grx_currency/credits.rpak",600
1619,1620,20000,"settings/itemflav/grx_currency/credits.rpak",600
1620,1621,20000,"settings/itemflav/grx_currency/credits.rpak",600
1621,1622,20000,"settings/itemflav/grx_currency/credits.rpak",600
1622,1623,20000,"settings/itemflav/grx_currency/credits.rpak",600
1623,1624,20000,"settings/itemflav/grx_currency/credits.rpak",600
1624,1625,20000,"settings/itemflav/pack/cosmetic_rare.rpak",1
0,0,0,"settings/itemflav/grx_currency/credits.rpak",600
1625,1626,20000,"settings/itemflav/grx_currency/credits.rpak",600
1626,1627,20000,"settings/itemflav/grx_currency/credits.rpak",600
1627,1628,20000,"settings/itemflav/grx_currency/credits.rpak",600
1628,1629,20000,"settings/itemflav/grx_currency/credits.rpak",600
1629,1630,20000,"settings/itemflav/grx_currency/credits.rpak",600
1630,1631,20000,"settings/itemflav/grx_currency/credits.rpak",600
1631,1632,20000,"settings/itemflav/grx_currency/credits.rpak",600
1632,1633,20000,"settings/itemflav/pack/cosmetic_rare.rpak",1
0,0,0,"settings/itemflav/grx_currency/credits.rpak",600
1633,1634,20000,"settings/itemflav/grx_currency/credits.rpak",600
1634,1635,20000,"settings/itemflav/grx_currency/credits.rpak",600
1635,1636,20000,"settings/itemflav/grx_currency/credits.rpak",600
1636,1637,20000,"settings/itemflav/grx_currency/credits.rpak",600
1637,1638,20000,"settings/itemflav/grx_currency/credits.rpak",600
1638,1639,20000,"settings/itemflav/grx_currency/credits.rpak",600
1639,1640,20000,"settings/itemflav/grx_currency/credits.rpak",600
1640,1641,20000,"settings/itemflav/pack/cosmetic_rare.rpak",1
0,0,0,"settings/itemflav/grx_currency/credits.rpak",600
1641,1642,20000,"settings/itemflav/grx_currency/credits.rpak",600
1642,1643,20000,"settings/itemflav/grx_currency/credits.rpak",600
1643,1644,20000,"settings/itemflav/grx_currency/credits.rpak",600
1644,1645,20000,"settings/itemflav/grx_currency/credits.rpak",600
1645,1646,20000,"settings/itemflav/grx_currency/credits.rpak",600
1646,1647,20000,"settings/itemflav/grx_currency/credits.rpak",600
1647,1648,20000,"settings/itemflav/grx_currency/credits.rpak",600
1648,1649,20000,"settings/itemflav/pack/cosmetic_rare.rpak",1
0,0,0,"settings/itemflav/grx_currency/credits.rpak",600
1649,1650,20000,"settings/itemflav/grx_currency/credits.rpak",600
1650,1651,20000,"settings/itemflav/grx_currency/credits.rpak",600
1651,1652,20000,"settings/itemflav/grx_currency/credits.rpak",600
1652,1653,20000,"settings/itemflav/grx_currency/credits.rpak",600
1653,1654,20000,"settings/itemflav/grx_currency/credits.rpak",600
1654,1655,20000,"settings/itemflav/grx_currency/credits.rpak",600
1655,1656,20000,"settings/itemflav/grx_currency/credits.rpak",600
1656,1657,20000,"settings/itemflav/pack/cosmetic_rare.rpak",1
0,0,0,"settings/itemflav/grx_currency/credits.rpak",600
1657,1658,20000,"settings/itemflav/grx_currency/credits.rpak",600
1658,1659,20000,"settings/itemflav/grx_currency/credits.rpak",600
1659,1660,20000,"settings/itemflav/grx_currency/credits.rpak",600
1660,1661,20000,"settings/itemflav/grx_currency/credits.rpak",600
1661,1662,20000,"settings/itemflav/grx_currency/credits.rpak",600
1662,1663,20000,"settings/itemflav/grx_currency/credits.rpak",600
1663,1664,20000,"settings/itemflav/grx_currency/credits.rpak",600
1664,1665,20000,"settings/itemflav/pack/cosmetic_rare.rpak",1
0,0,0,"settings/itemflav/grx_currency/credits.rpak",600
1665,1666,20000,"settings/itemflav/grx_currency/credits.rpak",600
1666,1667,20000,"settings/itemflav/grx_currency/credits.rpak",600
1667,1668,20000,"settings/itemflav/grx_currency/credits.rpak",600
1668,1669,20000,"settings/itemflav/grx_currency/credits.rpak",600
1669,1670,20000,"settings/itemflav/grx_currency/credits.rpak",600
1670,1671,20000,"settings/itemflav/grx_currency/credits.rpak",600
1671,1672,20000,"settings/itemflav/grx_currency/credits.rpak",600
1672,1673,20000,"settings/itemflav/pack/cosmetic_rare.rpak",1
0,0,0,"settings/itemflav/grx_currency/credits.rpak",600
1673,1674,20000,"settings/itemflav/grx_currency/credits.rpak",600
1674,1675,20000,"settings/itemflav/grx_currency/credits.rpak",600
1675,1676,20000,"settings/itemflav/grx_currency/credits.rpak",600
1676,1677,20000,"settings/itemflav/grx_currency/credits.rpak",600
1677,1678,20000,"settings/itemflav/grx_currency/credits.rpak",600
1678,1679,20000,"settings/itemflav/grx_currency/credits.rpak",600
1679,1680,20000,"settings/itemflav/grx_currency/credits.rpak",600
1680,1681,20000,"settings/itemflav/pack/cosmetic_rare.rpak",1
0,0,0,"settings/itemflav/grx_currency/credits.rpak",600
1681,1682,20000,"settings/itemflav/grx_currency/credits.rpak",600
1682,1683,20000,"settings/itemflav/grx_currency/credits.rpak",600
1683,1684,20000,"settings/itemflav/grx_currency/credits.rpak",600
1684,1685,20000,"settings/itemflav/grx_currency/credits.rpak",600
1685,1686,20000,"settings/itemflav/grx_currency/credits.rpak",600
1686,1687,20000,"settings/itemflav/grx_currency/credits.rpak",600
1687,1688,20000,"settings/itemflav/grx_currency/credits.rpak",600
1688,1689,20000,"settings/itemflav/pack/cosmetic_rare.rpak",1
0,0,0,"settings/itemflav/grx_currency/credits.rpak",600
1689,1690,20000,"settings/itemflav/grx_currency/credits.rpak",600
1690,1691,20000,"settings/itemflav/grx_currency/credits.rpak",600
1691,1692,20000,"settings/itemflav/grx_currency/credits.rpak",600
1692,1693,20000,"settings/itemflav/grx_currency/credits.rpak",600
1693,1694,20000,"settings/itemflav/grx_currency/credits.rpak",600
1694,1695,20000,"settings/itemflav/grx_currency/credits.rpak",600
1695,1696,20000,"settings/itemflav/grx_currency/credits.rpak",600
1696,1697,20000,"settings/itemflav/pack/cosmetic_rare.rpak",1
0,0,0,"settings/itemflav/grx_currency/credits.rpak",600
1697,1698,20000,"settings/itemflav/grx_currency/credits.rpak",600
1698,1699,20000,"settings/itemflav/grx_currency/credits.rpak",600
1699,1700,20000,"settings/itemflav/grx_currency/credits.rpak",600
1700,1701,23000,"settings/itemflav/pack/cosmetic_rare.rpak",1
0,0,0,"settings/itemflav/grx_currency/credits.rpak",600
1701,1702,23000,"settings/itemflav/grx_currency/credits.rpak",600
1702,1703,23000,"settings/itemflav/grx_currency/credits.rpak",600
1703,1704,23000,"settings/itemflav/grx_currency/credits.rpak",600
1704,1705,23000,"settings/itemflav/grx_currency/credits.rpak",600
1705,1706,23000,"settings/itemflav/grx_currency/credits.rpak",600
1706,1707,23000,"settings/itemflav/pack/cosmetic_rare.rpak",1
0,0,0,"settings/itemflav/grx_currency/credits.rpak",600
1707,1708,23000,"settings/itemflav/grx_currency/credits.rpak",600
1708,1709,23000,"settings/itemflav/grx_currency/credits.rpak",600
1709,1710,23000,"settings/itemflav/grx_currency/credits.rpak",600
1710,1711,23000,"settings/itemflav/grx_currency/credits.rpak",600
1711,1712,23000,"settings/itemflav/grx_currency/credits.rpak",600
1712,1713,23000,"settings/itemflav/pack/cosmetic_rare.rpak",1
0,0,0,"settings/itemflav/grx_currency/credits.rpak",600
1713,1714,23000,"settings/itemflav/grx_currency/credits.rpak",600
1714,1715,23000,"settings/itemflav/grx_currency/credits.rpak",600
1715,1716,23000,"settings/itemflav/grx_currency/credits.rpak",600
1716,1717,23000,"settings/itemflav/grx_currency/credits.rpak",600
1717,1718,23000,"settings/itemflav/grx_currency/credits.rpak",600
1718,1719,23000,"settings/itemflav/pack/cosmetic_rare.rpak",1
0,0,0,"settings/itemflav/grx_currency/credits.rpak",600
1719,1720,23000,"settings/itemflav/grx_currency/credits.rpak",600
1720,1721,23000,"settings/itemflav/grx_currency/credits.rpak",600
1721,1722,23000,"settings/itemflav/grx_currency/credits.rpak",600
1722,1723,23000,"settings/itemflav/grx_currency/credits.rpak",600
1723,1724,23000,"settings/itemflav/grx_currency/credits.rpak",600
1724,1725,23000,"settings/itemflav/pack/cosmetic_rare.rpak",1
0,0,0,"settings/itemflav/grx_currency/credits.rpak",600
1725,1726,23000,"settings/itemflav/grx_currency/credits.rpak",600
1726,1727,23000,"settings/itemflav/grx_currency/credits.rpak",600
1727,1728,23000,"settings/itemflav/grx_currency/credits.rpak",600
1728,1729,23000,"settings/itemflav/grx_currency/credits.rpak",600
1729,1730,23000,"settings/itemflav/grx_currency/credits.rpak",600
1730,1731,23000,"settings/itemflav/pack/cosmetic_rare.rpak",1
0,0,0,"settings/itemflav/grx_currency/credits.rpak",600
1731,1732,23000,"settings/itemflav/grx_currency/credits.rpak",600
1732,1733,23000,"settings/itemflav/grx_currency/credits.rpak",600
1733,1734,23000,"settings/itemflav/grx_currency/credits.rpak",600
1734,1735,23000,"settings/itemflav/grx_currency/credits.rpak",600
1735,1736,23000,"settings/itemflav/grx_currency/credits.rpak",600
1736,1737,23000,"settings/itemflav/pack/cosmetic_rare.rpak",1
0,0,0,"settings/itemflav/grx_currency/credits.rpak",600
1737,1738,23000,"settings/itemflav/grx_currency/credits.rpak",600
1738,1739,23000,"settings/itemflav/grx_currency/credits.rpak",600
1739,1740,23000,"settings/itemflav/grx_currency/credits.rpak",600
1740,1741,23000,"settings/itemflav/grx_currency/credits.rpak",600
1741,1742,23000,"settings/itemflav/grx_currency/credits.rpak",600
1742,1743,23000,"settings/itemflav/pack/cosmetic_rare.rpak",1
0,0,0,"settings/itemflav/grx_currency/credits.rpak",600
1743,1744,23000,"settings/itemflav/grx_currency/credits.rpak",600
1744,1745,23000,"settings/itemflav/grx_currency/credits.rpak",600
1745,1746,23000,"settings/itemflav/grx_currency/credits.rpak",600
1746,1747,23000,"settings/itemflav/grx_currency/credits.rpak",600
1747,1748,23000,"settings/itemflav/grx_currency/credits.rpak",600
1748,1749,23000,"settings/itemflav/pack/cosmetic_rare.rpak",1
0,0,0,"settings/itemflav/grx_currency/credits.rpak",600
1749,1750,23000,"settings/itemflav/grx_currency/credits.rpak",600
1750,1751,23000,"settings/itemflav/grx_currency/credits.rpak",600
1751,1752,23000,"settings/itemflav/grx_currency/credits.rpak",600
1752,1753,23000,"settings/itemflav/grx_currency/credits.rpak",600
1753,1754,23000,"settings/itemflav/grx_currency/credits.rpak",600
1754,1755,23000,"settings/itemflav/pack/cosmetic_rare.rpak",1
0,0,0,"settings/itemflav/grx_currency/credits.rpak",600
1755,1756,23000,"settings/itemflav/grx_currency/credits.rpak",600
1756,1757,23000,"settings/itemflav/grx_currency/credits.rpak",600
1757,1758,23000,"settings/itemflav/grx_currency/credits.rpak",600
1758,1759,23000,"settings/itemflav/grx_currency/credits.rpak",600
1759,1760,23000,"settings/itemflav/grx_currency/credits.rpak",600
1760,1761,23000,"settings/itemflav/pack/cosmetic_rare.rpak",1
0,0,0,"settings/itemflav/grx_currency/credits.rpak",600
1761,1762,23000,"settings/itemflav/grx_currency/credits.rpak",600
1762,1763,23000,"settings/itemflav/grx_currency/credits.rpak",600
1763,1764,23000,"settings/itemflav/grx_currency/credits.rpak",600
1764,1765,23000,"settings/itemflav/grx_currency/credits.rpak",600
1765,1766,23000,"settings/itemflav/grx_currency/credits.rpak",600
1766,1767,23000,"settings/itemflav/pack/cosmetic_rare.rpak",1
0,0,0,"settings/itemflav/grx_currency/credits.rpak",600
1767,1768,23000,"settings/itemflav/grx_currency/credits.rpak",600
1768,1769,23000,"settings/itemflav/grx_currency/credits.rpak",600
1769,1770,23000,"settings/itemflav/grx_currency/credits.rpak",600
1770,1771,23000,"settings/itemflav/grx_currency/credits.rpak",600
1771,1772,23000,"settings/itemflav/grx_currency/credits.rpak",600
1772,1773,23000,"settings/itemflav/pack/cosmetic_rare.rpak",1
0,0,0,"settings/itemflav/grx_currency/credits.rpak",600
1773,1774,23000,"settings/itemflav/grx_currency/credits.rpak",600
1774,1775,23000,"settings/itemflav/grx_currency/credits.rpak",600
1775,1776,23000,"settings/itemflav/grx_currency/credits.rpak",600
1776,1777,23000,"settings/itemflav/grx_currency/credits.rpak",600
1777,1778,23000,"settings/itemflav/grx_currency/credits.rpak",600
1778,1779,23000,"settings/itemflav/pack/cosmetic_rare.rpak",1
0,0,0,"settings/itemflav/grx_currency/credits.rpak",600
1779,1780,23000,"settings/itemflav/grx_currency/credits.rpak",600
1780,1781,23000,"settings/itemflav/grx_currency/credits.rpak",600
1781,1782,23000,"settings/itemflav/grx_currency/credits.rpak",600
1782,1783,23000,"settings/itemflav/grx_currency/credits.rpak",600
1783,1784,23000,"settings/itemflav/grx_currency/credits.rpak",600
1784,1785,23000,"settings/itemflav/pack/cosmetic_rare.rpak",1
0,0,0,"settings/itemflav/grx_currency/credits.rpak",600
1785,1786,23000,"settings/itemflav/grx_currency/credits.rpak",600
1786,1787,23000,"settings/itemflav/grx_currency/credits.rpak",600
1787,1788,23000,"settings/itemflav/grx_currency/credits.rpak",600
1788,1789,23000,"settings/itemflav/grx_currency/credits.rpak",600
1789,1790,23000,"settings/itemflav/grx_currency/credits.rpak",600
1790,1791,23000,"settings/itemflav/pack/cosmetic_rare.rpak",1
0,0,0,"settings/itemflav/grx_currency/credits.rpak",600
1791,1792,23000,"settings/itemflav/grx_currency/credits.rpak",600
1792,1793,23000,"settings/itemflav/grx_currency/credits.rpak",600
1793,1794,23000,"settings/itemflav/grx_currency/credits.rpak",600
1794,1795,23000,"settings/itemflav/grx_currency/credits.rpak",600
1795,1796,23000,"settings/itemflav/grx_currency/credits.rpak",600
1796,1797,23000,"settings/itemflav/pack/cosmetic_rare.rpak",1
0,0,0,"settings/itemflav/grx_currency/credits.rpak",600
1797,1798,23000,"settings/itemflav/grx_currency/credits.rpak",600
1798,1799,23000,"settings/itemflav/grx_currency/credits.rpak",600
1799,1800,23000,"settings/itemflav/grx_currency/credits.rpak",600
1800,1801,28000,"settings/itemflav/pack/cosmetic_rare.rpak",1
0,0,0,"settings/itemflav/grx_currency/credits.rpak",600
1801,1802,28000,"settings/itemflav/grx_currency/credits.rpak",600
1802,1803,28000,"settings/itemflav/grx_currency/credits.rpak",600
1803,1804,28000,"settings/itemflav/grx_currency/credits.rpak",600
1804,1805,28000,"settings/itemflav/pack/cosmetic_rare.rpak",1
0,0,0,"settings/itemflav/grx_currency/credits.rpak",600
1805,1806,28000,"settings/itemflav/grx_currency/credits.rpak",600
1806,1807,28000,"settings/itemflav/grx_currency/credits.rpak",600
1807,1808,28000,"settings/itemflav/grx_currency/credits.rpak",600
1808,1809,28000,"settings/itemflav/pack/cosmetic_rare.rpak",1
0,0,0,"settings/itemflav/grx_currency/credits.rpak",600
1809,1810,28000,"settings/itemflav/grx_currency/credits.rpak",600
1810,1811,28000,"settings/itemflav/grx_currency/credits.rpak",600
1811,1812,28000,"settings/itemflav/grx_currency/credits.rpak",600
1812,1813,28000,"settings/itemflav/pack/cosmetic_rare.rpak",1
0,0,0,"settings/itemflav/grx_currency/credits.rpak",600
1813,1814,28000,"settings/itemflav/grx_currency/credits.rpak",600
1814,1815,28000,"settings/itemflav/grx_currency/credits.rpak",600
1815,1816,28000,"settings/itemflav/grx_currency/credits.rpak",600
1816,1817,28000,"settings/itemflav/pack/cosmetic_rare.rpak",1
0,0,0,"settings/itemflav/grx_currency/credits.rpak",600
1817,1818,28000,"settings/itemflav/grx_currency/credits.rpak",600
1818,1819,28000,"settings/itemflav/grx_currency/credits.rpak",600
1819,1820,28000,"settings/itemflav/grx_currency/credits.rpak",600
1820,1821,28000,"settings/itemflav/pack/cosmetic_rare.rpak",1
0,0,0,"settings/itemflav/grx_currency/credits.rpak",600
1821,1822,28000,"settings/itemflav/grx_currency/credits.rpak",600
1822,1823,28000,"settings/itemflav/grx_currency/credits.rpak",600
1823,1824,28000,"settings/itemflav/grx_currency/credits.rpak",600
1824,1825,28000,"settings/itemflav/pack/cosmetic_rare.rpak",1
0,0,0,"settings/itemflav/grx_currency/credits.rpak",600
1825,1826,28000,"settings/itemflav/grx_currency/credits.rpak",600
1826,1827,28000,"settings/itemflav/grx_currency/credits.rpak",600
1827,1828,28000,"settings/itemflav/grx_currency/credits.rpak",600
1828,1829,28000,"settings/itemflav/pack/cosmetic_rare.rpak",1
0,0,0,"settings/itemflav/grx_currency/credits.rpak",600
1829,1830,28000,"settings/itemflav/grx_currency/credits.rpak",600
1830,1831,28000,"settings/itemflav/grx_currency/credits.rpak",600
1831,1832,28000,"settings/itemflav/grx_currency/credits.rpak",600
1832,1833,28000,"settings/itemflav/pack/cosmetic_rare.rpak",1
0,0,0,"settings/itemflav/grx_currency/credits.rpak",600
1833,1834,28000,"settings/itemflav/grx_currency/credits.rpak",600
1834,1835,28000,"settings/itemflav/grx_currency/credits.rpak",600
1835,1836,28000,"settings/itemflav/grx_currency/credits.rpak",600
1836,1837,28000,"settings/itemflav/pack/cosmetic_rare.rpak",1
0,0,0,"settings/itemflav/grx_currency/credits.rpak",600
1837,1838,28000,"settings/itemflav/grx_currency/credits.rpak",600
1838,1839,28000,"settings/itemflav/grx_currency/credits.rpak",600
1839,1840,28000,"settings/itemflav/grx_currency/credits.rpak",600
1840,1841,28000,"settings/itemflav/pack/cosmetic_rare.rpak",1
0,0,0,"settings/itemflav/grx_currency/credits.rpak",600
1841,1842,28000,"settings/itemflav/grx_currency/credits.rpak",600
1842,1843,28000,"settings/itemflav/grx_currency/credits.rpak",600
1843,1844,28000,"settings/itemflav/grx_currency/credits.rpak",600
1844,1845,28000,"settings/itemflav/pack/cosmetic_rare.rpak",1
0,0,0,"settings/itemflav/grx_currency/credits.rpak",600
1845,1846,28000,"settings/itemflav/grx_currency/credits.rpak",600
1846,1847,28000,"settings/itemflav/grx_currency/credits.rpak",600
1847,1848,28000,"settings/itemflav/grx_currency/credits.rpak",600
1848,1849,28000,"settings/itemflav/pack/cosmetic_rare.rpak",1
0,0,0,"settings/itemflav/grx_currency/credits.rpak",600
1849,1850,28000,"settings/itemflav/grx_currency/credits.rpak",600
1850,1851,28000,"settings/itemflav/grx_currency/credits.rpak",600
1851,1852,28000,"settings/itemflav/grx_currency/credits.rpak",600
1852,1853,28000,"settings/itemflav/pack/cosmetic_rare.rpak",1
0,0,0,"settings/itemflav/grx_currency/credits.rpak",600
1853,1854,28000,"settings/itemflav/grx_currency/credits.rpak",600
1854,1855,28000,"settings/itemflav/grx_currency/credits.rpak",600
1855,1856,28000,"settings/itemflav/grx_currency/credits.rpak",600
1856,1857,28000,"settings/itemflav/pack/cosmetic_rare.rpak",1
0,0,0,"settings/itemflav/grx_currency/credits.rpak",600
1857,1858,28000,"settings/itemflav/grx_currency/credits.rpak",600
1858,1859,28000,"settings/itemflav/grx_currency/credits.rpak",600
1859,1860,28000,"settings/itemflav/grx_currency/credits.rpak",600
1860,1861,28000,"settings/itemflav/pack/cosmetic_rare.rpak",1
0,0,0,"settings/itemflav/grx_currency/credits.rpak",600
1861,1862,28000,"settings/itemflav/grx_currency/credits.rpak",600
1862,1863,28000,"settings/itemflav/grx_currency/credits.rpak",600
1863,1864,28000,"settings/itemflav/grx_currency/credits.rpak",600
1864,1865,28000,"settings/itemflav/pack/cosmetic_rare.rpak",1
0,0,0,"settings/itemflav/grx_currency/credits.rpak",600
1865,1866,28000,"settings/itemflav/grx_currency/credits.rpak",600
1866,1867,28000,"settings/itemflav/grx_currency/credits.rpak",600
1867,1868,28000,"settings/itemflav/grx_currency/credits.rpak",600
1868,1869,28000,"settings/itemflav/pack/cosmetic_rare.rpak",1
0,0,0,"settings/itemflav/grx_currency/credits.rpak",600
1869,1870,28000,"settings/itemflav/grx_currency/credits.rpak",600
1870,1871,28000,"settings/itemflav/grx_currency/credits.rpak",600
1871,1872,28000,"settings/itemflav/grx_currency/credits.rpak",600
1872,1873,28000,"settings/itemflav/pack/cosmetic_rare.rpak",1
0,0,0,"settings/itemflav/grx_currency/credits.rpak",600
1873,1874,28000,"settings/itemflav/grx_currency/credits.rpak",600
1874,1875,28000,"settings/itemflav/grx_currency/credits.rpak",600
1875,1876,28000,"settings/itemflav/grx_currency/credits.rpak",600
1876,1877,28000,"settings/itemflav/pack/cosmetic_rare.rpak",1
0,0,0,"settings/itemflav/grx_currency/credits.rpak",600
1877,1878,28000,"settings/itemflav/grx_currency/credits.rpak",600
1878,1879,28000,"settings/itemflav/grx_currency/credits.rpak",600
1879,1880,28000,"settings/itemflav/grx_currency/credits.rpak",600
1880,1881,28000,"settings/itemflav/pack/cosmetic_rare.rpak",1
0,0,0,"settings/itemflav/grx_currency/credits.rpak",600
1881,1882,28000,"settings/itemflav/grx_currency/credits.rpak",600
1882,1883,28000,"settings/itemflav/grx_currency/credits.rpak",600
1883,1884,28000,"settings/itemflav/grx_currency/credits.rpak",600
1884,1885,28000,"settings/itemflav/pack/cosmetic_rare.rpak",1
0,0,0,"settings/itemflav/grx_currency/credits.rpak",600
1885,1886,28000,"settings/itemflav/grx_currency/credits.rpak",600
1886,1887,28000,"settings/itemflav/grx_currency/credits.rpak",600
1887,1888,28000,"settings/itemflav/grx_currency/credits.rpak",600
1888,1889,28000,"settings/itemflav/pack/cosmetic_rare.rpak",1
0,0,0,"settings/itemflav/grx_currency/credits.rpak",600
1889,1890,28000,"settings/itemflav/grx_currency/credits.rpak",600
1890,1891,28000,"settings/itemflav/grx_currency/credits.rpak",600
1891,1892,28000,"settings/itemflav/grx_currency/credits.rpak",600
1892,1893,28000,"settings/itemflav/pack/cosmetic_rare.rpak",1
0,0,0,"settings/itemflav/grx_currency/credits.rpak",600
1893,1894,28000,"settings/itemflav/grx_currency/credits.rpak",600
1894,1895,28000,"settings/itemflav/grx_currency/credits.rpak",600
1895,1896,28000,"settings/itemflav/grx_currency/credits.rpak",600
1896,1897,28000,"settings/itemflav/pack/cosmetic_rare.rpak",1
0,0,0,"settings/itemflav/grx_currency/credits.rpak",600
1897,1898,28000,"settings/itemflav/grx_currency/credits.rpak",600
1898,1899,28000,"settings/itemflav/grx_currency/credits.rpak",600
1899,1900,28000,"settings/itemflav/grx_currency/credits.rpak",600
1900,1901,36000,"settings/itemflav/pack/cosmetic_rare.rpak",1
0,0,0,"settings/itemflav/grx_currency/credits.rpak",600
1901,1902,36000,"settings/itemflav/grx_currency/credits.rpak",600
1902,1903,36000,"settings/itemflav/pack/cosmetic_rare.rpak",1
0,0,0,"settings/itemflav/grx_currency/credits.rpak",600
1903,1904,36000,"settings/itemflav/grx_currency/credits.rpak",600
1904,1905,36000,"settings/itemflav/pack/cosmetic_rare.rpak",1
0,0,0,"settings/itemflav/grx_currency/credits.rpak",600
1905,1906,36000,"settings/itemflav/grx_currency/credits.rpak",600
1906,1907,36000,"settings/itemflav/pack/cosmetic_rare.rpak",1
0,0,0,"settings/itemflav/grx_currency/credits.rpak",600
1907,1908,36000,"settings/itemflav/grx_currency/credits.rpak",600
1908,1909,36000,"settings/itemflav/pack/cosmetic_rare.rpak",1
0,0,0,"settings/itemflav/grx_currency/credits.rpak",600
1909,1910,36000,"settings/itemflav/grx_currency/credits.rpak",600
1910,1911,36000,"settings/itemflav/pack/cosmetic_rare.rpak",1
0,0,0,"settings/itemflav/grx_currency/credits.rpak",600
1911,1912,36000,"settings/itemflav/grx_currency/credits.rpak",600
1912,1913,36000,"settings/itemflav/pack/cosmetic_rare.rpak",1
0,0,0,"settings/itemflav/grx_currency/credits.rpak",600
1913,1914,36000,"settings/itemflav/grx_currency/credits.rpak",600
1914,1915,36000,"settings/itemflav/pack/cosmetic_rare.rpak",1
0,0,0,"settings/itemflav/grx_currency/credits.rpak",600
1915,1916,36000,"settings/itemflav/grx_currency/credits.rpak",600
1916,1917,36000,"settings/itemflav/pack/cosmetic_rare.rpak",1
0,0,0,"settings/itemflav/grx_currency/credits.rpak",600
1917,1918,36000,"settings/itemflav/grx_currency/credits.rpak",600
1918,1919,36000,"settings/itemflav/pack/cosmetic_rare.rpak",1
0,0,0,"settings/itemflav/grx_currency/credits.rpak",600
1919,1920,36000,"settings/itemflav/grx_currency/credits.rpak",600
1920,1921,36000,"settings/itemflav/pack/cosmetic_rare.rpak",1
0,0,0,"settings/itemflav/grx_currency/credits.rpak",600
1921,1922,36000,"settings/itemflav/grx_currency/credits.rpak",600
1922,1923,36000,"settings/itemflav/pack/cosmetic_rare.rpak",1
0,0,0,"settings/itemflav/grx_currency/credits.rpak",600
1923,1924,36000,"settings/itemflav/grx_currency/credits.rpak",600
1924,1925,36000,"settings/itemflav/pack/cosmetic_rare.rpak",1
0,0,0,"settings/itemflav/grx_currency/credits.rpak",600
1925,1926,36000,"settings/itemflav/grx_currency/credits.rpak",600
1926,1927,36000,"settings/itemflav/pack/cosmetic_rare.rpak",1
0,0,0,"settings/itemflav/grx_currency/credits.rpak",600
1927,1928,36000,"settings/itemflav/grx_currency/credits.rpak",600
1928,1929,36000,"settings/itemflav/pack/cosmetic_rare.rpak",1
0,0,0,"settings/itemflav/grx_currency/credits.rpak",600
1929,1930,36000,"settings/itemflav/grx_currency/credits.rpak",600
1930,1931,36000,"settings/itemflav/pack/cosmetic_rare.rpak",1
0,0,0,"settings/itemflav/grx_currency/credits.rpak",600
1931,1932,36000,"settings/itemflav/grx_currency/credits.rpak",600
1932,1933,36000,"settings/itemflav/pack/cosmetic_rare.rpak",1
0,0,0,"settings/itemflav/grx_currency/credits.rpak",600
1933,1934,36000,"settings/itemflav/grx_currency/credits.rpak",600
1934,1935,36000,"settings/itemflav/pack/cosmetic_rare.rpak",1
0,0,0,"settings/itemflav/grx_currency/credits.rpak",600
1935,1936,36000,"settings/itemflav/grx_currency/credits.rpak",600
1936,1937,36000,"settings/itemflav/pack/cosmetic_rare.rpak",1
0,0,0,"settings/itemflav/grx_currency/credits.rpak",600
1937,1938,36000,"settings/itemflav/grx_currency/credits.rpak",600
1938,1939,36000,"settings/itemflav/pack/cosmetic_rare.rpak",1
0,0,0,"settings/itemflav/grx_currency/credits.rpak",600
1939,1940,36000,"settings/itemflav/grx_currency/credits.rpak",600
1940,1941,36000,"settings/itemflav/pack/cosmetic_rare.rpak",1
0,0,0,"settings/itemflav/grx_currency/credits.rpak",600
1941,1942,36000,"settings/itemflav/grx_currency/credits.rpak",600
1942,1943,36000,"settings/itemflav/pack/cosmetic_rare.rpak",1
0,0,0,"settings/itemflav/grx_currency/credits.rpak",600
1943,1944,36000,"settings/itemflav/grx_currency/credits.rpak",600
1944,1945,36000,"settings/itemflav/pack/cosmetic_rare.rpak",1
0,0,0,"settings/itemflav/grx_currency/credits.rpak",600
1945,1946,36000,"settings/itemflav/grx_currency/credits.rpak",600
1946,1947,36000,"settings/itemflav/pack/cosmetic_rare.rpak",1
0,0,0,"settings/itemflav/grx_currency/credits.rpak",600
1947,1948,36000,"settings/itemflav/grx_currency/credits.rpak",600
1948,1949,36000,"settings/itemflav/pack/cosmetic_rare.rpak",1
0,0,0,"settings/itemflav/grx_currency/credits.rpak",600
1949,1950,36000,"settings/itemflav/grx_currency/credits.rpak",600
1950,1951,36000,"settings/itemflav/pack/cosmetic_rare.rpak",1
0,0,0,"settings/itemflav/grx_currency/credits.rpak",600
1951,1952,36000,"settings/itemflav/grx_currency/credits.rpak",600
1952,1953,36000,"settings/itemflav/pack/cosmetic_rare.rpak",1
0,0,0,"settings/itemflav/grx_currency/credits.rpak",600
1953,1954,36000,"settings/itemflav/grx_currency/credits.rpak",600
1954,1955,36000,"settings/itemflav/pack/cosmetic_rare.rpak",1
0,0,0,"settings/itemflav/grx_currency/credits.rpak",600
1955,1956,36000,"settings/itemflav/grx_currency/credits.rpak",600
1956,1957,36000,"settings/itemflav/pack/cosmetic_rare.rpak",1
0,0,0,"settings/itemflav/grx_currency/credits.rpak",600
1957,1958,36000,"settings/itemflav/grx_currency/credits.rpak",600
1958,1959,36000,"settings/itemflav/pack/cosmetic_rare.rpak",1
0,0,0,"settings/itemflav/grx_currency/credits.rpak",600
1959,1960,36000,"settings/itemflav/grx_currency/credits.rpak",600
1960,1961,36000,"settings/itemflav/pack/cosmetic_rare.rpak",1
0,0,0,"settings/itemflav/grx_currency/credits.rpak",600
1961,1962,36000,"settings/itemflav/grx_currency/credits.rpak",600
1962,1963,36000,"settings/itemflav/pack/cosmetic_rare.rpak",1
0,0,0,"settings/itemflav/grx_currency/credits.rpak",600
1963,1964,36000,"settings/itemflav/grx_currency/credits.rpak",600
1964,1965,36000,"settings/itemflav/pack/cosmetic_rare.rpak",1
0,0,0,"settings/itemflav/grx_currency/credits.rpak",600
1965,1966,36000,"settings/itemflav/grx_currency/credits.rpak",600
1966,1967,36000,"settings/itemflav/pack/cosmetic_rare.rpak",1
0,0,0,"settings/itemflav/grx_currency/credits.rpak",600
1967,1968,36000,"settings/itemflav/grx_currency/credits.rpak",600
1968,1969,36000,"settings/itemflav/pack/cosmetic_rare.rpak",1
0,0,0,"settings/itemflav/grx_currency/credits.rpak",600
1969,1970,36000,"settings/itemflav/grx_currency/credits.rpak",600
1970,1971,36000,"settings/itemflav/pack/cosmetic_rare.rpak",1
0,0,0,"settings/itemflav/grx_currency/credits.rpak",600
1971,1972,36000,"settings/itemflav/grx_currency/credits.rpak",600
1972,1973,36000,"settings/itemflav/pack/cosmetic_rare.rpak",1
0,0,0,"settings/itemflav/grx_currency/credits.rpak",600
1973,1974,36000,"settings/itemflav/grx_currency/credits.rpak",600
1974,1975,36000,"settings/itemflav/pack/cosmetic_rare.rpak",1
0,0,0,"settings/itemflav/grx_currency/credits.rpak",600
1975,1976,36000,"settings/itemflav/grx_currency/credits.rpak",600
1976,1977,36000,"settings/itemflav/pack/cosmetic_rare.rpak",1
0,0,0,"settings/itemflav/grx_currency/credits.rpak",600
1977,1978,36000,"settings/itemflav/grx_currency/credits.rpak",600
1978,1979,36000,"settings/itemflav/pack/cosmetic_rare.rpak",1
0,0,0,"settings/itemflav/grx_currency/credits.rpak",600
1979,1980,36000,"settings/itemflav/grx_currency/credits.rpak",600
1980,1981,36000,"settings/itemflav/pack/cosmetic_rare.rpak",1
0,0,0,"settings/itemflav/grx_currency/credits.rpak",600
1981,1982,36000,"settings/itemflav/grx_currency/credits.rpak",600
1982,1983,36000,"settings/itemflav/pack/cosmetic_rare.rpak",1
0,0,0,"settings/itemflav/grx_currency/credits.rpak",600
1983,1984,36000,"settings/itemflav/grx_currency/credits.rpak",600
1984,1985,36000,"settings/itemflav/pack/cosmetic_rare.rpak",1
0,0,0,"settings/itemflav/grx_currency/credits.rpak",600
1985,1986,36000,"settings/itemflav/grx_currency/credits.rpak",600
1986,1987,36000,"settings/itemflav/pack/cosmetic_rare.rpak",1
0,0,0,"settings/itemflav/grx_currency/credits.rpak",600
1987,1988,36000,"settings/itemflav/grx_currency/credits.rpak",600
1988,1989,36000,"settings/itemflav/pack/cosmetic_rare.rpak",1
0,0,0,"settings/itemflav/grx_currency/credits.rpak",600
1989,1990,36000,"settings/itemflav/grx_currency/credits.rpak",600
1990,1991,36000,"settings/itemflav/pack/cosmetic_rare.rpak",1
0,0,0,"settings/itemflav/grx_currency/credits.rpak",600
1991,1992,36000,"settings/itemflav/grx_currency/credits.rpak",600
1992,1993,36000,"settings/itemflav/pack/cosmetic_rare.rpak",1
0,0,0,"settings/itemflav/grx_currency/credits.rpak",600
1993,1994,36000,"settings/itemflav/grx_currency/credits.rpak",600
1994,1995,36000,"settings/itemflav/pack/cosmetic_rare.rpak",1
0,0,0,"settings/itemflav/grx_currency/credits.rpak",600
1995,1996,36000,"settings/itemflav/grx_currency/credits.rpak",600
1996,1997,36000,"settings/itemflav/pack/cosmetic_rare.rpak",1
0,0,0,"settings/itemflav/grx_currency/credits.rpak",600
1997,1998,36000,"settings/itemflav/grx_currency/credits.rpak",600
1998,1999,36000,"settings/itemflav/pack/cosmetic_rare.rpak",1
0,0,0,"settings/itemflav/grx_currency/credits.rpak",600
0,0,0,"settings/itemflav/weapon_charm/charm_apex_asset_v21_misc_playerlevel03.rpak",1
1999,2000,18000,"settings/itemflav/grx_currency/credits.rpak",600
"int","int","int","asset","int"